
/home/student/1dt301/flash_light_task3/build/FlashLEDsSDK.elf:     file format elf32-littlearm

Sections:
Idx Name          Size      VMA       LMA       File off  Algn
  0 .boot2        00000100  10000000  10000000  00001000  2**0
                  CONTENTS, ALLOC, LOAD, READONLY, CODE
  1 .text         000021e8  10000100  10000100  00001100  2**3
                  CONTENTS, ALLOC, LOAD, READONLY, CODE
  2 .rodata       000000b0  100022e8  100022e8  000032e8  2**2
                  CONTENTS, ALLOC, LOAD, READONLY, DATA
  3 .binary_info  0000001c  10002398  10002398  00003398  2**2
                  CONTENTS, ALLOC, LOAD, DATA
  4 .ram_vector_table 000000c0  20000000  20000000  0000422c  2**2
                  CONTENTS
  5 .data         0000016c  200000c0  100023b4  000040c0  2**4
                  CONTENTS, ALLOC, LOAD, CODE
  6 .uninitialized_data 00000000  2000022c  2000022c  000042ec  2**0
                  CONTENTS
  7 .scratch_x    00000000  20040000  20040000  000042ec  2**0
                  CONTENTS
  8 .scratch_y    00000000  20041000  20041000  000042ec  2**0
                  CONTENTS
  9 .bss          000003cc  20000230  20000230  00004230  2**3
                  ALLOC
 10 .heap         00000800  200005fc  200005fc  000042ec  2**2
                  CONTENTS, READONLY
 11 .stack_dummy  00000800  20041000  20041000  00004b00  2**5
                  CONTENTS, READONLY
 12 .ARM.attributes 00000028  00000000  00000000  00005300  2**0
                  CONTENTS, READONLY
 13 .comment      0000009f  00000000  00000000  00005328  2**0
                  CONTENTS, READONLY
 14 .debug_line   00000222  00000000  00000000  000053c7  2**0
                  CONTENTS, READONLY, DEBUGGING, OCTETS
 15 .debug_info   00000999  00000000  00000000  000055e9  2**0
                  CONTENTS, READONLY, DEBUGGING, OCTETS
 16 .debug_abbrev 000001fc  00000000  00000000  00005f82  2**0
                  CONTENTS, READONLY, DEBUGGING, OCTETS
 17 .debug_aranges 00000040  00000000  00000000  00006180  2**3
                  CONTENTS, READONLY, DEBUGGING, OCTETS
 18 .debug_str    00000613  00000000  00000000  000061c0  2**0
                  CONTENTS, READONLY, DEBUGGING, OCTETS
 19 .debug_loc    000000a3  00000000  00000000  000067d3  2**0
                  CONTENTS, READONLY, DEBUGGING, OCTETS
 20 .debug_frame  00000028  00000000  00000000  00006878  2**2
                  CONTENTS, READONLY, DEBUGGING, OCTETS

/home/student/1dt301/flash_light_task3/build/FlashLEDsSDK.elf:     file format elf32-littlearm


Disassembly of section .boot2:

10000000 <__boot2_start__>:
10000000:	4b32b500 	.word	0x4b32b500
10000004:	60582021 	.word	0x60582021
10000008:	21026898 	.word	0x21026898
1000000c:	60984388 	.word	0x60984388
10000010:	611860d8 	.word	0x611860d8
10000014:	4b2e6158 	.word	0x4b2e6158
10000018:	60992100 	.word	0x60992100
1000001c:	61592102 	.word	0x61592102
10000020:	22f02101 	.word	0x22f02101
10000024:	492b5099 	.word	0x492b5099
10000028:	21016019 	.word	0x21016019
1000002c:	20356099 	.word	0x20356099
10000030:	f844f000 	.word	0xf844f000
10000034:	42902202 	.word	0x42902202
10000038:	2106d014 	.word	0x2106d014
1000003c:	f0006619 	.word	0xf0006619
10000040:	6e19f834 	.word	0x6e19f834
10000044:	66192101 	.word	0x66192101
10000048:	66182000 	.word	0x66182000
1000004c:	f000661a 	.word	0xf000661a
10000050:	6e19f82c 	.word	0x6e19f82c
10000054:	6e196e19 	.word	0x6e196e19
10000058:	f0002005 	.word	0xf0002005
1000005c:	2101f82f 	.word	0x2101f82f
10000060:	d1f94208 	.word	0xd1f94208
10000064:	60992100 	.word	0x60992100
10000068:	6019491b 	.word	0x6019491b
1000006c:	60592100 	.word	0x60592100
10000070:	481b491a 	.word	0x481b491a
10000074:	21016001 	.word	0x21016001
10000078:	21eb6099 	.word	0x21eb6099
1000007c:	21a06619 	.word	0x21a06619
10000080:	f0006619 	.word	0xf0006619
10000084:	2100f812 	.word	0x2100f812
10000088:	49166099 	.word	0x49166099
1000008c:	60014814 	.word	0x60014814
10000090:	60992101 	.word	0x60992101
10000094:	2800bc01 	.word	0x2800bc01
10000098:	4700d000 	.word	0x4700d000
1000009c:	49134812 	.word	0x49134812
100000a0:	c8036008 	.word	0xc8036008
100000a4:	8808f380 	.word	0x8808f380
100000a8:	b5034708 	.word	0xb5034708
100000ac:	20046a99 	.word	0x20046a99
100000b0:	d0fb4201 	.word	0xd0fb4201
100000b4:	42012001 	.word	0x42012001
100000b8:	bd03d1f8 	.word	0xbd03d1f8
100000bc:	6618b502 	.word	0x6618b502
100000c0:	f7ff6618 	.word	0xf7ff6618
100000c4:	6e18fff2 	.word	0x6e18fff2
100000c8:	bd026e18 	.word	0xbd026e18
100000cc:	40020000 	.word	0x40020000
100000d0:	18000000 	.word	0x18000000
100000d4:	00070000 	.word	0x00070000
100000d8:	005f0300 	.word	0x005f0300
100000dc:	00002221 	.word	0x00002221
100000e0:	180000f4 	.word	0x180000f4
100000e4:	a0002022 	.word	0xa0002022
100000e8:	10000100 	.word	0x10000100
100000ec:	e000ed08 	.word	0xe000ed08
	...
100000fc:	7a4eb274 	.word	0x7a4eb274

Disassembly of section .text:

10000100 <__VECTOR_TABLE>:
10000100:	20042000 	.word	0x20042000
10000104:	100001f7 	.word	0x100001f7
10000108:	100001c3 	.word	0x100001c3
1000010c:	100001c5 	.word	0x100001c5
10000110:	100001c1 	.word	0x100001c1
10000114:	100001c1 	.word	0x100001c1
10000118:	100001c1 	.word	0x100001c1
1000011c:	100001c1 	.word	0x100001c1
10000120:	100001c1 	.word	0x100001c1
10000124:	100001c1 	.word	0x100001c1
10000128:	100001c1 	.word	0x100001c1
1000012c:	100001c7 	.word	0x100001c7
10000130:	100001c1 	.word	0x100001c1
10000134:	100001c1 	.word	0x100001c1
10000138:	100001c9 	.word	0x100001c9
1000013c:	100001cb 	.word	0x100001cb
10000140:	100001cd 	.word	0x100001cd
10000144:	100001cd 	.word	0x100001cd
10000148:	100001cd 	.word	0x100001cd
1000014c:	100001cd 	.word	0x100001cd
10000150:	100001cd 	.word	0x100001cd
10000154:	100001cd 	.word	0x100001cd
10000158:	100001cd 	.word	0x100001cd
1000015c:	100001cd 	.word	0x100001cd
10000160:	100001cd 	.word	0x100001cd
10000164:	100001cd 	.word	0x100001cd
10000168:	100001cd 	.word	0x100001cd
1000016c:	100001cd 	.word	0x100001cd
10000170:	100001cd 	.word	0x100001cd
10000174:	100001cd 	.word	0x100001cd
10000178:	100001cd 	.word	0x100001cd
1000017c:	100001cd 	.word	0x100001cd
10000180:	100001cd 	.word	0x100001cd
10000184:	100001cd 	.word	0x100001cd
10000188:	100001cd 	.word	0x100001cd
1000018c:	100001cd 	.word	0x100001cd
10000190:	100001cd 	.word	0x100001cd
10000194:	100001cd 	.word	0x100001cd
10000198:	100001cd 	.word	0x100001cd
1000019c:	100001cd 	.word	0x100001cd
100001a0:	100001cd 	.word	0x100001cd
100001a4:	100001cd 	.word	0x100001cd
100001a8:	100001cd 	.word	0x100001cd
100001ac:	100001cd 	.word	0x100001cd
100001b0:	100001cd 	.word	0x100001cd
100001b4:	100001cd 	.word	0x100001cd
100001b8:	100001cd 	.word	0x100001cd
100001bc:	100001cd 	.word	0x100001cd

100001c0 <isr_invalid>:
100001c0:	be00      	bkpt	0x0000

100001c2 <isr_nmi>:
100001c2:	be00      	bkpt	0x0000

100001c4 <isr_hardfault>:
100001c4:	be00      	bkpt	0x0000

100001c6 <isr_svcall>:
100001c6:	be00      	bkpt	0x0000

100001c8 <isr_pendsv>:
100001c8:	be00      	bkpt	0x0000

100001ca <isr_systick>:
100001ca:	be00      	bkpt	0x0000

100001cc <__unhandled_user_irq>:
100001cc:	f000 f84b 	bl	10000266 <__get_current_exception>
100001d0:	3810      	subs	r0, #16

100001d2 <unhandled_user_irq_num_in_r0>:
100001d2:	be00      	bkpt	0x0000

100001d4 <binary_info_header>:
100001d4:	7188ebf2 	.word	0x7188ebf2
100001d8:	10002398 	.word	0x10002398
100001dc:	100023b4 	.word	0x100023b4
100001e0:	10000234 	.word	0x10000234
100001e4:	e71aa390 	.word	0xe71aa390

100001e8 <_entry_point>:
100001e8:	2000      	movs	r0, #0
100001ea:	4921      	ldr	r1, [pc, #132]	; (10000270 <__get_current_exception+0xa>)
100001ec:	6008      	str	r0, [r1, #0]
100001ee:	c806      	ldmia	r0!, {r1, r2}
100001f0:	f381 8808 	msr	MSP, r1
100001f4:	4710      	bx	r2

100001f6 <_reset_handler>:
100001f6:	481f      	ldr	r0, [pc, #124]	; (10000274 <__get_current_exception+0xe>)
100001f8:	6800      	ldr	r0, [r0, #0]
100001fa:	2800      	cmp	r0, #0
100001fc:	d12f      	bne.n	1000025e <hold_non_core0_in_bootrom>
100001fe:	a40d      	add	r4, pc, #52	; (adr r4, 10000234 <data_cpy_table>)
10000200:	cc0e      	ldmia	r4!, {r1, r2, r3}
10000202:	2900      	cmp	r1, #0
10000204:	d002      	beq.n	1000020c <_reset_handler+0x16>
10000206:	f000 f812 	bl	1000022e <data_cpy>
1000020a:	e7f9      	b.n	10000200 <_reset_handler+0xa>
1000020c:	491a      	ldr	r1, [pc, #104]	; (10000278 <__get_current_exception+0x12>)
1000020e:	4a1b      	ldr	r2, [pc, #108]	; (1000027c <__get_current_exception+0x16>)
10000210:	2000      	movs	r0, #0
10000212:	e000      	b.n	10000216 <bss_fill_test>

10000214 <bss_fill_loop>:
10000214:	c101      	stmia	r1!, {r0}

10000216 <bss_fill_test>:
10000216:	4291      	cmp	r1, r2
10000218:	d1fc      	bne.n	10000214 <bss_fill_loop>

1000021a <platform_entry>:
1000021a:	4919      	ldr	r1, [pc, #100]	; (10000280 <__get_current_exception+0x1a>)
1000021c:	4788      	blx	r1
1000021e:	4919      	ldr	r1, [pc, #100]	; (10000284 <__get_current_exception+0x1e>)
10000220:	4788      	blx	r1
10000222:	4919      	ldr	r1, [pc, #100]	; (10000288 <__get_current_exception+0x22>)
10000224:	4788      	blx	r1
10000226:	be00      	bkpt	0x0000
10000228:	e7fd      	b.n	10000226 <platform_entry+0xc>

1000022a <data_cpy_loop>:
1000022a:	c901      	ldmia	r1!, {r0}
1000022c:	c201      	stmia	r2!, {r0}

1000022e <data_cpy>:
1000022e:	429a      	cmp	r2, r3
10000230:	d3fb      	bcc.n	1000022a <data_cpy_loop>
10000232:	4770      	bx	lr

10000234 <data_cpy_table>:
10000234:	100023b4 	.word	0x100023b4
10000238:	200000c0 	.word	0x200000c0
1000023c:	2000022c 	.word	0x2000022c
10000240:	10002520 	.word	0x10002520
10000244:	20040000 	.word	0x20040000
10000248:	20040000 	.word	0x20040000
1000024c:	10002520 	.word	0x10002520
10000250:	20041000 	.word	0x20041000
10000254:	20041000 	.word	0x20041000
10000258:	00000000 	.word	0x00000000
1000025c:	4770      	bx	lr

1000025e <hold_non_core0_in_bootrom>:
1000025e:	480b      	ldr	r0, [pc, #44]	; (1000028c <__get_current_exception+0x26>)
10000260:	f001 fd66 	bl	10001d30 <rom_func_lookup>
10000264:	4700      	bx	r0

10000266 <__get_current_exception>:
10000266:	f3ef 8005 	mrs	r0, IPSR
1000026a:	b2c0      	uxtb	r0, r0
1000026c:	4770      	bx	lr
1000026e:	0000      	.short	0x0000
10000270:	e000ed08 	.word	0xe000ed08
10000274:	d0000000 	.word	0xd0000000
10000278:	20000230 	.word	0x20000230
1000027c:	200005fc 	.word	0x200005fc
10000280:	1000180d 	.word	0x1000180d
10000284:	1000035d 	.word	0x1000035d
10000288:	10001901 	.word	0x10001901
1000028c:	00005657 	.word	0x00005657

10000290 <__bi_50>:
10000290:	50520006 5360b3ab 10002368              ..RP..`Sh#..

1000029c <__bi_38>:
1000029c:	50520006 02031c86 10002378              ..RP....x#..

100002a8 <__bi_30>:
100002a8:	50520006 9da22254 10002388              ..RPT"...#..

100002b4 <__bi_22>:
100002b4:	50520005 68f465de 10002520              ..RP.e.h %..

100002c0 <_init>:
100002c0:	b5f8      	push	{r3, r4, r5, r6, r7, lr}
100002c2:	46c0      	nop			; (mov r8, r8)

100002c4 <deregister_tm_clones>:
100002c4:	4804      	ldr	r0, [pc, #16]	; (100002d8 <deregister_tm_clones+0x14>)
100002c6:	4b05      	ldr	r3, [pc, #20]	; (100002dc <deregister_tm_clones+0x18>)
100002c8:	b510      	push	{r4, lr}
100002ca:	4283      	cmp	r3, r0
100002cc:	d003      	beq.n	100002d6 <deregister_tm_clones+0x12>
100002ce:	4b04      	ldr	r3, [pc, #16]	; (100002e0 <deregister_tm_clones+0x1c>)
100002d0:	2b00      	cmp	r3, #0
100002d2:	d000      	beq.n	100002d6 <deregister_tm_clones+0x12>
100002d4:	4798      	blx	r3
100002d6:	bd10      	pop	{r4, pc}
100002d8:	2000022c 	.word	0x2000022c
100002dc:	2000022c 	.word	0x2000022c
100002e0:	00000000 	.word	0x00000000

100002e4 <register_tm_clones>:
100002e4:	4806      	ldr	r0, [pc, #24]	; (10000300 <register_tm_clones+0x1c>)
100002e6:	4907      	ldr	r1, [pc, #28]	; (10000304 <register_tm_clones+0x20>)
100002e8:	1a09      	subs	r1, r1, r0
100002ea:	1089      	asrs	r1, r1, #2
100002ec:	0fcb      	lsrs	r3, r1, #31
100002ee:	1859      	adds	r1, r3, r1
100002f0:	b510      	push	{r4, lr}
100002f2:	1049      	asrs	r1, r1, #1
100002f4:	d003      	beq.n	100002fe <register_tm_clones+0x1a>
100002f6:	4b04      	ldr	r3, [pc, #16]	; (10000308 <register_tm_clones+0x24>)
100002f8:	2b00      	cmp	r3, #0
100002fa:	d000      	beq.n	100002fe <register_tm_clones+0x1a>
100002fc:	4798      	blx	r3
100002fe:	bd10      	pop	{r4, pc}
10000300:	2000022c 	.word	0x2000022c
10000304:	2000022c 	.word	0x2000022c
10000308:	00000000 	.word	0x00000000

1000030c <__do_global_dtors_aux>:
1000030c:	b510      	push	{r4, lr}
1000030e:	4c07      	ldr	r4, [pc, #28]	; (1000032c <__do_global_dtors_aux+0x20>)
10000310:	7823      	ldrb	r3, [r4, #0]
10000312:	2b00      	cmp	r3, #0
10000314:	d109      	bne.n	1000032a <__do_global_dtors_aux+0x1e>
10000316:	f7ff ffd5 	bl	100002c4 <deregister_tm_clones>
1000031a:	4b05      	ldr	r3, [pc, #20]	; (10000330 <__do_global_dtors_aux+0x24>)
1000031c:	2b00      	cmp	r3, #0
1000031e:	d002      	beq.n	10000326 <__do_global_dtors_aux+0x1a>
10000320:	4804      	ldr	r0, [pc, #16]	; (10000334 <__do_global_dtors_aux+0x28>)
10000322:	e000      	b.n	10000326 <__do_global_dtors_aux+0x1a>
10000324:	bf00      	nop
10000326:	2301      	movs	r3, #1
10000328:	7023      	strb	r3, [r4, #0]
1000032a:	bd10      	pop	{r4, pc}
1000032c:	20000330 	.word	0x20000330
10000330:	00000000 	.word	0x00000000
10000334:	100022e8 	.word	0x100022e8

10000338 <frame_dummy>:
10000338:	4b05      	ldr	r3, [pc, #20]	; (10000350 <frame_dummy+0x18>)
1000033a:	b510      	push	{r4, lr}
1000033c:	2b00      	cmp	r3, #0
1000033e:	d003      	beq.n	10000348 <frame_dummy+0x10>
10000340:	4904      	ldr	r1, [pc, #16]	; (10000354 <frame_dummy+0x1c>)
10000342:	4805      	ldr	r0, [pc, #20]	; (10000358 <frame_dummy+0x20>)
10000344:	e000      	b.n	10000348 <frame_dummy+0x10>
10000346:	bf00      	nop
10000348:	f7ff ffcc 	bl	100002e4 <register_tm_clones>
1000034c:	bd10      	pop	{r4, pc}
1000034e:	46c0      	nop			; (mov r8, r8)
10000350:	00000000 	.word	0x00000000
10000354:	20000334 	.word	0x20000334
10000358:	100022e8 	.word	0x100022e8

1000035c <main>:
1000035c:	2000      	movs	r0, #0
1000035e:	f000 f8a1 	bl	100004a4 <gpio_init>
10000362:	2000      	movs	r0, #0
10000364:	2101      	movs	r1, #1
10000366:	f000 f889 	bl	1000047c <link_gpio_set_dir>
1000036a:	2001      	movs	r0, #1
1000036c:	f000 f89a 	bl	100004a4 <gpio_init>
10000370:	2001      	movs	r0, #1
10000372:	2101      	movs	r1, #1
10000374:	f000 f882 	bl	1000047c <link_gpio_set_dir>
10000378:	2002      	movs	r0, #2
1000037a:	f000 f893 	bl	100004a4 <gpio_init>
1000037e:	2002      	movs	r0, #2
10000380:	2101      	movs	r1, #1
10000382:	f000 f87b 	bl	1000047c <link_gpio_set_dir>

10000386 <loop>:
10000386:	2000      	movs	r0, #0
10000388:	2100      	movs	r1, #0
1000038a:	f000 f881 	bl	10000490 <link_gpio_put>
1000038e:	2001      	movs	r0, #1
10000390:	2100      	movs	r1, #0
10000392:	f000 f87d 	bl	10000490 <link_gpio_put>
10000396:	2002      	movs	r0, #2
10000398:	2100      	movs	r1, #0
1000039a:	f000 f879 	bl	10000490 <link_gpio_put>
1000039e:	4836      	ldr	r0, [pc, #216]	; (10000478 <loop+0xf2>)
100003a0:	f000 fd7a 	bl	10000e98 <sleep_ms>
100003a4:	2000      	movs	r0, #0
100003a6:	2101      	movs	r1, #1
100003a8:	f000 f872 	bl	10000490 <link_gpio_put>
100003ac:	2001      	movs	r0, #1
100003ae:	2100      	movs	r1, #0
100003b0:	f000 f86e 	bl	10000490 <link_gpio_put>
100003b4:	2002      	movs	r0, #2
100003b6:	2100      	movs	r1, #0
100003b8:	f000 f86a 	bl	10000490 <link_gpio_put>
100003bc:	482e      	ldr	r0, [pc, #184]	; (10000478 <loop+0xf2>)
100003be:	f000 fd6b 	bl	10000e98 <sleep_ms>
100003c2:	2000      	movs	r0, #0
100003c4:	2100      	movs	r1, #0
100003c6:	f000 f863 	bl	10000490 <link_gpio_put>
100003ca:	2001      	movs	r0, #1
100003cc:	2101      	movs	r1, #1
100003ce:	f000 f85f 	bl	10000490 <link_gpio_put>
100003d2:	2002      	movs	r0, #2
100003d4:	2100      	movs	r1, #0
100003d6:	f000 f85b 	bl	10000490 <link_gpio_put>
100003da:	4827      	ldr	r0, [pc, #156]	; (10000478 <loop+0xf2>)
100003dc:	f000 fd5c 	bl	10000e98 <sleep_ms>
100003e0:	2000      	movs	r0, #0
100003e2:	2101      	movs	r1, #1
100003e4:	f000 f854 	bl	10000490 <link_gpio_put>
100003e8:	2001      	movs	r0, #1
100003ea:	2101      	movs	r1, #1
100003ec:	f000 f850 	bl	10000490 <link_gpio_put>
100003f0:	2002      	movs	r0, #2
100003f2:	2100      	movs	r1, #0
100003f4:	f000 f84c 	bl	10000490 <link_gpio_put>
100003f8:	481f      	ldr	r0, [pc, #124]	; (10000478 <loop+0xf2>)
100003fa:	f000 fd4d 	bl	10000e98 <sleep_ms>
100003fe:	2000      	movs	r0, #0
10000400:	2100      	movs	r1, #0
10000402:	f000 f845 	bl	10000490 <link_gpio_put>
10000406:	2001      	movs	r0, #1
10000408:	2100      	movs	r1, #0
1000040a:	f000 f841 	bl	10000490 <link_gpio_put>
1000040e:	2002      	movs	r0, #2
10000410:	2101      	movs	r1, #1
10000412:	f000 f83d 	bl	10000490 <link_gpio_put>
10000416:	4818      	ldr	r0, [pc, #96]	; (10000478 <loop+0xf2>)
10000418:	f000 fd3e 	bl	10000e98 <sleep_ms>
1000041c:	2000      	movs	r0, #0
1000041e:	2101      	movs	r1, #1
10000420:	f000 f836 	bl	10000490 <link_gpio_put>
10000424:	2001      	movs	r0, #1
10000426:	2100      	movs	r1, #0
10000428:	f000 f832 	bl	10000490 <link_gpio_put>
1000042c:	2002      	movs	r0, #2
1000042e:	2101      	movs	r1, #1
10000430:	f000 f82e 	bl	10000490 <link_gpio_put>
10000434:	4810      	ldr	r0, [pc, #64]	; (10000478 <loop+0xf2>)
10000436:	f000 fd2f 	bl	10000e98 <sleep_ms>
1000043a:	2000      	movs	r0, #0
1000043c:	2100      	movs	r1, #0
1000043e:	f000 f827 	bl	10000490 <link_gpio_put>
10000442:	2001      	movs	r0, #1
10000444:	2101      	movs	r1, #1
10000446:	f000 f823 	bl	10000490 <link_gpio_put>
1000044a:	2002      	movs	r0, #2
1000044c:	2101      	movs	r1, #1
1000044e:	f000 f81f 	bl	10000490 <link_gpio_put>
10000452:	4809      	ldr	r0, [pc, #36]	; (10000478 <loop+0xf2>)
10000454:	f000 fd20 	bl	10000e98 <sleep_ms>
10000458:	2000      	movs	r0, #0
1000045a:	2101      	movs	r1, #1
1000045c:	f000 f818 	bl	10000490 <link_gpio_put>
10000460:	2001      	movs	r0, #1
10000462:	2101      	movs	r1, #1
10000464:	f000 f814 	bl	10000490 <link_gpio_put>
10000468:	2002      	movs	r0, #2
1000046a:	2101      	movs	r1, #1
1000046c:	f000 f810 	bl	10000490 <link_gpio_put>
10000470:	4801      	ldr	r0, [pc, #4]	; (10000478 <loop+0xf2>)
10000472:	f000 fd11 	bl	10000e98 <sleep_ms>
10000476:	e786      	b.n	10000386 <loop>
10000478:	000003e8 	.word	0x000003e8

1000047c <link_gpio_set_dir>:
1000047c:	2301      	movs	r3, #1
1000047e:	22d0      	movs	r2, #208	; 0xd0
10000480:	4083      	lsls	r3, r0
10000482:	0612      	lsls	r2, r2, #24
10000484:	2900      	cmp	r1, #0
10000486:	d001      	beq.n	1000048c <link_gpio_set_dir+0x10>
10000488:	6253      	str	r3, [r2, #36]	; 0x24
1000048a:	4770      	bx	lr
1000048c:	6293      	str	r3, [r2, #40]	; 0x28
1000048e:	e7fc      	b.n	1000048a <link_gpio_set_dir+0xe>

10000490 <link_gpio_put>:
10000490:	2301      	movs	r3, #1
10000492:	22d0      	movs	r2, #208	; 0xd0
10000494:	4083      	lsls	r3, r0
10000496:	0612      	lsls	r2, r2, #24
10000498:	2900      	cmp	r1, #0
1000049a:	d001      	beq.n	100004a0 <link_gpio_put+0x10>
1000049c:	6153      	str	r3, [r2, #20]
1000049e:	4770      	bx	lr
100004a0:	6193      	str	r3, [r2, #24]
100004a2:	e7fc      	b.n	1000049e <link_gpio_put+0xe>

100004a4 <gpio_init>:
100004a4:	2301      	movs	r3, #1
100004a6:	22d0      	movs	r2, #208	; 0xd0
100004a8:	4083      	lsls	r3, r0
100004aa:	0612      	lsls	r2, r2, #24
100004ac:	6293      	str	r3, [r2, #40]	; 0x28
100004ae:	6193      	str	r3, [r2, #24]
100004b0:	4a09      	ldr	r2, [pc, #36]	; (100004d8 <gpio_init+0x34>)
100004b2:	0083      	lsls	r3, r0, #2
100004b4:	4694      	mov	ip, r2
100004b6:	2240      	movs	r2, #64	; 0x40
100004b8:	4463      	add	r3, ip
100004ba:	6819      	ldr	r1, [r3, #0]
100004bc:	00c0      	lsls	r0, r0, #3
100004be:	404a      	eors	r2, r1
100004c0:	21c0      	movs	r1, #192	; 0xc0
100004c2:	4011      	ands	r1, r2
100004c4:	2280      	movs	r2, #128	; 0x80
100004c6:	0152      	lsls	r2, r2, #5
100004c8:	4313      	orrs	r3, r2
100004ca:	6019      	str	r1, [r3, #0]
100004cc:	4b03      	ldr	r3, [pc, #12]	; (100004dc <gpio_init+0x38>)
100004ce:	469c      	mov	ip, r3
100004d0:	2305      	movs	r3, #5
100004d2:	4460      	add	r0, ip
100004d4:	6043      	str	r3, [r0, #4]
100004d6:	4770      	bx	lr
100004d8:	4001c004 	.word	0x4001c004
100004dc:	40014000 	.word	0x40014000

100004e0 <hw_claim_or_assert>:
100004e0:	b5f8      	push	{r3, r4, r5, r6, r7, lr}
100004e2:	f3ef 8710 	mrs	r7, PRIMASK
100004e6:	b672      	cpsid	i
100004e8:	4e0d      	ldr	r6, [pc, #52]	; (10000520 <hw_claim_or_assert+0x40>)
100004ea:	6833      	ldr	r3, [r6, #0]
100004ec:	2b00      	cmp	r3, #0
100004ee:	d0fc      	beq.n	100004ea <hw_claim_or_assert+0xa>
100004f0:	f3bf 8f5f 	dmb	sy
100004f4:	2507      	movs	r5, #7
100004f6:	08cb      	lsrs	r3, r1, #3
100004f8:	18c0      	adds	r0, r0, r3
100004fa:	2301      	movs	r3, #1
100004fc:	400d      	ands	r5, r1
100004fe:	40ab      	lsls	r3, r5
10000500:	001d      	movs	r5, r3
10000502:	7804      	ldrb	r4, [r0, #0]
10000504:	4025      	ands	r5, r4
10000506:	d107      	bne.n	10000518 <hw_claim_or_assert+0x38>
10000508:	4323      	orrs	r3, r4
1000050a:	7003      	strb	r3, [r0, #0]
1000050c:	f3bf 8f5f 	dmb	sy
10000510:	6035      	str	r5, [r6, #0]
10000512:	f387 8810 	msr	PRIMASK, r7
10000516:	bdf8      	pop	{r3, r4, r5, r6, r7, pc}
10000518:	0010      	movs	r0, r2
1000051a:	f001 f9f3 	bl	10001904 <panic>
1000051e:	46c0      	nop			; (mov r8, r8)
10000520:	d000012c 	.word	0xd000012c

10000524 <running_on_fpga>:
10000524:	4b02      	ldr	r3, [pc, #8]	; (10000530 <running_on_fpga+0xc>)
10000526:	6818      	ldr	r0, [r3, #0]
10000528:	0780      	lsls	r0, r0, #30
1000052a:	0fc0      	lsrs	r0, r0, #31
1000052c:	4770      	bx	lr
1000052e:	46c0      	nop			; (mov r8, r8)
10000530:	4006c000 	.word	0x4006c000

10000534 <spin_locks_reset>:
10000534:	2100      	movs	r1, #0
10000536:	4b04      	ldr	r3, [pc, #16]	; (10000548 <spin_locks_reset+0x14>)
10000538:	4a04      	ldr	r2, [pc, #16]	; (1000054c <spin_locks_reset+0x18>)
1000053a:	f3bf 8f5f 	dmb	sy
1000053e:	c302      	stmia	r3!, {r1}
10000540:	4293      	cmp	r3, r2
10000542:	d1fa      	bne.n	1000053a <spin_locks_reset+0x6>
10000544:	4770      	bx	lr
10000546:	46c0      	nop			; (mov r8, r8)
10000548:	d0000100 	.word	0xd0000100
1000054c:	d0000180 	.word	0xd0000180

10000550 <next_striped_spin_lock_num>:
10000550:	4a04      	ldr	r2, [pc, #16]	; (10000564 <next_striped_spin_lock_num+0x14>)
10000552:	7810      	ldrb	r0, [r2, #0]
10000554:	1c43      	adds	r3, r0, #1
10000556:	b2db      	uxtb	r3, r3
10000558:	2b17      	cmp	r3, #23
1000055a:	d900      	bls.n	1000055e <next_striped_spin_lock_num+0xe>
1000055c:	2310      	movs	r3, #16
1000055e:	7013      	strb	r3, [r2, #0]
10000560:	4770      	bx	lr
10000562:	46c0      	nop			; (mov r8, r8)
10000564:	2000017c 	.word	0x2000017c

10000568 <irq_set_enabled>:
10000568:	2301      	movs	r3, #1
1000056a:	4083      	lsls	r3, r0
1000056c:	2900      	cmp	r1, #0
1000056e:	d004      	beq.n	1000057a <irq_set_enabled+0x12>
10000570:	4a03      	ldr	r2, [pc, #12]	; (10000580 <irq_set_enabled+0x18>)
10000572:	6013      	str	r3, [r2, #0]
10000574:	4a03      	ldr	r2, [pc, #12]	; (10000584 <irq_set_enabled+0x1c>)
10000576:	6013      	str	r3, [r2, #0]
10000578:	4770      	bx	lr
1000057a:	4a03      	ldr	r2, [pc, #12]	; (10000588 <irq_set_enabled+0x20>)
1000057c:	6013      	str	r3, [r2, #0]
1000057e:	e7fb      	b.n	10000578 <irq_set_enabled+0x10>
10000580:	e000e280 	.word	0xe000e280
10000584:	e000e100 	.word	0xe000e100
10000588:	e000e180 	.word	0xe000e180

1000058c <irq_get_vtable_handler>:
1000058c:	4b02      	ldr	r3, [pc, #8]	; (10000598 <irq_get_vtable_handler+0xc>)
1000058e:	3010      	adds	r0, #16
10000590:	689b      	ldr	r3, [r3, #8]
10000592:	0080      	lsls	r0, r0, #2
10000594:	58c0      	ldr	r0, [r0, r3]
10000596:	4770      	bx	lr
10000598:	e000ed00 	.word	0xe000ed00

1000059c <irq_set_exclusive_handler>:
1000059c:	b570      	push	{r4, r5, r6, lr}
1000059e:	000d      	movs	r5, r1
100005a0:	f3ef 8610 	mrs	r6, PRIMASK
100005a4:	b672      	cpsid	i
100005a6:	4a0f      	ldr	r2, [pc, #60]	; (100005e4 <irq_set_exclusive_handler+0x48>)
100005a8:	6813      	ldr	r3, [r2, #0]
100005aa:	2b00      	cmp	r3, #0
100005ac:	d0fc      	beq.n	100005a8 <irq_set_exclusive_handler+0xc>
100005ae:	f3bf 8f5f 	dmb	sy
100005b2:	4b0d      	ldr	r3, [pc, #52]	; (100005e8 <irq_set_exclusive_handler+0x4c>)
100005b4:	3010      	adds	r0, #16
100005b6:	689b      	ldr	r3, [r3, #8]
100005b8:	0084      	lsls	r4, r0, #2
100005ba:	591b      	ldr	r3, [r3, r4]
100005bc:	4a0b      	ldr	r2, [pc, #44]	; (100005ec <irq_set_exclusive_handler+0x50>)
100005be:	4293      	cmp	r3, r2
100005c0:	d003      	beq.n	100005ca <irq_set_exclusive_handler+0x2e>
100005c2:	429d      	cmp	r5, r3
100005c4:	d001      	beq.n	100005ca <irq_set_exclusive_handler+0x2e>
100005c6:	f001 f9b5 	bl	10001934 <hard_assertion_failure>
100005ca:	4b07      	ldr	r3, [pc, #28]	; (100005e8 <irq_set_exclusive_handler+0x4c>)
100005cc:	689b      	ldr	r3, [r3, #8]
100005ce:	511d      	str	r5, [r3, r4]
100005d0:	f3bf 8f5f 	dmb	sy
100005d4:	f3bf 8f5f 	dmb	sy
100005d8:	2200      	movs	r2, #0
100005da:	4b02      	ldr	r3, [pc, #8]	; (100005e4 <irq_set_exclusive_handler+0x48>)
100005dc:	601a      	str	r2, [r3, #0]
100005de:	f386 8810 	msr	PRIMASK, r6
100005e2:	bd70      	pop	{r4, r5, r6, pc}
100005e4:	d0000124 	.word	0xd0000124
100005e8:	e000ed00 	.word	0xe000ed00
100005ec:	100001cd 	.word	0x100001cd

100005f0 <irq_remove_handler>:
100005f0:	b5f0      	push	{r4, r5, r6, r7, lr}
100005f2:	4645      	mov	r5, r8
100005f4:	46de      	mov	lr, fp
100005f6:	4657      	mov	r7, sl
100005f8:	464e      	mov	r6, r9
100005fa:	b5e0      	push	{r5, r6, r7, lr}
100005fc:	000d      	movs	r5, r1
100005fe:	b083      	sub	sp, #12
10000600:	f3ef 8a10 	mrs	sl, PRIMASK
10000604:	b672      	cpsid	i
10000606:	4a5a      	ldr	r2, [pc, #360]	; (10000770 <irq_remove_handler+0x180>)
10000608:	6813      	ldr	r3, [r2, #0]
1000060a:	2b00      	cmp	r3, #0
1000060c:	d0fc      	beq.n	10000608 <irq_remove_handler+0x18>
1000060e:	f3bf 8f5f 	dmb	sy
10000612:	2210      	movs	r2, #16
10000614:	4691      	mov	r9, r2
10000616:	4481      	add	r9, r0
10000618:	464a      	mov	r2, r9
1000061a:	4b56      	ldr	r3, [pc, #344]	; (10000774 <irq_remove_handler+0x184>)
1000061c:	0096      	lsls	r6, r2, #2
1000061e:	689b      	ldr	r3, [r3, #8]
10000620:	599c      	ldr	r4, [r3, r6]
10000622:	4b55      	ldr	r3, [pc, #340]	; (10000778 <irq_remove_handler+0x188>)
10000624:	4698      	mov	r8, r3
10000626:	429c      	cmp	r4, r3
10000628:	d005      	beq.n	10000636 <irq_remove_handler+0x46>
1000062a:	42ac      	cmp	r4, r5
1000062c:	d016      	beq.n	1000065c <irq_remove_handler+0x6c>
1000062e:	4f53      	ldr	r7, [pc, #332]	; (1000077c <irq_remove_handler+0x18c>)
10000630:	1be3      	subs	r3, r4, r7
10000632:	2b2f      	cmp	r3, #47	; 0x2f
10000634:	d914      	bls.n	10000660 <irq_remove_handler+0x70>
10000636:	4b4f      	ldr	r3, [pc, #316]	; (10000774 <irq_remove_handler+0x184>)
10000638:	689b      	ldr	r3, [r3, #8]
1000063a:	519c      	str	r4, [r3, r6]
1000063c:	f3bf 8f5f 	dmb	sy
10000640:	f3bf 8f5f 	dmb	sy
10000644:	2200      	movs	r2, #0
10000646:	4b4a      	ldr	r3, [pc, #296]	; (10000770 <irq_remove_handler+0x180>)
10000648:	601a      	str	r2, [r3, #0]
1000064a:	f38a 8810 	msr	PRIMASK, sl
1000064e:	b003      	add	sp, #12
10000650:	bc3c      	pop	{r2, r3, r4, r5}
10000652:	4690      	mov	r8, r2
10000654:	4699      	mov	r9, r3
10000656:	46a2      	mov	sl, r4
10000658:	46ab      	mov	fp, r5
1000065a:	bdf0      	pop	{r4, r5, r6, r7, pc}
1000065c:	001c      	movs	r4, r3
1000065e:	e7ea      	b.n	10000636 <irq_remove_handler+0x46>
10000660:	2301      	movs	r3, #1
10000662:	4083      	lsls	r3, r0
10000664:	469b      	mov	fp, r3
10000666:	465a      	mov	r2, fp
10000668:	4b45      	ldr	r3, [pc, #276]	; (10000780 <irq_remove_handler+0x190>)
1000066a:	681b      	ldr	r3, [r3, #0]
1000066c:	401a      	ands	r2, r3
1000066e:	9200      	str	r2, [sp, #0]
10000670:	465a      	mov	r2, fp
10000672:	4b44      	ldr	r3, [pc, #272]	; (10000784 <irq_remove_handler+0x194>)
10000674:	601a      	str	r2, [r3, #0]
10000676:	f3bf 8f5f 	dmb	sy
1000067a:	f7ff fdf4 	bl	10000266 <__get_current_exception>
1000067e:	9001      	str	r0, [sp, #4]
10000680:	2800      	cmp	r0, #0
10000682:	d003      	beq.n	1000068c <irq_remove_handler+0x9c>
10000684:	4581      	cmp	r9, r0
10000686:	d001      	beq.n	1000068c <irq_remove_handler+0x9c>
10000688:	f001 f954 	bl	10001934 <hard_assertion_failure>
1000068c:	2301      	movs	r3, #1
1000068e:	0022      	movs	r2, r4
10000690:	2106      	movs	r1, #6
10000692:	439a      	bics	r2, r3
10000694:	6893      	ldr	r3, [r2, #8]
10000696:	5651      	ldrsb	r1, [r2, r1]
10000698:	429d      	cmp	r5, r3
1000069a:	d10a      	bne.n	100006b2 <irq_remove_handler+0xc2>
1000069c:	e052      	b.n	10000744 <irq_remove_handler+0x154>
1000069e:	004b      	lsls	r3, r1, #1
100006a0:	185b      	adds	r3, r3, r1
100006a2:	2106      	movs	r1, #6
100006a4:	009b      	lsls	r3, r3, #2
100006a6:	18fb      	adds	r3, r7, r3
100006a8:	6898      	ldr	r0, [r3, #8]
100006aa:	5659      	ldrsb	r1, [r3, r1]
100006ac:	42a8      	cmp	r0, r5
100006ae:	d00f      	beq.n	100006d0 <irq_remove_handler+0xe0>
100006b0:	001a      	movs	r2, r3
100006b2:	2900      	cmp	r1, #0
100006b4:	daf3      	bge.n	1000069e <irq_remove_handler+0xae>
100006b6:	9b00      	ldr	r3, [sp, #0]
100006b8:	2b00      	cmp	r3, #0
100006ba:	d005      	beq.n	100006c8 <irq_remove_handler+0xd8>
100006bc:	465a      	mov	r2, fp
100006be:	4b32      	ldr	r3, [pc, #200]	; (10000788 <irq_remove_handler+0x198>)
100006c0:	601a      	str	r2, [r3, #0]
100006c2:	4b2f      	ldr	r3, [pc, #188]	; (10000780 <irq_remove_handler+0x190>)
100006c4:	601a      	str	r2, [r3, #0]
100006c6:	e7b6      	b.n	10000636 <irq_remove_handler+0x46>
100006c8:	465a      	mov	r2, fp
100006ca:	4b2e      	ldr	r3, [pc, #184]	; (10000784 <irq_remove_handler+0x194>)
100006cc:	601a      	str	r2, [r3, #0]
100006ce:	e7b2      	b.n	10000636 <irq_remove_handler+0x46>
100006d0:	2900      	cmp	r1, #0
100006d2:	db21      	blt.n	10000718 <irq_remove_handler+0x128>
100006d4:	004a      	lsls	r2, r1, #1
100006d6:	1850      	adds	r0, r2, r1
100006d8:	0080      	lsls	r0, r0, #2
100006da:	183d      	adds	r5, r7, r0
100006dc:	4680      	mov	r8, r0
100006de:	68a8      	ldr	r0, [r5, #8]
100006e0:	6098      	str	r0, [r3, #8]
100006e2:	79e8      	ldrb	r0, [r5, #7]
100006e4:	71d8      	strb	r0, [r3, #7]
100006e6:	2006      	movs	r0, #6
100006e8:	5628      	ldrsb	r0, [r5, r0]
100006ea:	7198      	strb	r0, [r3, #6]
100006ec:	2800      	cmp	r0, #0
100006ee:	db26      	blt.n	1000073e <irq_remove_handler+0x14e>
100006f0:	88ad      	ldrh	r5, [r5, #4]
100006f2:	1af8      	subs	r0, r7, r3
100006f4:	056d      	lsls	r5, r5, #21
100006f6:	152d      	asrs	r5, r5, #20
100006f8:	4445      	add	r5, r8
100006fa:	1940      	adds	r0, r0, r5
100006fc:	25e0      	movs	r5, #224	; 0xe0
100006fe:	0500      	lsls	r0, r0, #20
10000700:	0d40      	lsrs	r0, r0, #21
10000702:	022d      	lsls	r5, r5, #8
10000704:	4328      	orrs	r0, r5
10000706:	8098      	strh	r0, [r3, #4]
10000708:	1852      	adds	r2, r2, r1
1000070a:	4b20      	ldr	r3, [pc, #128]	; (1000078c <irq_remove_handler+0x19c>)
1000070c:	0092      	lsls	r2, r2, #2
1000070e:	18bf      	adds	r7, r7, r2
10000710:	781a      	ldrb	r2, [r3, #0]
10000712:	7019      	strb	r1, [r3, #0]
10000714:	71ba      	strb	r2, [r7, #6]
10000716:	e7ce      	b.n	100006b6 <irq_remove_handler+0xc6>
10000718:	9901      	ldr	r1, [sp, #4]
1000071a:	2900      	cmp	r1, #0
1000071c:	d118      	bne.n	10000750 <irq_remove_handler+0x160>
1000071e:	2a00      	cmp	r2, #0
10000720:	d023      	beq.n	1000076a <irq_remove_handler+0x17a>
10000722:	31ff      	adds	r1, #255	; 0xff
10000724:	7191      	strb	r1, [r2, #6]
10000726:	491a      	ldr	r1, [pc, #104]	; (10000790 <irq_remove_handler+0x1a0>)
10000728:	8091      	strh	r1, [r2, #4]
1000072a:	4918      	ldr	r1, [pc, #96]	; (1000078c <irq_remove_handler+0x19c>)
1000072c:	780a      	ldrb	r2, [r1, #0]
1000072e:	719a      	strb	r2, [r3, #6]
10000730:	4a18      	ldr	r2, [pc, #96]	; (10000794 <irq_remove_handler+0x1a4>)
10000732:	1bdb      	subs	r3, r3, r7
10000734:	415b      	adcs	r3, r3
10000736:	435a      	muls	r2, r3
10000738:	0d12      	lsrs	r2, r2, #20
1000073a:	700a      	strb	r2, [r1, #0]
1000073c:	e7bb      	b.n	100006b6 <irq_remove_handler+0xc6>
1000073e:	20bd      	movs	r0, #189	; 0xbd
10000740:	0200      	lsls	r0, r0, #8
10000742:	e7e0      	b.n	10000706 <irq_remove_handler+0x116>
10000744:	0013      	movs	r3, r2
10000746:	2900      	cmp	r1, #0
10000748:	dac4      	bge.n	100006d4 <irq_remove_handler+0xe4>
1000074a:	9a01      	ldr	r2, [sp, #4]
1000074c:	2a00      	cmp	r2, #0
1000074e:	d00c      	beq.n	1000076a <irq_remove_handler+0x17a>
10000750:	4a11      	ldr	r2, [pc, #68]	; (10000798 <irq_remove_handler+0x1a8>)
10000752:	4912      	ldr	r1, [pc, #72]	; (1000079c <irq_remove_handler+0x1ac>)
10000754:	1ad2      	subs	r2, r2, r3
10000756:	3a08      	subs	r2, #8
10000758:	0250      	lsls	r0, r2, #9
1000075a:	0d40      	lsrs	r0, r0, #21
1000075c:	4301      	orrs	r1, r0
1000075e:	8099      	strh	r1, [r3, #4]
10000760:	490f      	ldr	r1, [pc, #60]	; (100007a0 <irq_remove_handler+0x1b0>)
10000762:	0852      	lsrs	r2, r2, #1
10000764:	430a      	orrs	r2, r1
10000766:	80da      	strh	r2, [r3, #6]
10000768:	e7a5      	b.n	100006b6 <irq_remove_handler+0xc6>
1000076a:	4644      	mov	r4, r8
1000076c:	e7dd      	b.n	1000072a <irq_remove_handler+0x13a>
1000076e:	46c0      	nop			; (mov r8, r8)
10000770:	d0000124 	.word	0xd0000124
10000774:	e000ed00 	.word	0xe000ed00
10000778:	100001cd 	.word	0x100001cd
1000077c:	20000180 	.word	0x20000180
10000780:	e000e100 	.word	0xe000e100
10000784:	e000e180 	.word	0xe000e180
10000788:	e000e280 	.word	0xe000e280
1000078c:	200003f9 	.word	0x200003f9
10000790:	ffffbd00 	.word	0xffffbd00
10000794:	0000aaaa 	.word	0x0000aaaa
10000798:	200001ba 	.word	0x200001ba
1000079c:	fffff000 	.word	0xfffff000
100007a0:	fffff800 	.word	0xfffff800

100007a4 <irq_add_tail_to_free_list>:
100007a4:	b5f8      	push	{r3, r4, r5, r6, r7, lr}
100007a6:	2501      	movs	r5, #1
100007a8:	0004      	movs	r4, r0
100007aa:	4305      	orrs	r5, r0
100007ac:	f7ff fd5b 	bl	10000266 <__get_current_exception>
100007b0:	f3ef 8610 	mrs	r6, PRIMASK
100007b4:	b672      	cpsid	i
100007b6:	4a21      	ldr	r2, [pc, #132]	; (1000083c <irq_add_tail_to_free_list+0x98>)
100007b8:	6813      	ldr	r3, [r2, #0]
100007ba:	2b00      	cmp	r3, #0
100007bc:	d0fc      	beq.n	100007b8 <irq_add_tail_to_free_list+0x14>
100007be:	f3bf 8f5f 	dmb	sy
100007c2:	4b1f      	ldr	r3, [pc, #124]	; (10000840 <irq_add_tail_to_free_list+0x9c>)
100007c4:	4a1f      	ldr	r2, [pc, #124]	; (10000844 <irq_add_tail_to_free_list+0xa0>)
100007c6:	0021      	movs	r1, r4
100007c8:	1ac9      	subs	r1, r1, r3
100007ca:	4149      	adcs	r1, r1
100007cc:	434a      	muls	r2, r1
100007ce:	0d12      	lsrs	r2, r2, #20
100007d0:	491d      	ldr	r1, [pc, #116]	; (10000848 <irq_add_tail_to_free_list+0xa4>)
100007d2:	0080      	lsls	r0, r0, #2
100007d4:	688f      	ldr	r7, [r1, #8]
100007d6:	b252      	sxtb	r2, r2
100007d8:	583f      	ldr	r7, [r7, r0]
100007da:	42af      	cmp	r7, r5
100007dc:	d01c      	beq.n	10000818 <irq_add_tail_to_free_list+0x74>
100007de:	2106      	movs	r1, #6
100007e0:	5659      	ldrsb	r1, [r3, r1]
100007e2:	4291      	cmp	r1, r2
100007e4:	d01c      	beq.n	10000820 <irq_add_tail_to_free_list+0x7c>
100007e6:	2112      	movs	r1, #18
100007e8:	5659      	ldrsb	r1, [r3, r1]
100007ea:	4291      	cmp	r1, r2
100007ec:	d022      	beq.n	10000834 <irq_add_tail_to_free_list+0x90>
100007ee:	211e      	movs	r1, #30
100007f0:	5659      	ldrsb	r1, [r3, r1]
100007f2:	4291      	cmp	r1, r2
100007f4:	d020      	beq.n	10000838 <irq_add_tail_to_free_list+0x94>
100007f6:	212a      	movs	r1, #42	; 0x2a
100007f8:	5659      	ldrsb	r1, [r3, r1]
100007fa:	2003      	movs	r0, #3
100007fc:	4291      	cmp	r1, r2
100007fe:	d010      	beq.n	10000822 <irq_add_tail_to_free_list+0x7e>
10000800:	4b12      	ldr	r3, [pc, #72]	; (1000084c <irq_add_tail_to_free_list+0xa8>)
10000802:	7819      	ldrb	r1, [r3, #0]
10000804:	701a      	strb	r2, [r3, #0]
10000806:	71a1      	strb	r1, [r4, #6]
10000808:	f3bf 8f5f 	dmb	sy
1000080c:	2200      	movs	r2, #0
1000080e:	4b0b      	ldr	r3, [pc, #44]	; (1000083c <irq_add_tail_to_free_list+0x98>)
10000810:	601a      	str	r2, [r3, #0]
10000812:	f386 8810 	msr	PRIMASK, r6
10000816:	bdf8      	pop	{r3, r4, r5, r6, r7, pc}
10000818:	688b      	ldr	r3, [r1, #8]
1000081a:	490d      	ldr	r1, [pc, #52]	; (10000850 <irq_add_tail_to_free_list+0xac>)
1000081c:	5019      	str	r1, [r3, r0]
1000081e:	e7ef      	b.n	10000800 <irq_add_tail_to_free_list+0x5c>
10000820:	2000      	movs	r0, #0
10000822:	0041      	lsls	r1, r0, #1
10000824:	1809      	adds	r1, r1, r0
10000826:	0089      	lsls	r1, r1, #2
10000828:	185b      	adds	r3, r3, r1
1000082a:	21ff      	movs	r1, #255	; 0xff
1000082c:	7199      	strb	r1, [r3, #6]
1000082e:	4909      	ldr	r1, [pc, #36]	; (10000854 <irq_add_tail_to_free_list+0xb0>)
10000830:	8099      	strh	r1, [r3, #4]
10000832:	e7e5      	b.n	10000800 <irq_add_tail_to_free_list+0x5c>
10000834:	2001      	movs	r0, #1
10000836:	e7f4      	b.n	10000822 <irq_add_tail_to_free_list+0x7e>
10000838:	2002      	movs	r0, #2
1000083a:	e7f2      	b.n	10000822 <irq_add_tail_to_free_list+0x7e>
1000083c:	d0000124 	.word	0xd0000124
10000840:	20000180 	.word	0x20000180
10000844:	0000aaaa 	.word	0x0000aaaa
10000848:	e000ed00 	.word	0xe000ed00
1000084c:	200003f9 	.word	0x200003f9
10000850:	100001cd 	.word	0x100001cd
10000854:	ffffbd00 	.word	0xffffbd00

10000858 <irq_init_priorities>:
10000858:	4b05      	ldr	r3, [pc, #20]	; (10000870 <irq_init_priorities+0x18>)
1000085a:	4a06      	ldr	r2, [pc, #24]	; (10000874 <irq_init_priorities+0x1c>)
1000085c:	6013      	str	r3, [r2, #0]
1000085e:	4a06      	ldr	r2, [pc, #24]	; (10000878 <irq_init_priorities+0x20>)
10000860:	6013      	str	r3, [r2, #0]
10000862:	6053      	str	r3, [r2, #4]
10000864:	6093      	str	r3, [r2, #8]
10000866:	60d3      	str	r3, [r2, #12]
10000868:	6113      	str	r3, [r2, #16]
1000086a:	6153      	str	r3, [r2, #20]
1000086c:	6193      	str	r3, [r2, #24]
1000086e:	4770      	bx	lr
10000870:	80808080 	.word	0x80808080
10000874:	e000e400 	.word	0xe000e400
10000878:	e000e404 	.word	0xe000e404

1000087c <lock_init>:
1000087c:	4b02      	ldr	r3, [pc, #8]	; (10000888 <lock_init+0xc>)
1000087e:	469c      	mov	ip, r3
10000880:	4461      	add	r1, ip
10000882:	0089      	lsls	r1, r1, #2
10000884:	6001      	str	r1, [r0, #0]
10000886:	4770      	bx	lr
10000888:	34000040 	.word	0x34000040

1000088c <timer_pool_entry_comparator>:
1000088c:	6883      	ldr	r3, [r0, #8]
1000088e:	480b      	ldr	r0, [pc, #44]	; (100008bc <timer_pool_entry_comparator+0x30>)
10000890:	b510      	push	{r4, lr}
10000892:	4684      	mov	ip, r0
10000894:	4461      	add	r1, ip
10000896:	4462      	add	r2, ip
10000898:	0109      	lsls	r1, r1, #4
1000089a:	0112      	lsls	r2, r2, #4
1000089c:	189a      	adds	r2, r3, r2
1000089e:	1859      	adds	r1, r3, r1
100008a0:	6854      	ldr	r4, [r2, #4]
100008a2:	684b      	ldr	r3, [r1, #4]
100008a4:	2001      	movs	r0, #1
100008a6:	429c      	cmp	r4, r3
100008a8:	d801      	bhi.n	100008ae <timer_pool_entry_comparator+0x22>
100008aa:	d002      	beq.n	100008b2 <timer_pool_entry_comparator+0x26>
100008ac:	2000      	movs	r0, #0
100008ae:	b2c0      	uxtb	r0, r0
100008b0:	bd10      	pop	{r4, pc}
100008b2:	6812      	ldr	r2, [r2, #0]
100008b4:	680b      	ldr	r3, [r1, #0]
100008b6:	429a      	cmp	r2, r3
100008b8:	d8f9      	bhi.n	100008ae <timer_pool_entry_comparator+0x22>
100008ba:	e7f7      	b.n	100008ac <timer_pool_entry_comparator+0x20>
100008bc:	0fffffff 	.word	0x0fffffff

100008c0 <sleep_until_callback>:
100008c0:	4b0a      	ldr	r3, [pc, #40]	; (100008ec <sleep_until_callback+0x2c>)
100008c2:	6819      	ldr	r1, [r3, #0]
100008c4:	f3ef 8010 	mrs	r0, PRIMASK
100008c8:	b672      	cpsid	i
100008ca:	680a      	ldr	r2, [r1, #0]
100008cc:	2a00      	cmp	r2, #0
100008ce:	d0fc      	beq.n	100008ca <sleep_until_callback+0xa>
100008d0:	f3bf 8f5f 	dmb	sy
100008d4:	681b      	ldr	r3, [r3, #0]
100008d6:	f3bf 8f5f 	dmb	sy
100008da:	2200      	movs	r2, #0
100008dc:	601a      	str	r2, [r3, #0]
100008de:	f380 8810 	msr	PRIMASK, r0
100008e2:	bf40      	sev
100008e4:	2000      	movs	r0, #0
100008e6:	2100      	movs	r1, #0
100008e8:	4770      	bx	lr
100008ea:	46c0      	nop			; (mov r8, r8)
100008ec:	200003e4 	.word	0x200003e4

100008f0 <add_alarm_under_lock>:
100008f0:	b5f8      	push	{r3, r4, r5, r6, r7, lr}
100008f2:	4645      	mov	r5, r8
100008f4:	4657      	mov	r7, sl
100008f6:	464e      	mov	r6, r9
100008f8:	46de      	mov	lr, fp
100008fa:	b5e0      	push	{r5, r6, r7, lr}
100008fc:	0014      	movs	r4, r2
100008fe:	aa0d      	add	r2, sp, #52	; 0x34
10000900:	7812      	ldrb	r2, [r2, #0]
10000902:	001d      	movs	r5, r3
10000904:	ab0c      	add	r3, sp, #48	; 0x30
10000906:	4692      	mov	sl, r2
10000908:	781b      	ldrb	r3, [r3, #0]
1000090a:	6802      	ldr	r2, [r0, #0]
1000090c:	4681      	mov	r9, r0
1000090e:	4690      	mov	r8, r2
10000910:	2b00      	cmp	r3, #0
10000912:	d113      	bne.n	1000093c <add_alarm_under_lock+0x4c>
10000914:	7b97      	ldrb	r7, [r2, #14]
10000916:	2f00      	cmp	r7, #0
10000918:	d04a      	beq.n	100009b0 <add_alarm_under_lock+0xc0>
1000091a:	4640      	mov	r0, r8
1000091c:	007e      	lsls	r6, r7, #1
1000091e:	6812      	ldr	r2, [r2, #0]
10000920:	19f6      	adds	r6, r6, r7
10000922:	3e03      	subs	r6, #3
10000924:	1992      	adds	r2, r2, r6
10000926:	7851      	ldrb	r1, [r2, #1]
10000928:	003b      	movs	r3, r7
1000092a:	7381      	strb	r1, [r0, #14]
1000092c:	2900      	cmp	r1, #0
1000092e:	d100      	bne.n	10000932 <add_alarm_under_lock+0x42>
10000930:	73c1      	strb	r1, [r0, #15]
10000932:	2100      	movs	r1, #0
10000934:	7091      	strb	r1, [r2, #2]
10000936:	7051      	strb	r1, [r2, #1]
10000938:	7011      	strb	r1, [r2, #0]
1000093a:	e003      	b.n	10000944 <add_alarm_under_lock+0x54>
1000093c:	001f      	movs	r7, r3
1000093e:	005e      	lsls	r6, r3, #1
10000940:	18f6      	adds	r6, r6, r3
10000942:	3e03      	subs	r6, #3
10000944:	4a2e      	ldr	r2, [pc, #184]	; (10000a00 <add_alarm_under_lock+0x110>)
10000946:	4694      	mov	ip, r2
10000948:	464a      	mov	r2, r9
1000094a:	6892      	ldr	r2, [r2, #8]
1000094c:	4463      	add	r3, ip
1000094e:	4694      	mov	ip, r2
10000950:	011b      	lsls	r3, r3, #4
10000952:	9a0a      	ldr	r2, [sp, #40]	; 0x28
10000954:	4463      	add	r3, ip
10000956:	609a      	str	r2, [r3, #8]
10000958:	9a0b      	ldr	r2, [sp, #44]	; 0x2c
1000095a:	601c      	str	r4, [r3, #0]
1000095c:	605d      	str	r5, [r3, #4]
1000095e:	60da      	str	r2, [r3, #12]
10000960:	4643      	mov	r3, r8
10000962:	2200      	movs	r2, #0
10000964:	681b      	ldr	r3, [r3, #0]
10000966:	199b      	adds	r3, r3, r6
10000968:	709a      	strb	r2, [r3, #2]
1000096a:	705a      	strb	r2, [r3, #1]
1000096c:	701a      	strb	r2, [r3, #0]
1000096e:	4643      	mov	r3, r8
10000970:	7b5b      	ldrb	r3, [r3, #13]
10000972:	469b      	mov	fp, r3
10000974:	2b00      	cmp	r3, #0
10000976:	d02b      	beq.n	100009d0 <add_alarm_under_lock+0xe0>
10000978:	4643      	mov	r3, r8
1000097a:	003a      	movs	r2, r7
1000097c:	6898      	ldr	r0, [r3, #8]
1000097e:	4659      	mov	r1, fp
10000980:	685b      	ldr	r3, [r3, #4]
10000982:	4798      	blx	r3
10000984:	465b      	mov	r3, fp
10000986:	4642      	mov	r2, r8
10000988:	005b      	lsls	r3, r3, #1
1000098a:	445b      	add	r3, fp
1000098c:	3b03      	subs	r3, #3
1000098e:	6812      	ldr	r2, [r2, #0]
10000990:	2800      	cmp	r0, #0
10000992:	d014      	beq.n	100009be <add_alarm_under_lock+0xce>
10000994:	18d3      	adds	r3, r2, r3
10000996:	1996      	adds	r6, r2, r6
10000998:	465a      	mov	r2, fp
1000099a:	70b2      	strb	r2, [r6, #2]
1000099c:	781a      	ldrb	r2, [r3, #0]
1000099e:	2a00      	cmp	r2, #0
100009a0:	d000      	beq.n	100009a4 <add_alarm_under_lock+0xb4>
100009a2:	7072      	strb	r2, [r6, #1]
100009a4:	701f      	strb	r7, [r3, #0]
100009a6:	465a      	mov	r2, fp
100009a8:	4643      	mov	r3, r8
100009aa:	735a      	strb	r2, [r3, #13]
100009ac:	45bb      	cmp	fp, r7
100009ae:	d011      	beq.n	100009d4 <add_alarm_under_lock+0xe4>
100009b0:	0038      	movs	r0, r7
100009b2:	bc3c      	pop	{r2, r3, r4, r5}
100009b4:	4690      	mov	r8, r2
100009b6:	4699      	mov	r9, r3
100009b8:	46a2      	mov	sl, r4
100009ba:	46ab      	mov	fp, r5
100009bc:	bdf8      	pop	{r3, r4, r5, r6, r7, pc}
100009be:	18d3      	adds	r3, r2, r3
100009c0:	1996      	adds	r6, r2, r6
100009c2:	709f      	strb	r7, [r3, #2]
100009c4:	7832      	ldrb	r2, [r6, #0]
100009c6:	2a00      	cmp	r2, #0
100009c8:	d000      	beq.n	100009cc <add_alarm_under_lock+0xdc>
100009ca:	705a      	strb	r2, [r3, #1]
100009cc:	465b      	mov	r3, fp
100009ce:	7033      	strb	r3, [r6, #0]
100009d0:	4643      	mov	r3, r8
100009d2:	735f      	strb	r7, [r3, #13]
100009d4:	464b      	mov	r3, r9
100009d6:	0022      	movs	r2, r4
100009d8:	7d18      	ldrb	r0, [r3, #20]
100009da:	002b      	movs	r3, r5
100009dc:	f000 fb3e 	bl	1000105c <hardware_alarm_set_target>
100009e0:	1e04      	subs	r4, r0, #0
100009e2:	d007      	beq.n	100009f4 <add_alarm_under_lock+0x104>
100009e4:	4653      	mov	r3, sl
100009e6:	2b00      	cmp	r3, #0
100009e8:	d104      	bne.n	100009f4 <add_alarm_under_lock+0x104>
100009ea:	464b      	mov	r3, r9
100009ec:	0039      	movs	r1, r7
100009ee:	6818      	ldr	r0, [r3, #0]
100009f0:	f000 feb2 	bl	10001758 <ph_remove_and_free_node>
100009f4:	9b0e      	ldr	r3, [sp, #56]	; 0x38
100009f6:	2b00      	cmp	r3, #0
100009f8:	d0da      	beq.n	100009b0 <add_alarm_under_lock+0xc0>
100009fa:	701c      	strb	r4, [r3, #0]
100009fc:	e7d8      	b.n	100009b0 <add_alarm_under_lock+0xc0>
100009fe:	46c0      	nop			; (mov r8, r8)
10000a00:	0fffffff 	.word	0x0fffffff

10000a04 <alarm_pool_alarm_callback>:
10000a04:	b5f0      	push	{r4, r5, r6, r7, lr}
10000a06:	46de      	mov	lr, fp
10000a08:	4657      	mov	r7, sl
10000a0a:	464e      	mov	r6, r9
10000a0c:	4645      	mov	r5, r8
10000a0e:	2300      	movs	r3, #0
10000a10:	b5e0      	push	{r5, r6, r7, lr}
10000a12:	b08d      	sub	sp, #52	; 0x34
10000a14:	930a      	str	r3, [sp, #40]	; 0x28
10000a16:	4b6d      	ldr	r3, [pc, #436]	; (10000bcc <alarm_pool_alarm_callback+0x1c8>)
10000a18:	0082      	lsls	r2, r0, #2
10000a1a:	58d4      	ldr	r4, [r2, r3]
10000a1c:	2300      	movs	r3, #0
10000a1e:	469b      	mov	fp, r3
10000a20:	900b      	str	r0, [sp, #44]	; 0x2c
10000a22:	f000 fab9 	bl	10000f98 <time_us_64>
10000a26:	6862      	ldr	r2, [r4, #4]
10000a28:	f3ef 8510 	mrs	r5, PRIMASK
10000a2c:	b672      	cpsid	i
10000a2e:	6813      	ldr	r3, [r2, #0]
10000a30:	2b00      	cmp	r3, #0
10000a32:	d0fc      	beq.n	10000a2e <alarm_pool_alarm_callback+0x2a>
10000a34:	f3bf 8f5f 	dmb	sy
10000a38:	6823      	ldr	r3, [r4, #0]
10000a3a:	469c      	mov	ip, r3
10000a3c:	7b5b      	ldrb	r3, [r3, #13]
10000a3e:	4699      	mov	r9, r3
10000a40:	2b00      	cmp	r3, #0
10000a42:	d100      	bne.n	10000a46 <alarm_pool_alarm_callback+0x42>
10000a44:	e06b      	b.n	10000b1e <alarm_pool_alarm_callback+0x11a>
10000a46:	68a2      	ldr	r2, [r4, #8]
10000a48:	4b61      	ldr	r3, [pc, #388]	; (10000bd0 <alarm_pool_alarm_callback+0x1cc>)
10000a4a:	4690      	mov	r8, r2
10000a4c:	444b      	add	r3, r9
10000a4e:	011b      	lsls	r3, r3, #4
10000a50:	4498      	add	r8, r3
10000a52:	4643      	mov	r3, r8
10000a54:	681e      	ldr	r6, [r3, #0]
10000a56:	685f      	ldr	r7, [r3, #4]
10000a58:	0032      	movs	r2, r6
10000a5a:	003b      	movs	r3, r7
10000a5c:	1a12      	subs	r2, r2, r0
10000a5e:	418b      	sbcs	r3, r1
10000a60:	2b00      	cmp	r3, #0
10000a62:	dd65      	ble.n	10000b30 <alarm_pool_alarm_callback+0x12c>
10000a64:	003b      	movs	r3, r7
10000a66:	0032      	movs	r2, r6
10000a68:	980b      	ldr	r0, [sp, #44]	; 0x2c
10000a6a:	f000 faf7 	bl	1000105c <hardware_alarm_set_target>
10000a6e:	2300      	movs	r3, #0
10000a70:	2200      	movs	r2, #0
10000a72:	9208      	str	r2, [sp, #32]
10000a74:	9309      	str	r3, [sp, #36]	; 0x24
10000a76:	2300      	movs	r3, #0
10000a78:	2700      	movs	r7, #0
10000a7a:	469a      	mov	sl, r3
10000a7c:	6863      	ldr	r3, [r4, #4]
10000a7e:	f3bf 8f5f 	dmb	sy
10000a82:	465a      	mov	r2, fp
10000a84:	601a      	str	r2, [r3, #0]
10000a86:	f385 8810 	msr	PRIMASK, r5
10000a8a:	4653      	mov	r3, sl
10000a8c:	2b00      	cmp	r3, #0
10000a8e:	d108      	bne.n	10000aa2 <alarm_pool_alarm_callback+0x9e>
10000a90:	2800      	cmp	r0, #0
10000a92:	d1c6      	bne.n	10000a22 <alarm_pool_alarm_callback+0x1e>
10000a94:	b00d      	add	sp, #52	; 0x34
10000a96:	bc3c      	pop	{r2, r3, r4, r5}
10000a98:	4690      	mov	r8, r2
10000a9a:	4699      	mov	r9, r3
10000a9c:	46a2      	mov	sl, r4
10000a9e:	46ab      	mov	fp, r5
10000aa0:	bdf0      	pop	{r4, r5, r6, r7, pc}
10000aa2:	9b0a      	ldr	r3, [sp, #40]	; 0x28
10000aa4:	0039      	movs	r1, r7
10000aa6:	0218      	lsls	r0, r3, #8
10000aa8:	464b      	mov	r3, r9
10000aaa:	4318      	orrs	r0, r3
10000aac:	47d0      	blx	sl
10000aae:	6862      	ldr	r2, [r4, #4]
10000ab0:	9006      	str	r0, [sp, #24]
10000ab2:	9107      	str	r1, [sp, #28]
10000ab4:	f3ef 8810 	mrs	r8, PRIMASK
10000ab8:	b672      	cpsid	i
10000aba:	4656      	mov	r6, sl
10000abc:	4645      	mov	r5, r8
10000abe:	6813      	ldr	r3, [r2, #0]
10000ac0:	2b00      	cmp	r3, #0
10000ac2:	d0fc      	beq.n	10000abe <alarm_pool_alarm_callback+0xba>
10000ac4:	46b2      	mov	sl, r6
10000ac6:	46a8      	mov	r8, r5
10000ac8:	f3bf 8f5f 	dmb	sy
10000acc:	9906      	ldr	r1, [sp, #24]
10000ace:	9a07      	ldr	r2, [sp, #28]
10000ad0:	1e13      	subs	r3, r2, #0
10000ad2:	db49      	blt.n	10000b68 <alarm_pool_alarm_callback+0x164>
10000ad4:	4319      	orrs	r1, r3
10000ad6:	d002      	beq.n	10000ade <alarm_pool_alarm_callback+0xda>
10000ad8:	6923      	ldr	r3, [r4, #16]
10000ada:	2b00      	cmp	r3, #0
10000adc:	d15f      	bne.n	10000b9e <alarm_pool_alarm_callback+0x19a>
10000ade:	6823      	ldr	r3, [r4, #0]
10000ae0:	7bda      	ldrb	r2, [r3, #15]
10000ae2:	2a00      	cmp	r2, #0
10000ae4:	d007      	beq.n	10000af6 <alarm_pool_alarm_callback+0xf2>
10000ae6:	0051      	lsls	r1, r2, #1
10000ae8:	188a      	adds	r2, r1, r2
10000aea:	6819      	ldr	r1, [r3, #0]
10000aec:	468c      	mov	ip, r1
10000aee:	4649      	mov	r1, r9
10000af0:	4462      	add	r2, ip
10000af2:	3a03      	subs	r2, #3
10000af4:	7051      	strb	r1, [r2, #1]
10000af6:	464a      	mov	r2, r9
10000af8:	73da      	strb	r2, [r3, #15]
10000afa:	68e2      	ldr	r2, [r4, #12]
10000afc:	464b      	mov	r3, r9
10000afe:	4694      	mov	ip, r2
10000b00:	3b01      	subs	r3, #1
10000b02:	4463      	add	r3, ip
10000b04:	781a      	ldrb	r2, [r3, #0]
10000b06:	3201      	adds	r2, #1
10000b08:	701a      	strb	r2, [r3, #0]
10000b0a:	465b      	mov	r3, fp
10000b0c:	6123      	str	r3, [r4, #16]
10000b0e:	6863      	ldr	r3, [r4, #4]
10000b10:	f3bf 8f5f 	dmb	sy
10000b14:	465a      	mov	r2, fp
10000b16:	601a      	str	r2, [r3, #0]
10000b18:	f388 8810 	msr	PRIMASK, r8
10000b1c:	e781      	b.n	10000a22 <alarm_pool_alarm_callback+0x1e>
10000b1e:	2300      	movs	r3, #0
10000b20:	2200      	movs	r2, #0
10000b22:	9208      	str	r2, [sp, #32]
10000b24:	9309      	str	r3, [sp, #36]	; 0x24
10000b26:	2300      	movs	r3, #0
10000b28:	2700      	movs	r7, #0
10000b2a:	469a      	mov	sl, r3
10000b2c:	2000      	movs	r0, #0
10000b2e:	e7a5      	b.n	10000a7c <alarm_pool_alarm_callback+0x78>
10000b30:	2b00      	cmp	r3, #0
10000b32:	d101      	bne.n	10000b38 <alarm_pool_alarm_callback+0x134>
10000b34:	2a00      	cmp	r2, #0
10000b36:	d195      	bne.n	10000a64 <alarm_pool_alarm_callback+0x60>
10000b38:	2100      	movs	r1, #0
10000b3a:	4660      	mov	r0, ip
10000b3c:	f000 fd2e 	bl	1000159c <ph_remove_head>
10000b40:	4643      	mov	r3, r8
10000b42:	681a      	ldr	r2, [r3, #0]
10000b44:	685b      	ldr	r3, [r3, #4]
10000b46:	9208      	str	r2, [sp, #32]
10000b48:	9309      	str	r3, [sp, #36]	; 0x24
10000b4a:	4643      	mov	r3, r8
10000b4c:	689b      	ldr	r3, [r3, #8]
10000b4e:	469a      	mov	sl, r3
10000b50:	4643      	mov	r3, r8
10000b52:	68df      	ldr	r7, [r3, #12]
10000b54:	68e3      	ldr	r3, [r4, #12]
10000b56:	444b      	add	r3, r9
10000b58:	3b01      	subs	r3, #1
10000b5a:	781b      	ldrb	r3, [r3, #0]
10000b5c:	930a      	str	r3, [sp, #40]	; 0x28
10000b5e:	021b      	lsls	r3, r3, #8
10000b60:	4303      	orrs	r3, r0
10000b62:	6123      	str	r3, [r4, #16]
10000b64:	2000      	movs	r0, #0
10000b66:	e789      	b.n	10000a7c <alarm_pool_alarm_callback+0x78>
10000b68:	6923      	ldr	r3, [r4, #16]
10000b6a:	2b00      	cmp	r3, #0
10000b6c:	d0b7      	beq.n	10000ade <alarm_pool_alarm_callback+0xda>
10000b6e:	9d08      	ldr	r5, [sp, #32]
10000b70:	9e09      	ldr	r6, [sp, #36]	; 0x24
10000b72:	1a6d      	subs	r5, r5, r1
10000b74:	4196      	sbcs	r6, r2
10000b76:	002a      	movs	r2, r5
10000b78:	0033      	movs	r3, r6
10000b7a:	9d08      	ldr	r5, [sp, #32]
10000b7c:	9e09      	ldr	r6, [sp, #36]	; 0x24
10000b7e:	429e      	cmp	r6, r3
10000b80:	d818      	bhi.n	10000bb4 <alarm_pool_alarm_callback+0x1b0>
10000b82:	d01b      	beq.n	10000bbc <alarm_pool_alarm_callback+0x1b8>
10000b84:	4659      	mov	r1, fp
10000b86:	9104      	str	r1, [sp, #16]
10000b88:	2101      	movs	r1, #1
10000b8a:	9103      	str	r1, [sp, #12]
10000b8c:	4649      	mov	r1, r9
10000b8e:	9102      	str	r1, [sp, #8]
10000b90:	4651      	mov	r1, sl
10000b92:	9701      	str	r7, [sp, #4]
10000b94:	9100      	str	r1, [sp, #0]
10000b96:	0020      	movs	r0, r4
10000b98:	f7ff feaa 	bl	100008f0 <add_alarm_under_lock>
10000b9c:	e7b5      	b.n	10000b0a <alarm_pool_alarm_callback+0x106>
10000b9e:	f000 f9fb 	bl	10000f98 <time_us_64>
10000ba2:	9a06      	ldr	r2, [sp, #24]
10000ba4:	9b07      	ldr	r3, [sp, #28]
10000ba6:	1812      	adds	r2, r2, r0
10000ba8:	414b      	adcs	r3, r1
10000baa:	4299      	cmp	r1, r3
10000bac:	d802      	bhi.n	10000bb4 <alarm_pool_alarm_callback+0x1b0>
10000bae:	d1e9      	bne.n	10000b84 <alarm_pool_alarm_callback+0x180>
10000bb0:	4290      	cmp	r0, r2
10000bb2:	d9e7      	bls.n	10000b84 <alarm_pool_alarm_callback+0x180>
10000bb4:	2201      	movs	r2, #1
10000bb6:	4252      	negs	r2, r2
10000bb8:	17d3      	asrs	r3, r2, #31
10000bba:	e7e3      	b.n	10000b84 <alarm_pool_alarm_callback+0x180>
10000bbc:	9908      	ldr	r1, [sp, #32]
10000bbe:	4291      	cmp	r1, r2
10000bc0:	d9e0      	bls.n	10000b84 <alarm_pool_alarm_callback+0x180>
10000bc2:	2201      	movs	r2, #1
10000bc4:	4252      	negs	r2, r2
10000bc6:	17d3      	asrs	r3, r2, #31
10000bc8:	e7dc      	b.n	10000b84 <alarm_pool_alarm_callback+0x180>
10000bca:	46c0      	nop			; (mov r8, r8)
10000bcc:	200003d0 	.word	0x200003d0
10000bd0:	0fffffff 	.word	0x0fffffff

10000bd4 <alarm_pool_init_default>:
10000bd4:	b510      	push	{r4, lr}
10000bd6:	4c12      	ldr	r4, [pc, #72]	; (10000c20 <alarm_pool_init_default+0x4c>)
10000bd8:	6863      	ldr	r3, [r4, #4]
10000bda:	2b00      	cmp	r3, #0
10000bdc:	d004      	beq.n	10000be8 <alarm_pool_init_default+0x14>
10000bde:	210a      	movs	r1, #10
10000be0:	4810      	ldr	r0, [pc, #64]	; (10000c24 <alarm_pool_init_default+0x50>)
10000be2:	f7ff fe4b 	bl	1000087c <lock_init>
10000be6:	bd10      	pop	{r4, pc}
10000be8:	0023      	movs	r3, r4
10000bea:	4a0f      	ldr	r2, [pc, #60]	; (10000c28 <alarm_pool_init_default+0x54>)
10000bec:	2110      	movs	r1, #16
10000bee:	6820      	ldr	r0, [r4, #0]
10000bf0:	f000 faf6 	bl	100011e0 <ph_post_alloc_init>
10000bf4:	2003      	movs	r0, #3
10000bf6:	f000 f9c3 	bl	10000f80 <hardware_alarm_claim>
10000bfa:	2003      	movs	r0, #3
10000bfc:	f000 faa2 	bl	10001144 <hardware_alarm_cancel>
10000c00:	490a      	ldr	r1, [pc, #40]	; (10000c2c <alarm_pool_init_default+0x58>)
10000c02:	2003      	movs	r0, #3
10000c04:	f000 f9e4 	bl	10000fd0 <hardware_alarm_set_callback>
10000c08:	f7ff fca2 	bl	10000550 <next_striped_spin_lock_num>
10000c0c:	4b08      	ldr	r3, [pc, #32]	; (10000c30 <alarm_pool_init_default+0x5c>)
10000c0e:	469c      	mov	ip, r3
10000c10:	2303      	movs	r3, #3
10000c12:	4460      	add	r0, ip
10000c14:	7523      	strb	r3, [r4, #20]
10000c16:	4b07      	ldr	r3, [pc, #28]	; (10000c34 <alarm_pool_init_default+0x60>)
10000c18:	0080      	lsls	r0, r0, #2
10000c1a:	6060      	str	r0, [r4, #4]
10000c1c:	60dc      	str	r4, [r3, #12]
10000c1e:	e7de      	b.n	10000bde <alarm_pool_init_default+0xa>
10000c20:	200001c8 	.word	0x200001c8
10000c24:	200003e4 	.word	0x200003e4
10000c28:	1000088d 	.word	0x1000088d
10000c2c:	10000a05 	.word	0x10000a05
10000c30:	34000040 	.word	0x34000040
10000c34:	200003d0 	.word	0x200003d0

10000c38 <alarm_pool_add_alarm_at>:
10000c38:	b5f0      	push	{r4, r5, r6, r7, lr}
10000c3a:	4657      	mov	r7, sl
10000c3c:	4645      	mov	r5, r8
10000c3e:	46de      	mov	lr, fp
10000c40:	464e      	mov	r6, r9
10000c42:	b5e0      	push	{r5, r6, r7, lr}
10000c44:	b085      	sub	sp, #20
10000c46:	9200      	str	r2, [sp, #0]
10000c48:	9301      	str	r3, [sp, #4]
10000c4a:	ab10      	add	r3, sp, #64	; 0x40
10000c4c:	781b      	ldrb	r3, [r3, #0]
10000c4e:	2700      	movs	r7, #0
10000c50:	9303      	str	r3, [sp, #12]
10000c52:	2300      	movs	r3, #0
10000c54:	4680      	mov	r8, r0
10000c56:	469a      	mov	sl, r3
10000c58:	4643      	mov	r3, r8
10000c5a:	685a      	ldr	r2, [r3, #4]
10000c5c:	f3ef 8910 	mrs	r9, PRIMASK
10000c60:	b672      	cpsid	i
10000c62:	6813      	ldr	r3, [r2, #0]
10000c64:	2b00      	cmp	r3, #0
10000c66:	d0fc      	beq.n	10000c62 <alarm_pool_add_alarm_at+0x2a>
10000c68:	f3bf 8f5f 	dmb	sy
10000c6c:	4643      	mov	r3, r8
10000c6e:	681d      	ldr	r5, [r3, #0]
10000c70:	7bac      	ldrb	r4, [r5, #14]
10000c72:	2c00      	cmp	r4, #0
10000c74:	d04f      	beq.n	10000d16 <alarm_pool_add_alarm_at+0xde>
10000c76:	0066      	lsls	r6, r4, #1
10000c78:	1936      	adds	r6, r6, r4
10000c7a:	682b      	ldr	r3, [r5, #0]
10000c7c:	3e03      	subs	r6, #3
10000c7e:	199b      	adds	r3, r3, r6
10000c80:	785a      	ldrb	r2, [r3, #1]
10000c82:	73aa      	strb	r2, [r5, #14]
10000c84:	2a00      	cmp	r2, #0
10000c86:	d100      	bne.n	10000c8a <alarm_pool_add_alarm_at+0x52>
10000c88:	73ea      	strb	r2, [r5, #15]
10000c8a:	4642      	mov	r2, r8
10000c8c:	709f      	strb	r7, [r3, #2]
10000c8e:	705f      	strb	r7, [r3, #1]
10000c90:	701f      	strb	r7, [r3, #0]
10000c92:	6892      	ldr	r2, [r2, #8]
10000c94:	4b4e      	ldr	r3, [pc, #312]	; (10000dd0 <alarm_pool_add_alarm_at+0x198>)
10000c96:	4694      	mov	ip, r2
10000c98:	9900      	ldr	r1, [sp, #0]
10000c9a:	9a01      	ldr	r2, [sp, #4]
10000c9c:	18e3      	adds	r3, r4, r3
10000c9e:	011b      	lsls	r3, r3, #4
10000ca0:	4463      	add	r3, ip
10000ca2:	6019      	str	r1, [r3, #0]
10000ca4:	605a      	str	r2, [r3, #4]
10000ca6:	9a0e      	ldr	r2, [sp, #56]	; 0x38
10000ca8:	609a      	str	r2, [r3, #8]
10000caa:	9a0f      	ldr	r2, [sp, #60]	; 0x3c
10000cac:	60da      	str	r2, [r3, #12]
10000cae:	682b      	ldr	r3, [r5, #0]
10000cb0:	199b      	adds	r3, r3, r6
10000cb2:	709f      	strb	r7, [r3, #2]
10000cb4:	705f      	strb	r7, [r3, #1]
10000cb6:	701f      	strb	r7, [r3, #0]
10000cb8:	7b6b      	ldrb	r3, [r5, #13]
10000cba:	469b      	mov	fp, r3
10000cbc:	2b00      	cmp	r3, #0
10000cbe:	d042      	beq.n	10000d46 <alarm_pool_add_alarm_at+0x10e>
10000cc0:	0022      	movs	r2, r4
10000cc2:	0019      	movs	r1, r3
10000cc4:	68a8      	ldr	r0, [r5, #8]
10000cc6:	686b      	ldr	r3, [r5, #4]
10000cc8:	4798      	blx	r3
10000cca:	465b      	mov	r3, fp
10000ccc:	005b      	lsls	r3, r3, #1
10000cce:	445b      	add	r3, fp
10000cd0:	3b03      	subs	r3, #3
10000cd2:	682a      	ldr	r2, [r5, #0]
10000cd4:	2800      	cmp	r0, #0
10000cd6:	d02d      	beq.n	10000d34 <alarm_pool_add_alarm_at+0xfc>
10000cd8:	18d3      	adds	r3, r2, r3
10000cda:	1996      	adds	r6, r2, r6
10000cdc:	465a      	mov	r2, fp
10000cde:	70b2      	strb	r2, [r6, #2]
10000ce0:	781a      	ldrb	r2, [r3, #0]
10000ce2:	2a00      	cmp	r2, #0
10000ce4:	d000      	beq.n	10000ce8 <alarm_pool_add_alarm_at+0xb0>
10000ce6:	7072      	strb	r2, [r6, #1]
10000ce8:	701c      	strb	r4, [r3, #0]
10000cea:	465b      	mov	r3, fp
10000cec:	736b      	strb	r3, [r5, #13]
10000cee:	455c      	cmp	r4, fp
10000cf0:	d02a      	beq.n	10000d48 <alarm_pool_add_alarm_at+0x110>
10000cf2:	4643      	mov	r3, r8
10000cf4:	68db      	ldr	r3, [r3, #12]
10000cf6:	191b      	adds	r3, r3, r4
10000cf8:	3b01      	subs	r3, #1
10000cfa:	7818      	ldrb	r0, [r3, #0]
10000cfc:	4643      	mov	r3, r8
10000cfe:	685b      	ldr	r3, [r3, #4]
10000d00:	f3bf 8f5f 	dmb	sy
10000d04:	601f      	str	r7, [r3, #0]
10000d06:	f389 8810 	msr	PRIMASK, r9
10000d0a:	4653      	mov	r3, sl
10000d0c:	2b00      	cmp	r3, #0
10000d0e:	d12a      	bne.n	10000d66 <alarm_pool_add_alarm_at+0x12e>
10000d10:	0200      	lsls	r0, r0, #8
10000d12:	4320      	orrs	r0, r4
10000d14:	e007      	b.n	10000d26 <alarm_pool_add_alarm_at+0xee>
10000d16:	685b      	ldr	r3, [r3, #4]
10000d18:	f3bf 8f5f 	dmb	sy
10000d1c:	601c      	str	r4, [r3, #0]
10000d1e:	f389 8810 	msr	PRIMASK, r9
10000d22:	2001      	movs	r0, #1
10000d24:	4240      	negs	r0, r0
10000d26:	b005      	add	sp, #20
10000d28:	bc3c      	pop	{r2, r3, r4, r5}
10000d2a:	4690      	mov	r8, r2
10000d2c:	4699      	mov	r9, r3
10000d2e:	46a2      	mov	sl, r4
10000d30:	46ab      	mov	fp, r5
10000d32:	bdf0      	pop	{r4, r5, r6, r7, pc}
10000d34:	18d3      	adds	r3, r2, r3
10000d36:	1996      	adds	r6, r2, r6
10000d38:	709c      	strb	r4, [r3, #2]
10000d3a:	7832      	ldrb	r2, [r6, #0]
10000d3c:	2a00      	cmp	r2, #0
10000d3e:	d000      	beq.n	10000d42 <alarm_pool_add_alarm_at+0x10a>
10000d40:	705a      	strb	r2, [r3, #1]
10000d42:	465b      	mov	r3, fp
10000d44:	7033      	strb	r3, [r6, #0]
10000d46:	736c      	strb	r4, [r5, #13]
10000d48:	4643      	mov	r3, r8
10000d4a:	7d18      	ldrb	r0, [r3, #20]
10000d4c:	9a00      	ldr	r2, [sp, #0]
10000d4e:	9b01      	ldr	r3, [sp, #4]
10000d50:	f000 f984 	bl	1000105c <hardware_alarm_set_target>
10000d54:	4682      	mov	sl, r0
10000d56:	2800      	cmp	r0, #0
10000d58:	d0cb      	beq.n	10000cf2 <alarm_pool_add_alarm_at+0xba>
10000d5a:	4643      	mov	r3, r8
10000d5c:	0021      	movs	r1, r4
10000d5e:	6818      	ldr	r0, [r3, #0]
10000d60:	f000 fcfa 	bl	10001758 <ph_remove_and_free_node>
10000d64:	e7c5      	b.n	10000cf2 <alarm_pool_add_alarm_at+0xba>
10000d66:	9b03      	ldr	r3, [sp, #12]
10000d68:	2b00      	cmp	r3, #0
10000d6a:	d02f      	beq.n	10000dcc <alarm_pool_add_alarm_at+0x194>
10000d6c:	9b0e      	ldr	r3, [sp, #56]	; 0x38
10000d6e:	990f      	ldr	r1, [sp, #60]	; 0x3c
10000d70:	2000      	movs	r0, #0
10000d72:	4798      	blx	r3
10000d74:	0003      	movs	r3, r0
10000d76:	430b      	orrs	r3, r1
10000d78:	d028      	beq.n	10000dcc <alarm_pool_add_alarm_at+0x194>
10000d7a:	0004      	movs	r4, r0
10000d7c:	1e0d      	subs	r5, r1, #0
10000d7e:	da0d      	bge.n	10000d9c <alarm_pool_add_alarm_at+0x164>
10000d80:	9800      	ldr	r0, [sp, #0]
10000d82:	9901      	ldr	r1, [sp, #4]
10000d84:	0002      	movs	r2, r0
10000d86:	000b      	movs	r3, r1
10000d88:	1b12      	subs	r2, r2, r4
10000d8a:	41ab      	sbcs	r3, r5
10000d8c:	4299      	cmp	r1, r3
10000d8e:	d813      	bhi.n	10000db8 <alarm_pool_add_alarm_at+0x180>
10000d90:	d018      	beq.n	10000dc4 <alarm_pool_add_alarm_at+0x18c>
10000d92:	9200      	str	r2, [sp, #0]
10000d94:	9301      	str	r3, [sp, #4]
10000d96:	9b03      	ldr	r3, [sp, #12]
10000d98:	469a      	mov	sl, r3
10000d9a:	e75d      	b.n	10000c58 <alarm_pool_add_alarm_at+0x20>
10000d9c:	f000 f8fc 	bl	10000f98 <time_us_64>
10000da0:	1824      	adds	r4, r4, r0
10000da2:	414d      	adcs	r5, r1
10000da4:	0023      	movs	r3, r4
10000da6:	002c      	movs	r4, r5
10000da8:	9300      	str	r3, [sp, #0]
10000daa:	9401      	str	r4, [sp, #4]
10000dac:	42a9      	cmp	r1, r5
10000dae:	d803      	bhi.n	10000db8 <alarm_pool_add_alarm_at+0x180>
10000db0:	d1f1      	bne.n	10000d96 <alarm_pool_add_alarm_at+0x15e>
10000db2:	9b00      	ldr	r3, [sp, #0]
10000db4:	4298      	cmp	r0, r3
10000db6:	d9ee      	bls.n	10000d96 <alarm_pool_add_alarm_at+0x15e>
10000db8:	2301      	movs	r3, #1
10000dba:	425b      	negs	r3, r3
10000dbc:	17dc      	asrs	r4, r3, #31
10000dbe:	9300      	str	r3, [sp, #0]
10000dc0:	9401      	str	r4, [sp, #4]
10000dc2:	e7e8      	b.n	10000d96 <alarm_pool_add_alarm_at+0x15e>
10000dc4:	9900      	ldr	r1, [sp, #0]
10000dc6:	4291      	cmp	r1, r2
10000dc8:	d9e3      	bls.n	10000d92 <alarm_pool_add_alarm_at+0x15a>
10000dca:	e7f5      	b.n	10000db8 <alarm_pool_add_alarm_at+0x180>
10000dcc:	2000      	movs	r0, #0
10000dce:	e7aa      	b.n	10000d26 <alarm_pool_add_alarm_at+0xee>
10000dd0:	0fffffff 	.word	0x0fffffff

10000dd4 <sleep_until>:
10000dd4:	b5f0      	push	{r4, r5, r6, r7, lr}
10000dd6:	0004      	movs	r4, r0
10000dd8:	000d      	movs	r5, r1
10000dda:	2606      	movs	r6, #6
10000ddc:	4276      	negs	r6, r6
10000dde:	17f7      	asrs	r7, r6, #31
10000de0:	46c6      	mov	lr, r8
10000de2:	1936      	adds	r6, r6, r4
10000de4:	416f      	adcs	r7, r5
10000de6:	b500      	push	{lr}
10000de8:	b084      	sub	sp, #16
10000dea:	428f      	cmp	r7, r1
10000dec:	d814      	bhi.n	10000e18 <sleep_until+0x44>
10000dee:	d011      	beq.n	10000e14 <sleep_until+0x40>
10000df0:	f000 f8d2 	bl	10000f98 <time_us_64>
10000df4:	0032      	movs	r2, r6
10000df6:	003b      	movs	r3, r7
10000df8:	1a12      	subs	r2, r2, r0
10000dfa:	418b      	sbcs	r3, r1
10000dfc:	2b00      	cmp	r3, #0
10000dfe:	dc15      	bgt.n	10000e2c <sleep_until+0x58>
10000e00:	2b00      	cmp	r3, #0
10000e02:	d03e      	beq.n	10000e82 <sleep_until+0xae>
10000e04:	0020      	movs	r0, r4
10000e06:	0029      	movs	r1, r5
10000e08:	f000 f8d2 	bl	10000fb0 <busy_wait_until>
10000e0c:	b004      	add	sp, #16
10000e0e:	bc04      	pop	{r2}
10000e10:	4690      	mov	r8, r2
10000e12:	bdf0      	pop	{r4, r5, r6, r7, pc}
10000e14:	4286      	cmp	r6, r0
10000e16:	d9eb      	bls.n	10000df0 <sleep_until+0x1c>
10000e18:	2600      	movs	r6, #0
10000e1a:	2700      	movs	r7, #0
10000e1c:	f000 f8bc 	bl	10000f98 <time_us_64>
10000e20:	0032      	movs	r2, r6
10000e22:	003b      	movs	r3, r7
10000e24:	1a12      	subs	r2, r2, r0
10000e26:	418b      	sbcs	r3, r1
10000e28:	2b00      	cmp	r3, #0
10000e2a:	dde9      	ble.n	10000e00 <sleep_until+0x2c>
10000e2c:	2300      	movs	r3, #0
10000e2e:	9302      	str	r3, [sp, #8]
10000e30:	9301      	str	r3, [sp, #4]
10000e32:	4b15      	ldr	r3, [pc, #84]	; (10000e88 <sleep_until+0xb4>)
10000e34:	0032      	movs	r2, r6
10000e36:	9300      	str	r3, [sp, #0]
10000e38:	4814      	ldr	r0, [pc, #80]	; (10000e8c <sleep_until+0xb8>)
10000e3a:	003b      	movs	r3, r7
10000e3c:	f7ff fefc 	bl	10000c38 <alarm_pool_add_alarm_at>
10000e40:	2800      	cmp	r0, #0
10000e42:	dbdf      	blt.n	10000e04 <sleep_until+0x30>
10000e44:	2300      	movs	r3, #0
10000e46:	4698      	mov	r8, r3
10000e48:	46bc      	mov	ip, r7
10000e4a:	4a11      	ldr	r2, [pc, #68]	; (10000e90 <sleep_until+0xbc>)
10000e4c:	4f11      	ldr	r7, [pc, #68]	; (10000e94 <sleep_until+0xc0>)
10000e4e:	6a7b      	ldr	r3, [r7, #36]	; 0x24
10000e50:	459c      	cmp	ip, r3
10000e52:	d804      	bhi.n	10000e5e <sleep_until+0x8a>
10000e54:	6ab9      	ldr	r1, [r7, #40]	; 0x28
10000e56:	42b1      	cmp	r1, r6
10000e58:	d2d4      	bcs.n	10000e04 <sleep_until+0x30>
10000e5a:	459c      	cmp	ip, r3
10000e5c:	d1d2      	bne.n	10000e04 <sleep_until+0x30>
10000e5e:	6811      	ldr	r1, [r2, #0]
10000e60:	f3ef 8010 	mrs	r0, PRIMASK
10000e64:	b672      	cpsid	i
10000e66:	680b      	ldr	r3, [r1, #0]
10000e68:	2b00      	cmp	r3, #0
10000e6a:	d0fc      	beq.n	10000e66 <sleep_until+0x92>
10000e6c:	f3bf 8f5f 	dmb	sy
10000e70:	6813      	ldr	r3, [r2, #0]
10000e72:	f3bf 8f5f 	dmb	sy
10000e76:	4641      	mov	r1, r8
10000e78:	6019      	str	r1, [r3, #0]
10000e7a:	f380 8810 	msr	PRIMASK, r0
10000e7e:	bf20      	wfe
10000e80:	e7e5      	b.n	10000e4e <sleep_until+0x7a>
10000e82:	2a00      	cmp	r2, #0
10000e84:	d0be      	beq.n	10000e04 <sleep_until+0x30>
10000e86:	e7d1      	b.n	10000e2c <sleep_until+0x58>
10000e88:	100008c1 	.word	0x100008c1
10000e8c:	200001c8 	.word	0x200001c8
10000e90:	200003e4 	.word	0x200003e4
10000e94:	40054000 	.word	0x40054000

10000e98 <sleep_ms>:
10000e98:	b570      	push	{r4, r5, r6, lr}
10000e9a:	0006      	movs	r6, r0
10000e9c:	f000 f87c 	bl	10000f98 <time_us_64>
10000ea0:	22fa      	movs	r2, #250	; 0xfa
10000ea2:	0004      	movs	r4, r0
10000ea4:	000d      	movs	r5, r1
10000ea6:	0092      	lsls	r2, r2, #2
10000ea8:	2300      	movs	r3, #0
10000eaa:	0030      	movs	r0, r6
10000eac:	2100      	movs	r1, #0
10000eae:	f001 f807 	bl	10001ec0 <__wrap___aeabi_lmul>
10000eb2:	1900      	adds	r0, r0, r4
10000eb4:	4169      	adcs	r1, r5
10000eb6:	428d      	cmp	r5, r1
10000eb8:	d805      	bhi.n	10000ec6 <sleep_ms+0x2e>
10000eba:	d002      	beq.n	10000ec2 <sleep_ms+0x2a>
10000ebc:	f7ff ff8a 	bl	10000dd4 <sleep_until>
10000ec0:	bd70      	pop	{r4, r5, r6, pc}
10000ec2:	4284      	cmp	r4, r0
10000ec4:	d9fa      	bls.n	10000ebc <sleep_ms+0x24>
10000ec6:	2001      	movs	r0, #1
10000ec8:	4240      	negs	r0, r0
10000eca:	17c1      	asrs	r1, r0, #31
10000ecc:	e7f6      	b.n	10000ebc <sleep_ms+0x24>
10000ece:	46c0      	nop			; (mov r8, r8)

10000ed0 <hardware_alarm_irq_handler>:
10000ed0:	b5f0      	push	{r4, r5, r6, r7, lr}
10000ed2:	46c6      	mov	lr, r8
10000ed4:	b500      	push	{lr}
10000ed6:	f3ef 8305 	mrs	r3, IPSR
10000eda:	223f      	movs	r2, #63	; 0x3f
10000edc:	4013      	ands	r3, r2
10000ede:	0018      	movs	r0, r3
10000ee0:	3810      	subs	r0, #16
10000ee2:	f3ef 8710 	mrs	r7, PRIMASK
10000ee6:	b672      	cpsid	i
10000ee8:	4d1f      	ldr	r5, [pc, #124]	; (10000f68 <hardware_alarm_irq_handler+0x98>)
10000eea:	682a      	ldr	r2, [r5, #0]
10000eec:	2a00      	cmp	r2, #0
10000eee:	d0fc      	beq.n	10000eea <hardware_alarm_irq_handler+0x1a>
10000ef0:	f3bf 8f5f 	dmb	sy
10000ef4:	2201      	movs	r2, #1
10000ef6:	0011      	movs	r1, r2
10000ef8:	4081      	lsls	r1, r0
10000efa:	4688      	mov	r8, r1
10000efc:	4644      	mov	r4, r8
10000efe:	491b      	ldr	r1, [pc, #108]	; (10000f6c <hardware_alarm_irq_handler+0x9c>)
10000f00:	634c      	str	r4, [r1, #52]	; 0x34
10000f02:	4c1b      	ldr	r4, [pc, #108]	; (10000f70 <hardware_alarm_irq_handler+0xa0>)
10000f04:	7826      	ldrb	r6, [r4, #0]
10000f06:	46a4      	mov	ip, r4
10000f08:	0034      	movs	r4, r6
10000f0a:	40c4      	lsrs	r4, r0
10000f0c:	4022      	ands	r2, r4
10000f0e:	d015      	beq.n	10000f3c <hardware_alarm_irq_handler+0x6c>
10000f10:	6a4c      	ldr	r4, [r1, #36]	; 0x24
10000f12:	4918      	ldr	r1, [pc, #96]	; (10000f74 <hardware_alarm_irq_handler+0xa4>)
10000f14:	0082      	lsls	r2, r0, #2
10000f16:	5851      	ldr	r1, [r2, r1]
10000f18:	428c      	cmp	r4, r1
10000f1a:	d317      	bcc.n	10000f4c <hardware_alarm_irq_handler+0x7c>
10000f1c:	4b16      	ldr	r3, [pc, #88]	; (10000f78 <hardware_alarm_irq_handler+0xa8>)
10000f1e:	58d2      	ldr	r2, [r2, r3]
10000f20:	4643      	mov	r3, r8
10000f22:	439e      	bics	r6, r3
10000f24:	4663      	mov	r3, ip
10000f26:	701e      	strb	r6, [r3, #0]
10000f28:	f3bf 8f5f 	dmb	sy
10000f2c:	2300      	movs	r3, #0
10000f2e:	602b      	str	r3, [r5, #0]
10000f30:	f387 8810 	msr	PRIMASK, r7
10000f34:	2a00      	cmp	r2, #0
10000f36:	d006      	beq.n	10000f46 <hardware_alarm_irq_handler+0x76>
10000f38:	4790      	blx	r2
10000f3a:	e004      	b.n	10000f46 <hardware_alarm_irq_handler+0x76>
10000f3c:	f3bf 8f5f 	dmb	sy
10000f40:	602a      	str	r2, [r5, #0]
10000f42:	f387 8810 	msr	PRIMASK, r7
10000f46:	bc04      	pop	{r2}
10000f48:	4690      	mov	r8, r2
10000f4a:	bdf0      	pop	{r4, r5, r6, r7, pc}
10000f4c:	4a0b      	ldr	r2, [pc, #44]	; (10000f7c <hardware_alarm_irq_handler+0xac>)
10000f4e:	009b      	lsls	r3, r3, #2
10000f50:	4694      	mov	ip, r2
10000f52:	4463      	add	r3, ip
10000f54:	681a      	ldr	r2, [r3, #0]
10000f56:	601a      	str	r2, [r3, #0]
10000f58:	f3bf 8f5f 	dmb	sy
10000f5c:	2300      	movs	r3, #0
10000f5e:	602b      	str	r3, [r5, #0]
10000f60:	f387 8810 	msr	PRIMASK, r7
10000f64:	e7ef      	b.n	10000f46 <hardware_alarm_irq_handler+0x76>
10000f66:	46c0      	nop			; (mov r8, r8)
10000f68:	d0000128 	.word	0xd0000128
10000f6c:	40054000 	.word	0x40054000
10000f70:	200003fa 	.word	0x200003fa
10000f74:	200003e8 	.word	0x200003e8
10000f78:	2000034c 	.word	0x2000034c
10000f7c:	40053fd0 	.word	0x40053fd0

10000f80 <hardware_alarm_claim>:
10000f80:	b510      	push	{r4, lr}
10000f82:	0001      	movs	r1, r0
10000f84:	4a02      	ldr	r2, [pc, #8]	; (10000f90 <hardware_alarm_claim+0x10>)
10000f86:	4803      	ldr	r0, [pc, #12]	; (10000f94 <hardware_alarm_claim+0x14>)
10000f88:	f7ff faaa 	bl	100004e0 <hw_claim_or_assert>
10000f8c:	bd10      	pop	{r4, pc}
10000f8e:	46c0      	nop			; (mov r8, r8)
10000f90:	100022e8 	.word	0x100022e8
10000f94:	200003f8 	.word	0x200003f8

10000f98 <time_us_64>:
10000f98:	4a04      	ldr	r2, [pc, #16]	; (10000fac <time_us_64+0x14>)
10000f9a:	6a51      	ldr	r1, [r2, #36]	; 0x24
10000f9c:	e000      	b.n	10000fa0 <time_us_64+0x8>
10000f9e:	0019      	movs	r1, r3
10000fa0:	6a90      	ldr	r0, [r2, #40]	; 0x28
10000fa2:	6a53      	ldr	r3, [r2, #36]	; 0x24
10000fa4:	4299      	cmp	r1, r3
10000fa6:	d1fa      	bne.n	10000f9e <time_us_64+0x6>
10000fa8:	4770      	bx	lr
10000faa:	46c0      	nop			; (mov r8, r8)
10000fac:	40054000 	.word	0x40054000

10000fb0 <busy_wait_until>:
10000fb0:	4a06      	ldr	r2, [pc, #24]	; (10000fcc <busy_wait_until+0x1c>)
10000fb2:	6a53      	ldr	r3, [r2, #36]	; 0x24
10000fb4:	4299      	cmp	r1, r3
10000fb6:	d8fc      	bhi.n	10000fb2 <busy_wait_until+0x2>
10000fb8:	d107      	bne.n	10000fca <busy_wait_until+0x1a>
10000fba:	4b04      	ldr	r3, [pc, #16]	; (10000fcc <busy_wait_until+0x1c>)
10000fbc:	e002      	b.n	10000fc4 <busy_wait_until+0x14>
10000fbe:	6a5a      	ldr	r2, [r3, #36]	; 0x24
10000fc0:	4291      	cmp	r1, r2
10000fc2:	d102      	bne.n	10000fca <busy_wait_until+0x1a>
10000fc4:	6a9a      	ldr	r2, [r3, #40]	; 0x28
10000fc6:	4282      	cmp	r2, r0
10000fc8:	d3f9      	bcc.n	10000fbe <busy_wait_until+0xe>
10000fca:	4770      	bx	lr
10000fcc:	40054000 	.word	0x40054000

10000fd0 <hardware_alarm_set_callback>:
10000fd0:	b570      	push	{r4, r5, r6, lr}
10000fd2:	0004      	movs	r4, r0
10000fd4:	000d      	movs	r5, r1
10000fd6:	f3ef 8610 	mrs	r6, PRIMASK
10000fda:	b672      	cpsid	i
10000fdc:	4a1a      	ldr	r2, [pc, #104]	; (10001048 <hardware_alarm_set_callback+0x78>)
10000fde:	6813      	ldr	r3, [r2, #0]
10000fe0:	2b00      	cmp	r3, #0
10000fe2:	d0fc      	beq.n	10000fde <hardware_alarm_set_callback+0xe>
10000fe4:	f3bf 8f5f 	dmb	sy
10000fe8:	2d00      	cmp	r5, #0
10000fea:	d01b      	beq.n	10001024 <hardware_alarm_set_callback+0x54>
10000fec:	0020      	movs	r0, r4
10000fee:	f7ff facd 	bl	1000058c <irq_get_vtable_handler>
10000ff2:	4916      	ldr	r1, [pc, #88]	; (1000104c <hardware_alarm_set_callback+0x7c>)
10000ff4:	4288      	cmp	r0, r1
10000ff6:	d00a      	beq.n	1000100e <hardware_alarm_set_callback+0x3e>
10000ff8:	0020      	movs	r0, r4
10000ffa:	f7ff facf 	bl	1000059c <irq_set_exclusive_handler>
10000ffe:	2101      	movs	r1, #1
10001000:	0020      	movs	r0, r4
10001002:	f7ff fab1 	bl	10000568 <irq_set_enabled>
10001006:	2301      	movs	r3, #1
10001008:	40a3      	lsls	r3, r4
1000100a:	4a11      	ldr	r2, [pc, #68]	; (10001050 <hardware_alarm_set_callback+0x80>)
1000100c:	6013      	str	r3, [r2, #0]
1000100e:	4b11      	ldr	r3, [pc, #68]	; (10001054 <hardware_alarm_set_callback+0x84>)
10001010:	00a4      	lsls	r4, r4, #2
10001012:	50e5      	str	r5, [r4, r3]
10001014:	f3bf 8f5f 	dmb	sy
10001018:	2200      	movs	r2, #0
1000101a:	4b0b      	ldr	r3, [pc, #44]	; (10001048 <hardware_alarm_set_callback+0x78>)
1000101c:	601a      	str	r2, [r3, #0]
1000101e:	f386 8810 	msr	PRIMASK, r6
10001022:	bd70      	pop	{r4, r5, r6, pc}
10001024:	4b0b      	ldr	r3, [pc, #44]	; (10001054 <hardware_alarm_set_callback+0x84>)
10001026:	00a2      	lsls	r2, r4, #2
10001028:	50d5      	str	r5, [r2, r3]
1000102a:	2201      	movs	r2, #1
1000102c:	40a2      	lsls	r2, r4
1000102e:	490a      	ldr	r1, [pc, #40]	; (10001058 <hardware_alarm_set_callback+0x88>)
10001030:	0020      	movs	r0, r4
10001032:	780b      	ldrb	r3, [r1, #0]
10001034:	4393      	bics	r3, r2
10001036:	700b      	strb	r3, [r1, #0]
10001038:	4904      	ldr	r1, [pc, #16]	; (1000104c <hardware_alarm_set_callback+0x7c>)
1000103a:	f7ff fad9 	bl	100005f0 <irq_remove_handler>
1000103e:	2100      	movs	r1, #0
10001040:	0020      	movs	r0, r4
10001042:	f7ff fa91 	bl	10000568 <irq_set_enabled>
10001046:	e7e5      	b.n	10001014 <hardware_alarm_set_callback+0x44>
10001048:	d0000128 	.word	0xd0000128
1000104c:	10000ed1 	.word	0x10000ed1
10001050:	40056038 	.word	0x40056038
10001054:	2000034c 	.word	0x2000034c
10001058:	200003fa 	.word	0x200003fa

1000105c <hardware_alarm_set_target>:
1000105c:	b5f0      	push	{r4, r5, r6, r7, lr}
1000105e:	46d6      	mov	lr, sl
10001060:	464f      	mov	r7, r9
10001062:	4646      	mov	r6, r8
10001064:	4c32      	ldr	r4, [pc, #200]	; (10001130 <hardware_alarm_set_target+0xd4>)
10001066:	b5c0      	push	{r6, r7, lr}
10001068:	6a65      	ldr	r5, [r4, #36]	; 0x24
1000106a:	e000      	b.n	1000106e <hardware_alarm_set_target+0x12>
1000106c:	000d      	movs	r5, r1
1000106e:	6aa6      	ldr	r6, [r4, #40]	; 0x28
10001070:	6a61      	ldr	r1, [r4, #36]	; 0x24
10001072:	42a9      	cmp	r1, r5
10001074:	d1fa      	bne.n	1000106c <hardware_alarm_set_target+0x10>
10001076:	42ab      	cmp	r3, r5
10001078:	d809      	bhi.n	1000108e <hardware_alarm_set_target+0x32>
1000107a:	d006      	beq.n	1000108a <hardware_alarm_set_target+0x2e>
1000107c:	2401      	movs	r4, #1
1000107e:	0020      	movs	r0, r4
10001080:	bc1c      	pop	{r2, r3, r4}
10001082:	4690      	mov	r8, r2
10001084:	4699      	mov	r9, r3
10001086:	46a2      	mov	sl, r4
10001088:	bdf0      	pop	{r4, r5, r6, r7, pc}
1000108a:	42b2      	cmp	r2, r6
1000108c:	d9f6      	bls.n	1000107c <hardware_alarm_set_target+0x20>
1000108e:	f3ef 8910 	mrs	r9, PRIMASK
10001092:	b672      	cpsid	i
10001094:	4c27      	ldr	r4, [pc, #156]	; (10001134 <hardware_alarm_set_target+0xd8>)
10001096:	6821      	ldr	r1, [r4, #0]
10001098:	2900      	cmp	r1, #0
1000109a:	d0fc      	beq.n	10001096 <hardware_alarm_set_target+0x3a>
1000109c:	f3bf 8f5f 	dmb	sy
100010a0:	2601      	movs	r6, #1
100010a2:	4925      	ldr	r1, [pc, #148]	; (10001138 <hardware_alarm_set_target+0xdc>)
100010a4:	4086      	lsls	r6, r0
100010a6:	468c      	mov	ip, r1
100010a8:	7809      	ldrb	r1, [r1, #0]
100010aa:	4d24      	ldr	r5, [pc, #144]	; (1000113c <hardware_alarm_set_target+0xe0>)
100010ac:	000f      	movs	r7, r1
100010ae:	4337      	orrs	r7, r6
100010b0:	4688      	mov	r8, r1
100010b2:	b2f9      	uxtb	r1, r7
100010b4:	468a      	mov	sl, r1
100010b6:	4661      	mov	r1, ip
100010b8:	4654      	mov	r4, sl
100010ba:	700c      	strb	r4, [r1, #0]
100010bc:	491c      	ldr	r1, [pc, #112]	; (10001130 <hardware_alarm_set_target+0xd4>)
100010be:	1d04      	adds	r4, r0, #4
100010c0:	00a4      	lsls	r4, r4, #2
100010c2:	634e      	str	r6, [r1, #52]	; 0x34
100010c4:	5062      	str	r2, [r4, r1]
100010c6:	0084      	lsls	r4, r0, #2
100010c8:	5163      	str	r3, [r4, r5]
100010ca:	6a0d      	ldr	r5, [r1, #32]
100010cc:	2400      	movs	r4, #0
100010ce:	4235      	tst	r5, r6
100010d0:	d01a      	beq.n	10001108 <hardware_alarm_set_target+0xac>
100010d2:	6a4d      	ldr	r5, [r1, #36]	; 0x24
100010d4:	e000      	b.n	100010d8 <hardware_alarm_set_target+0x7c>
100010d6:	0025      	movs	r5, r4
100010d8:	6a8f      	ldr	r7, [r1, #40]	; 0x28
100010da:	6a4c      	ldr	r4, [r1, #36]	; 0x24
100010dc:	42ac      	cmp	r4, r5
100010de:	d1fa      	bne.n	100010d6 <hardware_alarm_set_target+0x7a>
100010e0:	42ab      	cmp	r3, r5
100010e2:	d819      	bhi.n	10001118 <hardware_alarm_set_target+0xbc>
100010e4:	d101      	bne.n	100010ea <hardware_alarm_set_target+0x8e>
100010e6:	42ba      	cmp	r2, r7
100010e8:	d816      	bhi.n	10001118 <hardware_alarm_set_target+0xbc>
100010ea:	45c2      	cmp	sl, r8
100010ec:	d01d      	beq.n	1000112a <hardware_alarm_set_target+0xce>
100010ee:	4b10      	ldr	r3, [pc, #64]	; (10001130 <hardware_alarm_set_target+0xd4>)
100010f0:	4a13      	ldr	r2, [pc, #76]	; (10001140 <hardware_alarm_set_target+0xe4>)
100010f2:	621e      	str	r6, [r3, #32]
100010f4:	635e      	str	r6, [r3, #52]	; 0x34
100010f6:	231f      	movs	r3, #31
100010f8:	4018      	ands	r0, r3
100010fa:	3b1e      	subs	r3, #30
100010fc:	4083      	lsls	r3, r0
100010fe:	6013      	str	r3, [r2, #0]
10001100:	4663      	mov	r3, ip
10001102:	4642      	mov	r2, r8
10001104:	2401      	movs	r4, #1
10001106:	701a      	strb	r2, [r3, #0]
10001108:	f3bf 8f5f 	dmb	sy
1000110c:	2200      	movs	r2, #0
1000110e:	4b09      	ldr	r3, [pc, #36]	; (10001134 <hardware_alarm_set_target+0xd8>)
10001110:	601a      	str	r2, [r3, #0]
10001112:	f389 8810 	msr	PRIMASK, r9
10001116:	e7b2      	b.n	1000107e <hardware_alarm_set_target+0x22>
10001118:	2400      	movs	r4, #0
1000111a:	f3bf 8f5f 	dmb	sy
1000111e:	2200      	movs	r2, #0
10001120:	4b04      	ldr	r3, [pc, #16]	; (10001134 <hardware_alarm_set_target+0xd8>)
10001122:	601a      	str	r2, [r3, #0]
10001124:	f389 8810 	msr	PRIMASK, r9
10001128:	e7a9      	b.n	1000107e <hardware_alarm_set_target+0x22>
1000112a:	2401      	movs	r4, #1
1000112c:	e7ec      	b.n	10001108 <hardware_alarm_set_target+0xac>
1000112e:	46c0      	nop			; (mov r8, r8)
10001130:	40054000 	.word	0x40054000
10001134:	d0000128 	.word	0xd0000128
10001138:	200003fa 	.word	0x200003fa
1000113c:	200003e8 	.word	0x200003e8
10001140:	e000e280 	.word	0xe000e280

10001144 <hardware_alarm_cancel>:
10001144:	b510      	push	{r4, lr}
10001146:	f3ef 8410 	mrs	r4, PRIMASK
1000114a:	b672      	cpsid	i
1000114c:	490a      	ldr	r1, [pc, #40]	; (10001178 <hardware_alarm_cancel+0x34>)
1000114e:	680b      	ldr	r3, [r1, #0]
10001150:	2b00      	cmp	r3, #0
10001152:	d0fc      	beq.n	1000114e <hardware_alarm_cancel+0xa>
10001154:	f3bf 8f5f 	dmb	sy
10001158:	2301      	movs	r3, #1
1000115a:	4083      	lsls	r3, r0
1000115c:	4a07      	ldr	r2, [pc, #28]	; (1000117c <hardware_alarm_cancel+0x38>)
1000115e:	4808      	ldr	r0, [pc, #32]	; (10001180 <hardware_alarm_cancel+0x3c>)
10001160:	6213      	str	r3, [r2, #32]
10001162:	7802      	ldrb	r2, [r0, #0]
10001164:	439a      	bics	r2, r3
10001166:	7002      	strb	r2, [r0, #0]
10001168:	f3bf 8f5f 	dmb	sy
1000116c:	2300      	movs	r3, #0
1000116e:	600b      	str	r3, [r1, #0]
10001170:	f384 8810 	msr	PRIMASK, r4
10001174:	bd10      	pop	{r4, pc}
10001176:	46c0      	nop			; (mov r8, r8)
10001178:	d0000128 	.word	0xd0000128
1000117c:	40054000 	.word	0x40054000
10001180:	200003fa 	.word	0x200003fa

10001184 <ph_merge_nodes>:
10001184:	b570      	push	{r4, r5, r6, lr}
10001186:	0006      	movs	r6, r0
10001188:	000d      	movs	r5, r1
1000118a:	0014      	movs	r4, r2
1000118c:	2900      	cmp	r1, #0
1000118e:	d01e      	beq.n	100011ce <ph_merge_nodes+0x4a>
10001190:	2a00      	cmp	r2, #0
10001192:	d01e      	beq.n	100011d2 <ph_merge_nodes+0x4e>
10001194:	6873      	ldr	r3, [r6, #4]
10001196:	6880      	ldr	r0, [r0, #8]
10001198:	4798      	blx	r3
1000119a:	0063      	lsls	r3, r4, #1
1000119c:	006a      	lsls	r2, r5, #1
1000119e:	191b      	adds	r3, r3, r4
100011a0:	1952      	adds	r2, r2, r5
100011a2:	3b03      	subs	r3, #3
100011a4:	3a03      	subs	r2, #3
100011a6:	6831      	ldr	r1, [r6, #0]
100011a8:	2800      	cmp	r0, #0
100011aa:	d008      	beq.n	100011be <ph_merge_nodes+0x3a>
100011ac:	18cb      	adds	r3, r1, r3
100011ae:	188a      	adds	r2, r1, r2
100011b0:	709d      	strb	r5, [r3, #2]
100011b2:	7811      	ldrb	r1, [r2, #0]
100011b4:	2900      	cmp	r1, #0
100011b6:	d10e      	bne.n	100011d6 <ph_merge_nodes+0x52>
100011b8:	7014      	strb	r4, [r2, #0]
100011ba:	0028      	movs	r0, r5
100011bc:	e008      	b.n	100011d0 <ph_merge_nodes+0x4c>
100011be:	188a      	adds	r2, r1, r2
100011c0:	18cb      	adds	r3, r1, r3
100011c2:	7094      	strb	r4, [r2, #2]
100011c4:	7819      	ldrb	r1, [r3, #0]
100011c6:	2900      	cmp	r1, #0
100011c8:	d000      	beq.n	100011cc <ph_merge_nodes+0x48>
100011ca:	7051      	strb	r1, [r2, #1]
100011cc:	701d      	strb	r5, [r3, #0]
100011ce:	0020      	movs	r0, r4
100011d0:	bd70      	pop	{r4, r5, r6, pc}
100011d2:	0008      	movs	r0, r1
100011d4:	e7fc      	b.n	100011d0 <ph_merge_nodes+0x4c>
100011d6:	7059      	strb	r1, [r3, #1]
100011d8:	0028      	movs	r0, r5
100011da:	7014      	strb	r4, [r2, #0]
100011dc:	e7f8      	b.n	100011d0 <ph_merge_nodes+0x4c>
100011de:	46c0      	nop			; (mov r8, r8)

100011e0 <ph_post_alloc_init>:
100011e0:	b5f0      	push	{r4, r5, r6, r7, lr}
100011e2:	46de      	mov	lr, fp
100011e4:	4657      	mov	r7, sl
100011e6:	464e      	mov	r6, r9
100011e8:	4645      	mov	r5, r8
100011ea:	b5e0      	push	{r5, r6, r7, lr}
100011ec:	6083      	str	r3, [r0, #8]
100011ee:	2300      	movs	r3, #0
100011f0:	b089      	sub	sp, #36	; 0x24
100011f2:	6042      	str	r2, [r0, #4]
100011f4:	6802      	ldr	r2, [r0, #0]
100011f6:	9106      	str	r1, [sp, #24]
100011f8:	7343      	strb	r3, [r0, #13]
100011fa:	b2c9      	uxtb	r1, r1
100011fc:	3301      	adds	r3, #1
100011fe:	9105      	str	r1, [sp, #20]
10001200:	7301      	strb	r1, [r0, #12]
10001202:	7383      	strb	r3, [r0, #14]
10001204:	73c1      	strb	r1, [r0, #15]
10001206:	9204      	str	r2, [sp, #16]
10001208:	2901      	cmp	r1, #1
1000120a:	d800      	bhi.n	1000120e <ph_post_alloc_init+0x2e>
1000120c:	e0a4      	b.n	10001358 <ph_post_alloc_init+0x178>
1000120e:	000a      	movs	r2, r1
10001210:	1e4b      	subs	r3, r1, #1
10001212:	b2d9      	uxtb	r1, r3
10001214:	1e93      	subs	r3, r2, #2
10001216:	9107      	str	r1, [sp, #28]
10001218:	2b07      	cmp	r3, #7
1000121a:	d800      	bhi.n	1000121e <ph_post_alloc_init+0x3e>
1000121c:	e0ae      	b.n	1000137c <ph_post_alloc_init+0x19c>
1000121e:	2500      	movs	r5, #0
10001220:	08cb      	lsrs	r3, r1, #3
10001222:	9303      	str	r3, [sp, #12]
10001224:	9b04      	ldr	r3, [sp, #16]
10001226:	4c56      	ldr	r4, [pc, #344]	; (10001380 <ph_post_alloc_init+0x1a0>)
10001228:	1c59      	adds	r1, r3, #1
1000122a:	4b56      	ldr	r3, [pc, #344]	; (10001384 <ph_post_alloc_init+0x1a4>)
1000122c:	4856      	ldr	r0, [pc, #344]	; (10001388 <ph_post_alloc_init+0x1a8>)
1000122e:	469b      	mov	fp, r3
10001230:	4b56      	ldr	r3, [pc, #344]	; (1000138c <ph_post_alloc_init+0x1ac>)
10001232:	469a      	mov	sl, r3
10001234:	4b56      	ldr	r3, [pc, #344]	; (10001390 <ph_post_alloc_init+0x1b0>)
10001236:	469c      	mov	ip, r3
10001238:	4b56      	ldr	r3, [pc, #344]	; (10001394 <ph_post_alloc_init+0x1b4>)
1000123a:	9302      	str	r3, [sp, #8]
1000123c:	4652      	mov	r2, sl
1000123e:	4663      	mov	r3, ip
10001240:	465f      	mov	r7, fp
10001242:	465e      	mov	r6, fp
10001244:	4062      	eors	r2, r4
10001246:	401a      	ands	r2, r3
10001248:	4b50      	ldr	r3, [pc, #320]	; (1000138c <ph_post_alloc_init+0x1ac>)
1000124a:	4027      	ands	r7, r4
1000124c:	18fb      	adds	r3, r7, r3
1000124e:	405a      	eors	r2, r3
10001250:	4006      	ands	r6, r0
10001252:	4653      	mov	r3, sl
10001254:	9601      	str	r6, [sp, #4]
10001256:	4666      	mov	r6, ip
10001258:	4043      	eors	r3, r0
1000125a:	4033      	ands	r3, r6
1000125c:	4e4b      	ldr	r6, [pc, #300]	; (1000138c <ph_post_alloc_init+0x1ac>)
1000125e:	700a      	strb	r2, [r1, #0]
10001260:	46b0      	mov	r8, r6
10001262:	9e01      	ldr	r6, [sp, #4]
10001264:	3501      	adds	r5, #1
10001266:	46b1      	mov	r9, r6
10001268:	44c8      	add	r8, r9
1000126a:	4646      	mov	r6, r8
1000126c:	4073      	eors	r3, r6
1000126e:	0416      	lsls	r6, r2, #16
10001270:	0e36      	lsrs	r6, r6, #24
10001272:	70ce      	strb	r6, [r1, #3]
10001274:	0216      	lsls	r6, r2, #8
10001276:	0e12      	lsrs	r2, r2, #24
10001278:	724a      	strb	r2, [r1, #9]
1000127a:	041a      	lsls	r2, r3, #16
1000127c:	0e12      	lsrs	r2, r2, #24
1000127e:	730b      	strb	r3, [r1, #12]
10001280:	73ca      	strb	r2, [r1, #15]
10001282:	021a      	lsls	r2, r3, #8
10001284:	0e1b      	lsrs	r3, r3, #24
10001286:	754b      	strb	r3, [r1, #21]
10001288:	9b02      	ldr	r3, [sp, #8]
1000128a:	0e36      	lsrs	r6, r6, #24
1000128c:	405c      	eors	r4, r3
1000128e:	4663      	mov	r3, ip
10001290:	401c      	ands	r4, r3
10001292:	4b40      	ldr	r3, [pc, #256]	; (10001394 <ph_post_alloc_init+0x1b4>)
10001294:	0e12      	lsrs	r2, r2, #24
10001296:	4698      	mov	r8, r3
10001298:	9b02      	ldr	r3, [sp, #8]
1000129a:	4447      	add	r7, r8
1000129c:	4058      	eors	r0, r3
1000129e:	4663      	mov	r3, ip
100012a0:	4018      	ands	r0, r3
100012a2:	464b      	mov	r3, r9
100012a4:	4443      	add	r3, r8
100012a6:	4058      	eors	r0, r3
100012a8:	9b03      	ldr	r3, [sp, #12]
100012aa:	b2ed      	uxtb	r5, r5
100012ac:	718e      	strb	r6, [r1, #6]
100012ae:	748a      	strb	r2, [r1, #18]
100012b0:	407c      	eors	r4, r7
100012b2:	3118      	adds	r1, #24
100012b4:	42ab      	cmp	r3, r5
100012b6:	d1c1      	bne.n	1000123c <ph_post_alloc_init+0x5c>
100012b8:	9907      	ldr	r1, [sp, #28]
100012ba:	2307      	movs	r3, #7
100012bc:	000a      	movs	r2, r1
100012be:	439a      	bics	r2, r3
100012c0:	1c53      	adds	r3, r2, #1
100012c2:	b2db      	uxtb	r3, r3
100012c4:	4291      	cmp	r1, r2
100012c6:	d047      	beq.n	10001358 <ph_post_alloc_init+0x178>
100012c8:	9c04      	ldr	r4, [sp, #16]
100012ca:	005a      	lsls	r2, r3, #1
100012cc:	46a4      	mov	ip, r4
100012ce:	18d2      	adds	r2, r2, r3
100012d0:	1c59      	adds	r1, r3, #1
100012d2:	4462      	add	r2, ip
100012d4:	9d05      	ldr	r5, [sp, #20]
100012d6:	b2c9      	uxtb	r1, r1
100012d8:	3a03      	subs	r2, #3
100012da:	7051      	strb	r1, [r2, #1]
100012dc:	428d      	cmp	r5, r1
100012de:	d93b      	bls.n	10001358 <ph_post_alloc_init+0x178>
100012e0:	004a      	lsls	r2, r1, #1
100012e2:	1852      	adds	r2, r2, r1
100012e4:	1c98      	adds	r0, r3, #2
100012e6:	4462      	add	r2, ip
100012e8:	b2c0      	uxtb	r0, r0
100012ea:	3a03      	subs	r2, #3
100012ec:	7050      	strb	r0, [r2, #1]
100012ee:	4285      	cmp	r5, r0
100012f0:	d932      	bls.n	10001358 <ph_post_alloc_init+0x178>
100012f2:	0042      	lsls	r2, r0, #1
100012f4:	1812      	adds	r2, r2, r0
100012f6:	1cd9      	adds	r1, r3, #3
100012f8:	4462      	add	r2, ip
100012fa:	b2c9      	uxtb	r1, r1
100012fc:	3a03      	subs	r2, #3
100012fe:	7051      	strb	r1, [r2, #1]
10001300:	428d      	cmp	r5, r1
10001302:	d929      	bls.n	10001358 <ph_post_alloc_init+0x178>
10001304:	004a      	lsls	r2, r1, #1
10001306:	1852      	adds	r2, r2, r1
10001308:	1d18      	adds	r0, r3, #4
1000130a:	4462      	add	r2, ip
1000130c:	b2c0      	uxtb	r0, r0
1000130e:	3a03      	subs	r2, #3
10001310:	7050      	strb	r0, [r2, #1]
10001312:	4285      	cmp	r5, r0
10001314:	d920      	bls.n	10001358 <ph_post_alloc_init+0x178>
10001316:	0042      	lsls	r2, r0, #1
10001318:	1812      	adds	r2, r2, r0
1000131a:	1d59      	adds	r1, r3, #5
1000131c:	4462      	add	r2, ip
1000131e:	b2c9      	uxtb	r1, r1
10001320:	3a03      	subs	r2, #3
10001322:	7051      	strb	r1, [r2, #1]
10001324:	428d      	cmp	r5, r1
10001326:	d917      	bls.n	10001358 <ph_post_alloc_init+0x178>
10001328:	004a      	lsls	r2, r1, #1
1000132a:	1852      	adds	r2, r2, r1
1000132c:	1d98      	adds	r0, r3, #6
1000132e:	4462      	add	r2, ip
10001330:	b2c0      	uxtb	r0, r0
10001332:	3a03      	subs	r2, #3
10001334:	7050      	strb	r0, [r2, #1]
10001336:	4285      	cmp	r5, r0
10001338:	d90e      	bls.n	10001358 <ph_post_alloc_init+0x178>
1000133a:	0042      	lsls	r2, r0, #1
1000133c:	1812      	adds	r2, r2, r0
1000133e:	1dd9      	adds	r1, r3, #7
10001340:	4462      	add	r2, ip
10001342:	b2c9      	uxtb	r1, r1
10001344:	3a03      	subs	r2, #3
10001346:	7051      	strb	r1, [r2, #1]
10001348:	428d      	cmp	r5, r1
1000134a:	d905      	bls.n	10001358 <ph_post_alloc_init+0x178>
1000134c:	004a      	lsls	r2, r1, #1
1000134e:	1852      	adds	r2, r2, r1
10001350:	4462      	add	r2, ip
10001352:	3a03      	subs	r2, #3
10001354:	3308      	adds	r3, #8
10001356:	7053      	strb	r3, [r2, #1]
10001358:	23ff      	movs	r3, #255	; 0xff
1000135a:	9a06      	ldr	r2, [sp, #24]
1000135c:	4013      	ands	r3, r2
1000135e:	0059      	lsls	r1, r3, #1
10001360:	18c9      	adds	r1, r1, r3
10001362:	9b04      	ldr	r3, [sp, #16]
10001364:	469c      	mov	ip, r3
10001366:	2300      	movs	r3, #0
10001368:	4461      	add	r1, ip
1000136a:	3903      	subs	r1, #3
1000136c:	704b      	strb	r3, [r1, #1]
1000136e:	b009      	add	sp, #36	; 0x24
10001370:	bc3c      	pop	{r2, r3, r4, r5}
10001372:	4690      	mov	r8, r2
10001374:	4699      	mov	r9, r3
10001376:	46a2      	mov	sl, r4
10001378:	46ab      	mov	fp, r5
1000137a:	bdf0      	pop	{r4, r5, r6, r7, pc}
1000137c:	2301      	movs	r3, #1
1000137e:	e7a3      	b.n	100012c8 <ph_post_alloc_init+0xe8>
10001380:	04030201 	.word	0x04030201
10001384:	7f7f7f7f 	.word	0x7f7f7f7f
10001388:	08070605 	.word	0x08070605
1000138c:	01010101 	.word	0x01010101
10001390:	80808080 	.word	0x80808080
10001394:	08080808 	.word	0x08080808

10001398 <ph_merge_two_pass>:
10001398:	b570      	push	{r4, r5, r6, lr}
1000139a:	0004      	movs	r4, r0
1000139c:	2900      	cmp	r1, #0
1000139e:	d007      	beq.n	100013b0 <ph_merge_two_pass+0x18>
100013a0:	004b      	lsls	r3, r1, #1
100013a2:	6800      	ldr	r0, [r0, #0]
100013a4:	185b      	adds	r3, r3, r1
100013a6:	3b03      	subs	r3, #3
100013a8:	18c3      	adds	r3, r0, r3
100013aa:	785a      	ldrb	r2, [r3, #1]
100013ac:	2a00      	cmp	r2, #0
100013ae:	d101      	bne.n	100013b4 <ph_merge_two_pass+0x1c>
100013b0:	0008      	movs	r0, r1
100013b2:	bd70      	pop	{r4, r5, r6, pc}
100013b4:	0055      	lsls	r5, r2, #1
100013b6:	18ad      	adds	r5, r5, r2
100013b8:	3d03      	subs	r5, #3
100013ba:	1940      	adds	r0, r0, r5
100013bc:	2500      	movs	r5, #0
100013be:	7846      	ldrb	r6, [r0, #1]
100013c0:	7045      	strb	r5, [r0, #1]
100013c2:	705d      	strb	r5, [r3, #1]
100013c4:	0020      	movs	r0, r4
100013c6:	f7ff fedd 	bl	10001184 <ph_merge_nodes>
100013ca:	0031      	movs	r1, r6
100013cc:	0005      	movs	r5, r0
100013ce:	0020      	movs	r0, r4
100013d0:	f7ff ffe2 	bl	10001398 <ph_merge_two_pass>
100013d4:	0029      	movs	r1, r5
100013d6:	0002      	movs	r2, r0
100013d8:	0020      	movs	r0, r4
100013da:	f7ff fed3 	bl	10001184 <ph_merge_nodes>
100013de:	0001      	movs	r1, r0
100013e0:	e7e6      	b.n	100013b0 <ph_merge_two_pass+0x18>
100013e2:	46c0      	nop			; (mov r8, r8)

100013e4 <ph_remove_any_head>:
100013e4:	b5f0      	push	{r4, r5, r6, r7, lr}
100013e6:	464e      	mov	r6, r9
100013e8:	4645      	mov	r5, r8
100013ea:	46de      	mov	lr, fp
100013ec:	4657      	mov	r7, sl
100013ee:	b5e0      	push	{r5, r6, r7, lr}
100013f0:	000e      	movs	r6, r1
100013f2:	0074      	lsls	r4, r6, #1
100013f4:	6801      	ldr	r1, [r0, #0]
100013f6:	19a4      	adds	r4, r4, r6
100013f8:	b085      	sub	sp, #20
100013fa:	3c03      	subs	r4, #3
100013fc:	9201      	str	r2, [sp, #4]
100013fe:	190a      	adds	r2, r1, r4
10001400:	0005      	movs	r5, r0
10001402:	7810      	ldrb	r0, [r2, #0]
10001404:	2800      	cmp	r0, #0
10001406:	d04c      	beq.n	100014a2 <ph_remove_any_head+0xbe>
10001408:	0043      	lsls	r3, r0, #1
1000140a:	181b      	adds	r3, r3, r0
1000140c:	3b03      	subs	r3, #3
1000140e:	18cb      	adds	r3, r1, r3
10001410:	785f      	ldrb	r7, [r3, #1]
10001412:	46bc      	mov	ip, r7
10001414:	2f00      	cmp	r7, #0
10001416:	d116      	bne.n	10001446 <ph_remove_any_head+0x62>
10001418:	9c01      	ldr	r4, [sp, #4]
1000141a:	2c00      	cmp	r4, #0
1000141c:	d03e      	beq.n	1000149c <ph_remove_any_head+0xb8>
1000141e:	7bec      	ldrb	r4, [r5, #15]
10001420:	2c00      	cmp	r4, #0
10001422:	d004      	beq.n	1000142e <ph_remove_any_head+0x4a>
10001424:	0063      	lsls	r3, r4, #1
10001426:	191b      	adds	r3, r3, r4
10001428:	18cb      	adds	r3, r1, r3
1000142a:	3b03      	subs	r3, #3
1000142c:	705e      	strb	r6, [r3, #1]
1000142e:	73ee      	strb	r6, [r5, #15]
10001430:	2800      	cmp	r0, #0
10001432:	d12f      	bne.n	10001494 <ph_remove_any_head+0xb0>
10001434:	2300      	movs	r3, #0
10001436:	7053      	strb	r3, [r2, #1]
10001438:	b005      	add	sp, #20
1000143a:	bc3c      	pop	{r2, r3, r4, r5}
1000143c:	4690      	mov	r8, r2
1000143e:	4699      	mov	r9, r3
10001440:	46a2      	mov	sl, r4
10001442:	46ab      	mov	fp, r5
10001444:	bdf0      	pop	{r4, r5, r6, r7, pc}
10001446:	007a      	lsls	r2, r7, #1
10001448:	4462      	add	r2, ip
1000144a:	3a03      	subs	r2, #3
1000144c:	1889      	adds	r1, r1, r2
1000144e:	784a      	ldrb	r2, [r1, #1]
10001450:	4693      	mov	fp, r2
10001452:	2200      	movs	r2, #0
10001454:	704a      	strb	r2, [r1, #1]
10001456:	4690      	mov	r8, r2
10001458:	705a      	strb	r2, [r3, #1]
1000145a:	0001      	movs	r1, r0
1000145c:	003a      	movs	r2, r7
1000145e:	0028      	movs	r0, r5
10001460:	f7ff fe90 	bl	10001184 <ph_merge_nodes>
10001464:	465b      	mov	r3, fp
10001466:	4681      	mov	r9, r0
10001468:	2b00      	cmp	r3, #0
1000146a:	d007      	beq.n	1000147c <ph_remove_any_head+0x98>
1000146c:	005b      	lsls	r3, r3, #1
1000146e:	6829      	ldr	r1, [r5, #0]
10001470:	445b      	add	r3, fp
10001472:	3b03      	subs	r3, #3
10001474:	18cb      	adds	r3, r1, r3
10001476:	785a      	ldrb	r2, [r3, #1]
10001478:	2a00      	cmp	r2, #0
1000147a:	d116      	bne.n	100014aa <ph_remove_any_head+0xc6>
1000147c:	465a      	mov	r2, fp
1000147e:	4649      	mov	r1, r9
10001480:	0028      	movs	r0, r5
10001482:	f7ff fe7f 	bl	10001184 <ph_merge_nodes>
10001486:	6829      	ldr	r1, [r5, #0]
10001488:	9b01      	ldr	r3, [sp, #4]
1000148a:	190a      	adds	r2, r1, r4
1000148c:	2b00      	cmp	r3, #0
1000148e:	d1c6      	bne.n	1000141e <ph_remove_any_head+0x3a>
10001490:	2800      	cmp	r0, #0
10001492:	d0cf      	beq.n	10001434 <ph_remove_any_head+0x50>
10001494:	0043      	lsls	r3, r0, #1
10001496:	181b      	adds	r3, r3, r0
10001498:	3b03      	subs	r3, #3
1000149a:	18cb      	adds	r3, r1, r3
1000149c:	2100      	movs	r1, #0
1000149e:	7099      	strb	r1, [r3, #2]
100014a0:	e7c8      	b.n	10001434 <ph_remove_any_head+0x50>
100014a2:	9b01      	ldr	r3, [sp, #4]
100014a4:	2b00      	cmp	r3, #0
100014a6:	d1ba      	bne.n	1000141e <ph_remove_any_head+0x3a>
100014a8:	e7c4      	b.n	10001434 <ph_remove_any_head+0x50>
100014aa:	0050      	lsls	r0, r2, #1
100014ac:	1880      	adds	r0, r0, r2
100014ae:	3803      	subs	r0, #3
100014b0:	1809      	adds	r1, r1, r0
100014b2:	7848      	ldrb	r0, [r1, #1]
100014b4:	4682      	mov	sl, r0
100014b6:	4640      	mov	r0, r8
100014b8:	7048      	strb	r0, [r1, #1]
100014ba:	7058      	strb	r0, [r3, #1]
100014bc:	4659      	mov	r1, fp
100014be:	0028      	movs	r0, r5
100014c0:	f7ff fe60 	bl	10001184 <ph_merge_nodes>
100014c4:	4653      	mov	r3, sl
100014c6:	4683      	mov	fp, r0
100014c8:	2b00      	cmp	r3, #0
100014ca:	d007      	beq.n	100014dc <ph_remove_any_head+0xf8>
100014cc:	005b      	lsls	r3, r3, #1
100014ce:	6829      	ldr	r1, [r5, #0]
100014d0:	4453      	add	r3, sl
100014d2:	3b03      	subs	r3, #3
100014d4:	18cb      	adds	r3, r1, r3
100014d6:	785a      	ldrb	r2, [r3, #1]
100014d8:	2a00      	cmp	r2, #0
100014da:	d106      	bne.n	100014ea <ph_remove_any_head+0x106>
100014dc:	4659      	mov	r1, fp
100014de:	4652      	mov	r2, sl
100014e0:	0028      	movs	r0, r5
100014e2:	f7ff fe4f 	bl	10001184 <ph_merge_nodes>
100014e6:	4683      	mov	fp, r0
100014e8:	e7c8      	b.n	1000147c <ph_remove_any_head+0x98>
100014ea:	0050      	lsls	r0, r2, #1
100014ec:	1880      	adds	r0, r0, r2
100014ee:	3803      	subs	r0, #3
100014f0:	1809      	adds	r1, r1, r0
100014f2:	4640      	mov	r0, r8
100014f4:	784f      	ldrb	r7, [r1, #1]
100014f6:	7048      	strb	r0, [r1, #1]
100014f8:	7058      	strb	r0, [r3, #1]
100014fa:	4651      	mov	r1, sl
100014fc:	0028      	movs	r0, r5
100014fe:	9702      	str	r7, [sp, #8]
10001500:	f7ff fe40 	bl	10001184 <ph_merge_nodes>
10001504:	4682      	mov	sl, r0
10001506:	2f00      	cmp	r7, #0
10001508:	d008      	beq.n	1000151c <ph_remove_any_head+0x138>
1000150a:	46bc      	mov	ip, r7
1000150c:	007b      	lsls	r3, r7, #1
1000150e:	6829      	ldr	r1, [r5, #0]
10001510:	4463      	add	r3, ip
10001512:	3b03      	subs	r3, #3
10001514:	18cb      	adds	r3, r1, r3
10001516:	785a      	ldrb	r2, [r3, #1]
10001518:	2a00      	cmp	r2, #0
1000151a:	d106      	bne.n	1000152a <ph_remove_any_head+0x146>
1000151c:	4651      	mov	r1, sl
1000151e:	9a02      	ldr	r2, [sp, #8]
10001520:	0028      	movs	r0, r5
10001522:	f7ff fe2f 	bl	10001184 <ph_merge_nodes>
10001526:	4682      	mov	sl, r0
10001528:	e7d8      	b.n	100014dc <ph_remove_any_head+0xf8>
1000152a:	0050      	lsls	r0, r2, #1
1000152c:	1880      	adds	r0, r0, r2
1000152e:	3803      	subs	r0, #3
10001530:	1809      	adds	r1, r1, r0
10001532:	4640      	mov	r0, r8
10001534:	784f      	ldrb	r7, [r1, #1]
10001536:	7048      	strb	r0, [r1, #1]
10001538:	7058      	strb	r0, [r3, #1]
1000153a:	9902      	ldr	r1, [sp, #8]
1000153c:	0028      	movs	r0, r5
1000153e:	9703      	str	r7, [sp, #12]
10001540:	f7ff fe20 	bl	10001184 <ph_merge_nodes>
10001544:	4680      	mov	r8, r0
10001546:	2f00      	cmp	r7, #0
10001548:	d008      	beq.n	1000155c <ph_remove_any_head+0x178>
1000154a:	46bc      	mov	ip, r7
1000154c:	007b      	lsls	r3, r7, #1
1000154e:	6829      	ldr	r1, [r5, #0]
10001550:	4463      	add	r3, ip
10001552:	3b03      	subs	r3, #3
10001554:	18cb      	adds	r3, r1, r3
10001556:	785a      	ldrb	r2, [r3, #1]
10001558:	2a00      	cmp	r2, #0
1000155a:	d106      	bne.n	1000156a <ph_remove_any_head+0x186>
1000155c:	9a03      	ldr	r2, [sp, #12]
1000155e:	4641      	mov	r1, r8
10001560:	0028      	movs	r0, r5
10001562:	f7ff fe0f 	bl	10001184 <ph_merge_nodes>
10001566:	9002      	str	r0, [sp, #8]
10001568:	e7d8      	b.n	1000151c <ph_remove_any_head+0x138>
1000156a:	2003      	movs	r0, #3
1000156c:	4350      	muls	r0, r2
1000156e:	3803      	subs	r0, #3
10001570:	1809      	adds	r1, r1, r0
10001572:	2000      	movs	r0, #0
10001574:	784f      	ldrb	r7, [r1, #1]
10001576:	7048      	strb	r0, [r1, #1]
10001578:	7058      	strb	r0, [r3, #1]
1000157a:	9903      	ldr	r1, [sp, #12]
1000157c:	0028      	movs	r0, r5
1000157e:	f7ff fe01 	bl	10001184 <ph_merge_nodes>
10001582:	0039      	movs	r1, r7
10001584:	9002      	str	r0, [sp, #8]
10001586:	0028      	movs	r0, r5
10001588:	f7ff ff06 	bl	10001398 <ph_merge_two_pass>
1000158c:	9902      	ldr	r1, [sp, #8]
1000158e:	0002      	movs	r2, r0
10001590:	0028      	movs	r0, r5
10001592:	f7ff fdf7 	bl	10001184 <ph_merge_nodes>
10001596:	9003      	str	r0, [sp, #12]
10001598:	e7e0      	b.n	1000155c <ph_remove_any_head+0x178>
1000159a:	46c0      	nop			; (mov r8, r8)

1000159c <ph_remove_head>:
1000159c:	b5f0      	push	{r4, r5, r6, r7, lr}
1000159e:	464e      	mov	r6, r9
100015a0:	4645      	mov	r5, r8
100015a2:	46de      	mov	lr, fp
100015a4:	4657      	mov	r7, sl
100015a6:	b5e0      	push	{r5, r6, r7, lr}
100015a8:	7b46      	ldrb	r6, [r0, #13]
100015aa:	0005      	movs	r5, r0
100015ac:	0074      	lsls	r4, r6, #1
100015ae:	6800      	ldr	r0, [r0, #0]
100015b0:	19a4      	adds	r4, r4, r6
100015b2:	3c03      	subs	r4, #3
100015b4:	b085      	sub	sp, #20
100015b6:	1902      	adds	r2, r0, r4
100015b8:	9101      	str	r1, [sp, #4]
100015ba:	7811      	ldrb	r1, [r2, #0]
100015bc:	2900      	cmp	r1, #0
100015be:	d04e      	beq.n	1000165e <ph_remove_head+0xc2>
100015c0:	004b      	lsls	r3, r1, #1
100015c2:	185b      	adds	r3, r3, r1
100015c4:	3b03      	subs	r3, #3
100015c6:	18c3      	adds	r3, r0, r3
100015c8:	785f      	ldrb	r7, [r3, #1]
100015ca:	46bc      	mov	ip, r7
100015cc:	2f00      	cmp	r7, #0
100015ce:	d118      	bne.n	10001602 <ph_remove_head+0x66>
100015d0:	9c01      	ldr	r4, [sp, #4]
100015d2:	2c00      	cmp	r4, #0
100015d4:	d040      	beq.n	10001658 <ph_remove_head+0xbc>
100015d6:	7bec      	ldrb	r4, [r5, #15]
100015d8:	2c00      	cmp	r4, #0
100015da:	d004      	beq.n	100015e6 <ph_remove_head+0x4a>
100015dc:	0063      	lsls	r3, r4, #1
100015de:	191b      	adds	r3, r3, r4
100015e0:	18c3      	adds	r3, r0, r3
100015e2:	3b03      	subs	r3, #3
100015e4:	705e      	strb	r6, [r3, #1]
100015e6:	73ee      	strb	r6, [r5, #15]
100015e8:	2900      	cmp	r1, #0
100015ea:	d131      	bne.n	10001650 <ph_remove_head+0xb4>
100015ec:	2300      	movs	r3, #0
100015ee:	0030      	movs	r0, r6
100015f0:	7053      	strb	r3, [r2, #1]
100015f2:	7369      	strb	r1, [r5, #13]
100015f4:	b005      	add	sp, #20
100015f6:	bc3c      	pop	{r2, r3, r4, r5}
100015f8:	4690      	mov	r8, r2
100015fa:	4699      	mov	r9, r3
100015fc:	46a2      	mov	sl, r4
100015fe:	46ab      	mov	fp, r5
10001600:	bdf0      	pop	{r4, r5, r6, r7, pc}
10001602:	007a      	lsls	r2, r7, #1
10001604:	4462      	add	r2, ip
10001606:	3a03      	subs	r2, #3
10001608:	1880      	adds	r0, r0, r2
1000160a:	7842      	ldrb	r2, [r0, #1]
1000160c:	4693      	mov	fp, r2
1000160e:	2200      	movs	r2, #0
10001610:	7042      	strb	r2, [r0, #1]
10001612:	4690      	mov	r8, r2
10001614:	705a      	strb	r2, [r3, #1]
10001616:	0028      	movs	r0, r5
10001618:	003a      	movs	r2, r7
1000161a:	f7ff fdb3 	bl	10001184 <ph_merge_nodes>
1000161e:	465b      	mov	r3, fp
10001620:	4681      	mov	r9, r0
10001622:	2b00      	cmp	r3, #0
10001624:	d007      	beq.n	10001636 <ph_remove_head+0x9a>
10001626:	005b      	lsls	r3, r3, #1
10001628:	6829      	ldr	r1, [r5, #0]
1000162a:	445b      	add	r3, fp
1000162c:	3b03      	subs	r3, #3
1000162e:	18cb      	adds	r3, r1, r3
10001630:	785a      	ldrb	r2, [r3, #1]
10001632:	2a00      	cmp	r2, #0
10001634:	d117      	bne.n	10001666 <ph_remove_head+0xca>
10001636:	465a      	mov	r2, fp
10001638:	4649      	mov	r1, r9
1000163a:	0028      	movs	r0, r5
1000163c:	f7ff fda2 	bl	10001184 <ph_merge_nodes>
10001640:	9b01      	ldr	r3, [sp, #4]
10001642:	0001      	movs	r1, r0
10001644:	6828      	ldr	r0, [r5, #0]
10001646:	1902      	adds	r2, r0, r4
10001648:	2b00      	cmp	r3, #0
1000164a:	d1c4      	bne.n	100015d6 <ph_remove_head+0x3a>
1000164c:	2900      	cmp	r1, #0
1000164e:	d0cd      	beq.n	100015ec <ph_remove_head+0x50>
10001650:	004b      	lsls	r3, r1, #1
10001652:	185b      	adds	r3, r3, r1
10001654:	3b03      	subs	r3, #3
10001656:	18c3      	adds	r3, r0, r3
10001658:	2000      	movs	r0, #0
1000165a:	7098      	strb	r0, [r3, #2]
1000165c:	e7c6      	b.n	100015ec <ph_remove_head+0x50>
1000165e:	9b01      	ldr	r3, [sp, #4]
10001660:	2b00      	cmp	r3, #0
10001662:	d1b8      	bne.n	100015d6 <ph_remove_head+0x3a>
10001664:	e7c2      	b.n	100015ec <ph_remove_head+0x50>
10001666:	0050      	lsls	r0, r2, #1
10001668:	1880      	adds	r0, r0, r2
1000166a:	3803      	subs	r0, #3
1000166c:	1809      	adds	r1, r1, r0
1000166e:	7848      	ldrb	r0, [r1, #1]
10001670:	4682      	mov	sl, r0
10001672:	4640      	mov	r0, r8
10001674:	7048      	strb	r0, [r1, #1]
10001676:	7058      	strb	r0, [r3, #1]
10001678:	4659      	mov	r1, fp
1000167a:	0028      	movs	r0, r5
1000167c:	f7ff fd82 	bl	10001184 <ph_merge_nodes>
10001680:	4653      	mov	r3, sl
10001682:	4683      	mov	fp, r0
10001684:	2b00      	cmp	r3, #0
10001686:	d007      	beq.n	10001698 <ph_remove_head+0xfc>
10001688:	005b      	lsls	r3, r3, #1
1000168a:	6829      	ldr	r1, [r5, #0]
1000168c:	4453      	add	r3, sl
1000168e:	3b03      	subs	r3, #3
10001690:	18cb      	adds	r3, r1, r3
10001692:	785a      	ldrb	r2, [r3, #1]
10001694:	2a00      	cmp	r2, #0
10001696:	d106      	bne.n	100016a6 <ph_remove_head+0x10a>
10001698:	4659      	mov	r1, fp
1000169a:	4652      	mov	r2, sl
1000169c:	0028      	movs	r0, r5
1000169e:	f7ff fd71 	bl	10001184 <ph_merge_nodes>
100016a2:	4683      	mov	fp, r0
100016a4:	e7c7      	b.n	10001636 <ph_remove_head+0x9a>
100016a6:	0050      	lsls	r0, r2, #1
100016a8:	1880      	adds	r0, r0, r2
100016aa:	3803      	subs	r0, #3
100016ac:	1809      	adds	r1, r1, r0
100016ae:	4640      	mov	r0, r8
100016b0:	784f      	ldrb	r7, [r1, #1]
100016b2:	7048      	strb	r0, [r1, #1]
100016b4:	7058      	strb	r0, [r3, #1]
100016b6:	4651      	mov	r1, sl
100016b8:	0028      	movs	r0, r5
100016ba:	9702      	str	r7, [sp, #8]
100016bc:	f7ff fd62 	bl	10001184 <ph_merge_nodes>
100016c0:	4682      	mov	sl, r0
100016c2:	2f00      	cmp	r7, #0
100016c4:	d008      	beq.n	100016d8 <ph_remove_head+0x13c>
100016c6:	46bc      	mov	ip, r7
100016c8:	007b      	lsls	r3, r7, #1
100016ca:	6829      	ldr	r1, [r5, #0]
100016cc:	4463      	add	r3, ip
100016ce:	3b03      	subs	r3, #3
100016d0:	18cb      	adds	r3, r1, r3
100016d2:	785a      	ldrb	r2, [r3, #1]
100016d4:	2a00      	cmp	r2, #0
100016d6:	d106      	bne.n	100016e6 <ph_remove_head+0x14a>
100016d8:	4651      	mov	r1, sl
100016da:	9a02      	ldr	r2, [sp, #8]
100016dc:	0028      	movs	r0, r5
100016de:	f7ff fd51 	bl	10001184 <ph_merge_nodes>
100016e2:	4682      	mov	sl, r0
100016e4:	e7d8      	b.n	10001698 <ph_remove_head+0xfc>
100016e6:	0050      	lsls	r0, r2, #1
100016e8:	1880      	adds	r0, r0, r2
100016ea:	3803      	subs	r0, #3
100016ec:	1809      	adds	r1, r1, r0
100016ee:	4640      	mov	r0, r8
100016f0:	784f      	ldrb	r7, [r1, #1]
100016f2:	7048      	strb	r0, [r1, #1]
100016f4:	7058      	strb	r0, [r3, #1]
100016f6:	9902      	ldr	r1, [sp, #8]
100016f8:	0028      	movs	r0, r5
100016fa:	9703      	str	r7, [sp, #12]
100016fc:	f7ff fd42 	bl	10001184 <ph_merge_nodes>
10001700:	4680      	mov	r8, r0
10001702:	2f00      	cmp	r7, #0
10001704:	d008      	beq.n	10001718 <ph_remove_head+0x17c>
10001706:	46bc      	mov	ip, r7
10001708:	007b      	lsls	r3, r7, #1
1000170a:	6829      	ldr	r1, [r5, #0]
1000170c:	4463      	add	r3, ip
1000170e:	3b03      	subs	r3, #3
10001710:	18cb      	adds	r3, r1, r3
10001712:	785a      	ldrb	r2, [r3, #1]
10001714:	2a00      	cmp	r2, #0
10001716:	d106      	bne.n	10001726 <ph_remove_head+0x18a>
10001718:	9a03      	ldr	r2, [sp, #12]
1000171a:	4641      	mov	r1, r8
1000171c:	0028      	movs	r0, r5
1000171e:	f7ff fd31 	bl	10001184 <ph_merge_nodes>
10001722:	9002      	str	r0, [sp, #8]
10001724:	e7d8      	b.n	100016d8 <ph_remove_head+0x13c>
10001726:	2003      	movs	r0, #3
10001728:	4350      	muls	r0, r2
1000172a:	3803      	subs	r0, #3
1000172c:	1809      	adds	r1, r1, r0
1000172e:	2000      	movs	r0, #0
10001730:	784f      	ldrb	r7, [r1, #1]
10001732:	7048      	strb	r0, [r1, #1]
10001734:	7058      	strb	r0, [r3, #1]
10001736:	9903      	ldr	r1, [sp, #12]
10001738:	0028      	movs	r0, r5
1000173a:	f7ff fd23 	bl	10001184 <ph_merge_nodes>
1000173e:	0039      	movs	r1, r7
10001740:	9002      	str	r0, [sp, #8]
10001742:	0028      	movs	r0, r5
10001744:	f7ff fe28 	bl	10001398 <ph_merge_two_pass>
10001748:	9902      	ldr	r1, [sp, #8]
1000174a:	0002      	movs	r2, r0
1000174c:	0028      	movs	r0, r5
1000174e:	f7ff fd19 	bl	10001184 <ph_merge_nodes>
10001752:	9003      	str	r0, [sp, #12]
10001754:	e7e0      	b.n	10001718 <ph_remove_head+0x17c>
10001756:	46c0      	nop			; (mov r8, r8)

10001758 <ph_remove_and_free_node>:
10001758:	b570      	push	{r4, r5, r6, lr}
1000175a:	0004      	movs	r4, r0
1000175c:	2900      	cmp	r1, #0
1000175e:	d02c      	beq.n	100017ba <ph_remove_and_free_node+0x62>
10001760:	7b43      	ldrb	r3, [r0, #13]
10001762:	428b      	cmp	r3, r1
10001764:	d02e      	beq.n	100017c4 <ph_remove_and_free_node+0x6c>
10001766:	6805      	ldr	r5, [r0, #0]
10001768:	0048      	lsls	r0, r1, #1
1000176a:	1840      	adds	r0, r0, r1
1000176c:	3803      	subs	r0, #3
1000176e:	1828      	adds	r0, r5, r0
10001770:	7882      	ldrb	r2, [r0, #2]
10001772:	2a00      	cmp	r2, #0
10001774:	d021      	beq.n	100017ba <ph_remove_and_free_node+0x62>
10001776:	0053      	lsls	r3, r2, #1
10001778:	189b      	adds	r3, r3, r2
1000177a:	3b03      	subs	r3, #3
1000177c:	18eb      	adds	r3, r5, r3
1000177e:	781a      	ldrb	r2, [r3, #0]
10001780:	428a      	cmp	r2, r1
10001782:	d102      	bne.n	1000178a <ph_remove_and_free_node+0x32>
10001784:	e01b      	b.n	100017be <ph_remove_and_free_node+0x66>
10001786:	2a00      	cmp	r2, #0
10001788:	d008      	beq.n	1000179c <ph_remove_and_free_node+0x44>
1000178a:	0053      	lsls	r3, r2, #1
1000178c:	189b      	adds	r3, r3, r2
1000178e:	3b03      	subs	r3, #3
10001790:	18eb      	adds	r3, r5, r3
10001792:	785a      	ldrb	r2, [r3, #1]
10001794:	428a      	cmp	r2, r1
10001796:	d1f6      	bne.n	10001786 <ph_remove_and_free_node+0x2e>
10001798:	7842      	ldrb	r2, [r0, #1]
1000179a:	705a      	strb	r2, [r3, #1]
1000179c:	2300      	movs	r3, #0
1000179e:	2201      	movs	r2, #1
100017a0:	7083      	strb	r3, [r0, #2]
100017a2:	7043      	strb	r3, [r0, #1]
100017a4:	0020      	movs	r0, r4
100017a6:	f7ff fe1d 	bl	100013e4 <ph_remove_any_head>
100017aa:	7b61      	ldrb	r1, [r4, #13]
100017ac:	0002      	movs	r2, r0
100017ae:	0020      	movs	r0, r4
100017b0:	f7ff fce8 	bl	10001184 <ph_merge_nodes>
100017b4:	7360      	strb	r0, [r4, #13]
100017b6:	2001      	movs	r0, #1
100017b8:	e000      	b.n	100017bc <ph_remove_and_free_node+0x64>
100017ba:	2000      	movs	r0, #0
100017bc:	bd70      	pop	{r4, r5, r6, pc}
100017be:	7842      	ldrb	r2, [r0, #1]
100017c0:	701a      	strb	r2, [r3, #0]
100017c2:	e7eb      	b.n	1000179c <ph_remove_and_free_node+0x44>
100017c4:	2201      	movs	r2, #1
100017c6:	0019      	movs	r1, r3
100017c8:	f7ff fe0c 	bl	100013e4 <ph_remove_any_head>
100017cc:	7360      	strb	r0, [r4, #13]
100017ce:	2001      	movs	r0, #1
100017d0:	e7f4      	b.n	100017bc <ph_remove_and_free_node+0x64>
100017d2:	46c0      	nop			; (mov r8, r8)

100017d4 <mutex_init>:
100017d4:	b510      	push	{r4, lr}
100017d6:	0004      	movs	r4, r0
100017d8:	f7fe feba 	bl	10000550 <next_striped_spin_lock_num>
100017dc:	0001      	movs	r1, r0
100017de:	0020      	movs	r0, r4
100017e0:	f7ff f84c 	bl	1000087c <lock_init>
100017e4:	23ff      	movs	r3, #255	; 0xff
100017e6:	7123      	strb	r3, [r4, #4]
100017e8:	f3bf 8f5f 	dmb	sy
100017ec:	bd10      	pop	{r4, pc}
100017ee:	46c0      	nop			; (mov r8, r8)

100017f0 <recursive_mutex_init>:
100017f0:	b510      	push	{r4, lr}
100017f2:	0004      	movs	r4, r0
100017f4:	f7fe feac 	bl	10000550 <next_striped_spin_lock_num>
100017f8:	0001      	movs	r1, r0
100017fa:	0020      	movs	r0, r4
100017fc:	f7ff f83e 	bl	1000087c <lock_init>
10001800:	23ff      	movs	r3, #255	; 0xff
10001802:	80a3      	strh	r3, [r4, #4]
10001804:	f3bf 8f5f 	dmb	sy
10001808:	bd10      	pop	{r4, pc}
1000180a:	46c0      	nop			; (mov r8, r8)

1000180c <runtime_init>:
1000180c:	4b2d      	ldr	r3, [pc, #180]	; (100018c4 <runtime_init+0xb8>)
1000180e:	4a2e      	ldr	r2, [pc, #184]	; (100018c8 <runtime_init+0xbc>)
10001810:	b570      	push	{r4, r5, r6, lr}
10001812:	601a      	str	r2, [r3, #0]
10001814:	4a2d      	ldr	r2, [pc, #180]	; (100018cc <runtime_init+0xc0>)
10001816:	4b2e      	ldr	r3, [pc, #184]	; (100018d0 <runtime_init+0xc4>)
10001818:	492e      	ldr	r1, [pc, #184]	; (100018d4 <runtime_init+0xc8>)
1000181a:	601a      	str	r2, [r3, #0]
1000181c:	0010      	movs	r0, r2
1000181e:	688b      	ldr	r3, [r1, #8]
10001820:	4398      	bics	r0, r3
10001822:	d1fb      	bne.n	1000181c <runtime_init+0x10>
10001824:	4c2c      	ldr	r4, [pc, #176]	; (100018d8 <runtime_init+0xcc>)
10001826:	4b2d      	ldr	r3, [pc, #180]	; (100018dc <runtime_init+0xd0>)
10001828:	429c      	cmp	r4, r3
1000182a:	d209      	bcs.n	10001840 <runtime_init+0x34>
1000182c:	3b01      	subs	r3, #1
1000182e:	1b1d      	subs	r5, r3, r4
10001830:	08ad      	lsrs	r5, r5, #2
10001832:	3501      	adds	r5, #1
10001834:	00ad      	lsls	r5, r5, #2
10001836:	192d      	adds	r5, r5, r4
10001838:	cc08      	ldmia	r4!, {r3}
1000183a:	4798      	blx	r3
1000183c:	42ac      	cmp	r4, r5
1000183e:	d1fb      	bne.n	10001838 <runtime_init+0x2c>
10001840:	f000 f87e 	bl	10001940 <clocks_init>
10001844:	4a26      	ldr	r2, [pc, #152]	; (100018e0 <runtime_init+0xd4>)
10001846:	4b22      	ldr	r3, [pc, #136]	; (100018d0 <runtime_init+0xc4>)
10001848:	601a      	str	r2, [r3, #0]
1000184a:	4a22      	ldr	r2, [pc, #136]	; (100018d4 <runtime_init+0xc8>)
1000184c:	6893      	ldr	r3, [r2, #8]
1000184e:	01db      	lsls	r3, r3, #7
10001850:	3380      	adds	r3, #128	; 0x80
10001852:	d1fb      	bne.n	1000184c <runtime_init+0x40>
10001854:	2240      	movs	r2, #64	; 0x40
10001856:	4b23      	ldr	r3, [pc, #140]	; (100018e4 <runtime_init+0xd8>)
10001858:	4d23      	ldr	r5, [pc, #140]	; (100018e8 <runtime_init+0xdc>)
1000185a:	4824      	ldr	r0, [pc, #144]	; (100018ec <runtime_init+0xe0>)
1000185c:	679a      	str	r2, [r3, #120]	; 0x78
1000185e:	675a      	str	r2, [r3, #116]	; 0x74
10001860:	671a      	str	r2, [r3, #112]	; 0x70
10001862:	66da      	str	r2, [r3, #108]	; 0x6c
10001864:	42a8      	cmp	r0, r5
10001866:	d305      	bcc.n	10001874 <runtime_init+0x68>
10001868:	e00e      	b.n	10001888 <runtime_init+0x7c>
1000186a:	f7ff ffc1 	bl	100017f0 <recursive_mutex_init>
1000186e:	0020      	movs	r0, r4
10001870:	42ac      	cmp	r4, r5
10001872:	d209      	bcs.n	10001888 <runtime_init+0x7c>
10001874:	0004      	movs	r4, r0
10001876:	6803      	ldr	r3, [r0, #0]
10001878:	3408      	adds	r4, #8
1000187a:	2b00      	cmp	r3, #0
1000187c:	d1f5      	bne.n	1000186a <runtime_init+0x5e>
1000187e:	f7ff ffa9 	bl	100017d4 <mutex_init>
10001882:	0020      	movs	r0, r4
10001884:	42ac      	cmp	r4, r5
10001886:	d3f5      	bcc.n	10001874 <runtime_init+0x68>
10001888:	4c19      	ldr	r4, [pc, #100]	; (100018f0 <runtime_init+0xe4>)
1000188a:	4d1a      	ldr	r5, [pc, #104]	; (100018f4 <runtime_init+0xe8>)
1000188c:	68a1      	ldr	r1, [r4, #8]
1000188e:	22c0      	movs	r2, #192	; 0xc0
10001890:	0028      	movs	r0, r5
10001892:	f000 fb81 	bl	10001f98 <__wrap___aeabi_memcpy>
10001896:	60a5      	str	r5, [r4, #8]
10001898:	f7fe fe4c 	bl	10000534 <spin_locks_reset>
1000189c:	f7fe ffdc 	bl	10000858 <irq_init_priorities>
100018a0:	f7ff f998 	bl	10000bd4 <alarm_pool_init_default>
100018a4:	4c14      	ldr	r4, [pc, #80]	; (100018f8 <runtime_init+0xec>)
100018a6:	4b15      	ldr	r3, [pc, #84]	; (100018fc <runtime_init+0xf0>)
100018a8:	429c      	cmp	r4, r3
100018aa:	d209      	bcs.n	100018c0 <runtime_init+0xb4>
100018ac:	3b01      	subs	r3, #1
100018ae:	1b1d      	subs	r5, r3, r4
100018b0:	08ad      	lsrs	r5, r5, #2
100018b2:	3501      	adds	r5, #1
100018b4:	00ad      	lsls	r5, r5, #2
100018b6:	192d      	adds	r5, r5, r4
100018b8:	cc08      	ldmia	r4!, {r3}
100018ba:	4798      	blx	r3
100018bc:	42a5      	cmp	r5, r4
100018be:	d1fb      	bne.n	100018b8 <runtime_init+0xac>
100018c0:	bd70      	pop	{r4, r5, r6, pc}
100018c2:	46c0      	nop			; (mov r8, r8)
100018c4:	4000e000 	.word	0x4000e000
100018c8:	fefbcdbf 	.word	0xfefbcdbf
100018cc:	003c7ffe 	.word	0x003c7ffe
100018d0:	4000f000 	.word	0x4000f000
100018d4:	4000c000 	.word	0x4000c000
100018d8:	20000218 	.word	0x20000218
100018dc:	20000228 	.word	0x20000228
100018e0:	01ffffff 	.word	0x01ffffff
100018e4:	4001f000 	.word	0x4001f000
100018e8:	20000218 	.word	0x20000218
100018ec:	20000210 	.word	0x20000210
100018f0:	e000ed00 	.word	0xe000ed00
100018f4:	20000000 	.word	0x20000000
100018f8:	20000228 	.word	0x20000228
100018fc:	2000022c 	.word	0x2000022c

10001900 <exit>:
10001900:	be00      	bkpt	0x0000
10001902:	e7fd      	b.n	10001900 <exit>

10001904 <panic>:
10001904:	b40f      	push	{r0, r1, r2, r3}
10001906:	b500      	push	{lr}
10001908:	4808      	ldr	r0, [pc, #32]	; (1000192c <panic+0x28>)
1000190a:	b083      	sub	sp, #12
1000190c:	f000 fc76 	bl	100021fc <__wrap_puts>
10001910:	9b04      	ldr	r3, [sp, #16]
10001912:	2b00      	cmp	r3, #0
10001914:	d007      	beq.n	10001926 <panic+0x22>
10001916:	a905      	add	r1, sp, #20
10001918:	0018      	movs	r0, r3
1000191a:	9101      	str	r1, [sp, #4]
1000191c:	f000 f9e8 	bl	10001cf0 <weak_raw_vprintf>
10001920:	4803      	ldr	r0, [pc, #12]	; (10001930 <panic+0x2c>)
10001922:	f000 fc6b 	bl	100021fc <__wrap_puts>
10001926:	be00      	bkpt	0x0000
10001928:	e7fd      	b.n	10001926 <panic+0x22>
1000192a:	46c0      	nop			; (mov r8, r8)
1000192c:	10002318 	.word	0x10002318
10001930:	10002328 	.word	0x10002328

10001934 <hard_assertion_failure>:
10001934:	b510      	push	{r4, lr}
10001936:	4801      	ldr	r0, [pc, #4]	; (1000193c <hard_assertion_failure+0x8>)
10001938:	f7ff ffe4 	bl	10001904 <panic>
1000193c:	1000230c 	.word	0x1000230c

10001940 <clocks_init>:
10001940:	b530      	push	{r4, r5, lr}
10001942:	200c      	movs	r0, #12
10001944:	b083      	sub	sp, #12
10001946:	f000 f9af 	bl	10001ca8 <watchdog_start_tick>
1000194a:	f7fe fdeb 	bl	10000524 <running_on_fpga>
1000194e:	2800      	cmp	r0, #0
10001950:	d00e      	beq.n	10001970 <clocks_init+0x30>
10001952:	4b94      	ldr	r3, [pc, #592]	; (10001ba4 <clocks_init+0x264>)
10001954:	4a94      	ldr	r2, [pc, #592]	; (10001ba8 <clocks_init+0x268>)
10001956:	601a      	str	r2, [r3, #0]
10001958:	605a      	str	r2, [r3, #4]
1000195a:	609a      	str	r2, [r3, #8]
1000195c:	60da      	str	r2, [r3, #12]
1000195e:	611a      	str	r2, [r3, #16]
10001960:	615a      	str	r2, [r3, #20]
10001962:	619a      	str	r2, [r3, #24]
10001964:	61da      	str	r2, [r3, #28]
10001966:	621a      	str	r2, [r3, #32]
10001968:	4a90      	ldr	r2, [pc, #576]	; (10001bac <clocks_init+0x26c>)
1000196a:	625a      	str	r2, [r3, #36]	; 0x24
1000196c:	b003      	add	sp, #12
1000196e:	bd30      	pop	{r4, r5, pc}
10001970:	4c8f      	ldr	r4, [pc, #572]	; (10001bb0 <clocks_init+0x270>)
10001972:	67a0      	str	r0, [r4, #120]	; 0x78
10001974:	f000 f9a0 	bl	10001cb8 <xosc_init>
10001978:	2201      	movs	r2, #1
1000197a:	4b8e      	ldr	r3, [pc, #568]	; (10001bb4 <clocks_init+0x274>)
1000197c:	601a      	str	r2, [r3, #0]
1000197e:	6c63      	ldr	r3, [r4, #68]	; 0x44
10001980:	2b01      	cmp	r3, #1
10001982:	d1fc      	bne.n	1000197e <clocks_init+0x3e>
10001984:	2203      	movs	r2, #3
10001986:	4b8c      	ldr	r3, [pc, #560]	; (10001bb8 <clocks_init+0x278>)
10001988:	601a      	str	r2, [r3, #0]
1000198a:	4a89      	ldr	r2, [pc, #548]	; (10001bb0 <clocks_init+0x270>)
1000198c:	6b93      	ldr	r3, [r2, #56]	; 0x38
1000198e:	2b01      	cmp	r3, #1
10001990:	d1fc      	bne.n	1000198c <clocks_init+0x4c>
10001992:	3301      	adds	r3, #1
10001994:	9300      	str	r3, [sp, #0]
10001996:	4a89      	ldr	r2, [pc, #548]	; (10001bbc <clocks_init+0x27c>)
10001998:	3304      	adds	r3, #4
1000199a:	2101      	movs	r1, #1
1000199c:	4888      	ldr	r0, [pc, #544]	; (10001bc0 <clocks_init+0x280>)
1000199e:	f000 f92f 	bl	10001c00 <pll_init>
100019a2:	2305      	movs	r3, #5
100019a4:	4a87      	ldr	r2, [pc, #540]	; (10001bc4 <clocks_init+0x284>)
100019a6:	9300      	str	r3, [sp, #0]
100019a8:	2101      	movs	r1, #1
100019aa:	4887      	ldr	r0, [pc, #540]	; (10001bc8 <clocks_init+0x288>)
100019ac:	f000 f928 	bl	10001c00 <pll_init>
100019b0:	4b86      	ldr	r3, [pc, #536]	; (10001bcc <clocks_init+0x28c>)
100019b2:	685a      	ldr	r2, [r3, #4]
100019b4:	2aff      	cmp	r2, #255	; 0xff
100019b6:	d802      	bhi.n	100019be <clocks_init+0x7e>
100019b8:	2280      	movs	r2, #128	; 0x80
100019ba:	0052      	lsls	r2, r2, #1
100019bc:	605a      	str	r2, [r3, #4]
100019be:	2280      	movs	r2, #128	; 0x80
100019c0:	4c78      	ldr	r4, [pc, #480]	; (10001ba4 <clocks_init+0x264>)
100019c2:	4b7d      	ldr	r3, [pc, #500]	; (10001bb8 <clocks_init+0x278>)
100019c4:	6921      	ldr	r1, [r4, #16]
100019c6:	0112      	lsls	r2, r2, #4
100019c8:	4d80      	ldr	r5, [pc, #512]	; (10001bcc <clocks_init+0x28c>)
100019ca:	601a      	str	r2, [r3, #0]
100019cc:	2900      	cmp	r1, #0
100019ce:	d005      	beq.n	100019dc <clocks_init+0x9c>
100019d0:	6960      	ldr	r0, [r4, #20]
100019d2:	f000 f9db 	bl	10001d8c <__wrap___aeabi_uidiv>
100019d6:	3001      	adds	r0, #1
100019d8:	3801      	subs	r0, #1
100019da:	d1fd      	bne.n	100019d8 <clocks_init+0x98>
100019dc:	21e0      	movs	r1, #224	; 0xe0
100019de:	4b7b      	ldr	r3, [pc, #492]	; (10001bcc <clocks_init+0x28c>)
100019e0:	2002      	movs	r0, #2
100019e2:	681a      	ldr	r2, [r3, #0]
100019e4:	4011      	ands	r1, r2
100019e6:	2280      	movs	r2, #128	; 0x80
100019e8:	0152      	lsls	r2, r2, #5
100019ea:	432a      	orrs	r2, r5
100019ec:	6011      	str	r1, [r2, #0]
100019ee:	6819      	ldr	r1, [r3, #0]
100019f0:	4048      	eors	r0, r1
100019f2:	2103      	movs	r1, #3
100019f4:	4001      	ands	r1, r0
100019f6:	6011      	str	r1, [r2, #0]
100019f8:	2104      	movs	r1, #4
100019fa:	689a      	ldr	r2, [r3, #8]
100019fc:	4211      	tst	r1, r2
100019fe:	d0fc      	beq.n	100019fa <clocks_init+0xba>
10001a00:	2280      	movs	r2, #128	; 0x80
10001a02:	2180      	movs	r1, #128	; 0x80
10001a04:	0192      	lsls	r2, r2, #6
10001a06:	432a      	orrs	r2, r5
10001a08:	0109      	lsls	r1, r1, #4
10001a0a:	6011      	str	r1, [r2, #0]
10001a0c:	2280      	movs	r2, #128	; 0x80
10001a0e:	0052      	lsls	r2, r2, #1
10001a10:	605a      	str	r2, [r3, #4]
10001a12:	4b6f      	ldr	r3, [pc, #444]	; (10001bd0 <clocks_init+0x290>)
10001a14:	6123      	str	r3, [r4, #16]
10001a16:	4b6f      	ldr	r3, [pc, #444]	; (10001bd4 <clocks_init+0x294>)
10001a18:	6859      	ldr	r1, [r3, #4]
10001a1a:	29ff      	cmp	r1, #255	; 0xff
10001a1c:	d800      	bhi.n	10001a20 <clocks_init+0xe0>
10001a1e:	605a      	str	r2, [r3, #4]
10001a20:	2203      	movs	r2, #3
10001a22:	486c      	ldr	r0, [pc, #432]	; (10001bd4 <clocks_init+0x294>)
10001a24:	4b63      	ldr	r3, [pc, #396]	; (10001bb4 <clocks_init+0x274>)
10001a26:	2101      	movs	r1, #1
10001a28:	601a      	str	r2, [r3, #0]
10001a2a:	0002      	movs	r2, r0
10001a2c:	6893      	ldr	r3, [r2, #8]
10001a2e:	4219      	tst	r1, r3
10001a30:	d0fc      	beq.n	10001a2c <clocks_init+0xec>
10001a32:	25e0      	movs	r5, #224	; 0xe0
10001a34:	6813      	ldr	r3, [r2, #0]
10001a36:	401d      	ands	r5, r3
10001a38:	2380      	movs	r3, #128	; 0x80
10001a3a:	015b      	lsls	r3, r3, #5
10001a3c:	4303      	orrs	r3, r0
10001a3e:	601d      	str	r5, [r3, #0]
10001a40:	6812      	ldr	r2, [r2, #0]
10001a42:	404a      	eors	r2, r1
10001a44:	2103      	movs	r1, #3
10001a46:	4011      	ands	r1, r2
10001a48:	6019      	str	r1, [r3, #0]
10001a4a:	2102      	movs	r1, #2
10001a4c:	4a61      	ldr	r2, [pc, #388]	; (10001bd4 <clocks_init+0x294>)
10001a4e:	6893      	ldr	r3, [r2, #8]
10001a50:	4219      	tst	r1, r3
10001a52:	d0fc      	beq.n	10001a4e <clocks_init+0x10e>
10001a54:	2380      	movs	r3, #128	; 0x80
10001a56:	2180      	movs	r1, #128	; 0x80
10001a58:	019b      	lsls	r3, r3, #6
10001a5a:	4303      	orrs	r3, r0
10001a5c:	0109      	lsls	r1, r1, #4
10001a5e:	6019      	str	r1, [r3, #0]
10001a60:	2180      	movs	r1, #128	; 0x80
10001a62:	4b5d      	ldr	r3, [pc, #372]	; (10001bd8 <clocks_init+0x298>)
10001a64:	0049      	lsls	r1, r1, #1
10001a66:	6051      	str	r1, [r2, #4]
10001a68:	6163      	str	r3, [r4, #20]
10001a6a:	4b5c      	ldr	r3, [pc, #368]	; (10001bdc <clocks_init+0x29c>)
10001a6c:	685a      	ldr	r2, [r3, #4]
10001a6e:	2aff      	cmp	r2, #255	; 0xff
10001a70:	d800      	bhi.n	10001a74 <clocks_init+0x134>
10001a72:	6059      	str	r1, [r3, #4]
10001a74:	2280      	movs	r2, #128	; 0x80
10001a76:	4b5a      	ldr	r3, [pc, #360]	; (10001be0 <clocks_init+0x2a0>)
10001a78:	69e1      	ldr	r1, [r4, #28]
10001a7a:	0112      	lsls	r2, r2, #4
10001a7c:	4d57      	ldr	r5, [pc, #348]	; (10001bdc <clocks_init+0x29c>)
10001a7e:	601a      	str	r2, [r3, #0]
10001a80:	2900      	cmp	r1, #0
10001a82:	d005      	beq.n	10001a90 <clocks_init+0x150>
10001a84:	6960      	ldr	r0, [r4, #20]
10001a86:	f000 f981 	bl	10001d8c <__wrap___aeabi_uidiv>
10001a8a:	3001      	adds	r0, #1
10001a8c:	3801      	subs	r0, #1
10001a8e:	d1fd      	bne.n	10001a8c <clocks_init+0x14c>
10001a90:	22e0      	movs	r2, #224	; 0xe0
10001a92:	4952      	ldr	r1, [pc, #328]	; (10001bdc <clocks_init+0x29c>)
10001a94:	680b      	ldr	r3, [r1, #0]
10001a96:	401a      	ands	r2, r3
10001a98:	2380      	movs	r3, #128	; 0x80
10001a9a:	015b      	lsls	r3, r3, #5
10001a9c:	432b      	orrs	r3, r5
10001a9e:	601a      	str	r2, [r3, #0]
10001aa0:	2380      	movs	r3, #128	; 0x80
10001aa2:	2280      	movs	r2, #128	; 0x80
10001aa4:	019b      	lsls	r3, r3, #6
10001aa6:	432b      	orrs	r3, r5
10001aa8:	0112      	lsls	r2, r2, #4
10001aaa:	601a      	str	r2, [r3, #0]
10001aac:	2280      	movs	r2, #128	; 0x80
10001aae:	4b3e      	ldr	r3, [pc, #248]	; (10001ba8 <clocks_init+0x268>)
10001ab0:	0052      	lsls	r2, r2, #1
10001ab2:	604a      	str	r2, [r1, #4]
10001ab4:	61e3      	str	r3, [r4, #28]
10001ab6:	4b4b      	ldr	r3, [pc, #300]	; (10001be4 <clocks_init+0x2a4>)
10001ab8:	6859      	ldr	r1, [r3, #4]
10001aba:	29ff      	cmp	r1, #255	; 0xff
10001abc:	d800      	bhi.n	10001ac0 <clocks_init+0x180>
10001abe:	605a      	str	r2, [r3, #4]
10001ac0:	2280      	movs	r2, #128	; 0x80
10001ac2:	4b49      	ldr	r3, [pc, #292]	; (10001be8 <clocks_init+0x2a8>)
10001ac4:	6a21      	ldr	r1, [r4, #32]
10001ac6:	0112      	lsls	r2, r2, #4
10001ac8:	4d46      	ldr	r5, [pc, #280]	; (10001be4 <clocks_init+0x2a4>)
10001aca:	601a      	str	r2, [r3, #0]
10001acc:	2900      	cmp	r1, #0
10001ace:	d005      	beq.n	10001adc <clocks_init+0x19c>
10001ad0:	6960      	ldr	r0, [r4, #20]
10001ad2:	f000 f95b 	bl	10001d8c <__wrap___aeabi_uidiv>
10001ad6:	3001      	adds	r0, #1
10001ad8:	3801      	subs	r0, #1
10001ada:	d1fd      	bne.n	10001ad8 <clocks_init+0x198>
10001adc:	22e0      	movs	r2, #224	; 0xe0
10001ade:	4941      	ldr	r1, [pc, #260]	; (10001be4 <clocks_init+0x2a4>)
10001ae0:	680b      	ldr	r3, [r1, #0]
10001ae2:	401a      	ands	r2, r3
10001ae4:	2380      	movs	r3, #128	; 0x80
10001ae6:	015b      	lsls	r3, r3, #5
10001ae8:	432b      	orrs	r3, r5
10001aea:	601a      	str	r2, [r3, #0]
10001aec:	2380      	movs	r3, #128	; 0x80
10001aee:	2280      	movs	r2, #128	; 0x80
10001af0:	019b      	lsls	r3, r3, #6
10001af2:	432b      	orrs	r3, r5
10001af4:	0112      	lsls	r2, r2, #4
10001af6:	601a      	str	r2, [r3, #0]
10001af8:	2380      	movs	r3, #128	; 0x80
10001afa:	005b      	lsls	r3, r3, #1
10001afc:	604b      	str	r3, [r1, #4]
10001afe:	4b2a      	ldr	r3, [pc, #168]	; (10001ba8 <clocks_init+0x268>)
10001b00:	4a3a      	ldr	r2, [pc, #232]	; (10001bec <clocks_init+0x2ac>)
10001b02:	6223      	str	r3, [r4, #32]
10001b04:	4b3a      	ldr	r3, [pc, #232]	; (10001bf0 <clocks_init+0x2b0>)
10001b06:	6859      	ldr	r1, [r3, #4]
10001b08:	4291      	cmp	r1, r2
10001b0a:	d801      	bhi.n	10001b10 <clocks_init+0x1d0>
10001b0c:	3201      	adds	r2, #1
10001b0e:	605a      	str	r2, [r3, #4]
10001b10:	2280      	movs	r2, #128	; 0x80
10001b12:	4b38      	ldr	r3, [pc, #224]	; (10001bf4 <clocks_init+0x2b4>)
10001b14:	6a61      	ldr	r1, [r4, #36]	; 0x24
10001b16:	0112      	lsls	r2, r2, #4
10001b18:	4d35      	ldr	r5, [pc, #212]	; (10001bf0 <clocks_init+0x2b0>)
10001b1a:	601a      	str	r2, [r3, #0]
10001b1c:	2900      	cmp	r1, #0
10001b1e:	d005      	beq.n	10001b2c <clocks_init+0x1ec>
10001b20:	6960      	ldr	r0, [r4, #20]
10001b22:	f000 f933 	bl	10001d8c <__wrap___aeabi_uidiv>
10001b26:	3001      	adds	r0, #1
10001b28:	3801      	subs	r0, #1
10001b2a:	d1fd      	bne.n	10001b28 <clocks_init+0x1e8>
10001b2c:	22e0      	movs	r2, #224	; 0xe0
10001b2e:	4930      	ldr	r1, [pc, #192]	; (10001bf0 <clocks_init+0x2b0>)
10001b30:	680b      	ldr	r3, [r1, #0]
10001b32:	401a      	ands	r2, r3
10001b34:	2380      	movs	r3, #128	; 0x80
10001b36:	015b      	lsls	r3, r3, #5
10001b38:	432b      	orrs	r3, r5
10001b3a:	601a      	str	r2, [r3, #0]
10001b3c:	2380      	movs	r3, #128	; 0x80
10001b3e:	2280      	movs	r2, #128	; 0x80
10001b40:	019b      	lsls	r3, r3, #6
10001b42:	432b      	orrs	r3, r5
10001b44:	0112      	lsls	r2, r2, #4
10001b46:	601a      	str	r2, [r3, #0]
10001b48:	2380      	movs	r3, #128	; 0x80
10001b4a:	02db      	lsls	r3, r3, #11
10001b4c:	604b      	str	r3, [r1, #4]
10001b4e:	4b17      	ldr	r3, [pc, #92]	; (10001bac <clocks_init+0x26c>)
10001b50:	6263      	str	r3, [r4, #36]	; 0x24
10001b52:	4b29      	ldr	r3, [pc, #164]	; (10001bf8 <clocks_init+0x2b8>)
10001b54:	685a      	ldr	r2, [r3, #4]
10001b56:	2aff      	cmp	r2, #255	; 0xff
10001b58:	d802      	bhi.n	10001b60 <clocks_init+0x220>
10001b5a:	2280      	movs	r2, #128	; 0x80
10001b5c:	0052      	lsls	r2, r2, #1
10001b5e:	605a      	str	r2, [r3, #4]
10001b60:	2280      	movs	r2, #128	; 0x80
10001b62:	4b26      	ldr	r3, [pc, #152]	; (10001bfc <clocks_init+0x2bc>)
10001b64:	69a1      	ldr	r1, [r4, #24]
10001b66:	0112      	lsls	r2, r2, #4
10001b68:	4d23      	ldr	r5, [pc, #140]	; (10001bf8 <clocks_init+0x2b8>)
10001b6a:	601a      	str	r2, [r3, #0]
10001b6c:	2900      	cmp	r1, #0
10001b6e:	d005      	beq.n	10001b7c <clocks_init+0x23c>
10001b70:	6960      	ldr	r0, [r4, #20]
10001b72:	f000 f90b 	bl	10001d8c <__wrap___aeabi_uidiv>
10001b76:	3001      	adds	r0, #1
10001b78:	3801      	subs	r0, #1
10001b7a:	d1fd      	bne.n	10001b78 <clocks_init+0x238>
10001b7c:	22e0      	movs	r2, #224	; 0xe0
10001b7e:	491e      	ldr	r1, [pc, #120]	; (10001bf8 <clocks_init+0x2b8>)
10001b80:	680b      	ldr	r3, [r1, #0]
10001b82:	401a      	ands	r2, r3
10001b84:	2380      	movs	r3, #128	; 0x80
10001b86:	015b      	lsls	r3, r3, #5
10001b88:	432b      	orrs	r3, r5
10001b8a:	601a      	str	r2, [r3, #0]
10001b8c:	2380      	movs	r3, #128	; 0x80
10001b8e:	2280      	movs	r2, #128	; 0x80
10001b90:	019b      	lsls	r3, r3, #6
10001b92:	432b      	orrs	r3, r5
10001b94:	0112      	lsls	r2, r2, #4
10001b96:	601a      	str	r2, [r3, #0]
10001b98:	2380      	movs	r3, #128	; 0x80
10001b9a:	005b      	lsls	r3, r3, #1
10001b9c:	604b      	str	r3, [r1, #4]
10001b9e:	4b0e      	ldr	r3, [pc, #56]	; (10001bd8 <clocks_init+0x298>)
10001ba0:	61a3      	str	r3, [r4, #24]
10001ba2:	e6e3      	b.n	1000196c <clocks_init+0x2c>
10001ba4:	2000035c 	.word	0x2000035c
10001ba8:	02dc6c00 	.word	0x02dc6c00
10001bac:	0000b71b 	.word	0x0000b71b
10001bb0:	40008000 	.word	0x40008000
10001bb4:	4000b03c 	.word	0x4000b03c
10001bb8:	4000b030 	.word	0x4000b030
10001bbc:	59682f00 	.word	0x59682f00
10001bc0:	40028000 	.word	0x40028000
10001bc4:	47868c00 	.word	0x47868c00
10001bc8:	4002c000 	.word	0x4002c000
10001bcc:	40008030 	.word	0x40008030
10001bd0:	00b71b00 	.word	0x00b71b00
10001bd4:	4000803c 	.word	0x4000803c
10001bd8:	07735940 	.word	0x07735940
10001bdc:	40008054 	.word	0x40008054
10001be0:	4000b054 	.word	0x4000b054
10001be4:	40008060 	.word	0x40008060
10001be8:	4000b060 	.word	0x4000b060
10001bec:	0003ffff 	.word	0x0003ffff
10001bf0:	4000806c 	.word	0x4000806c
10001bf4:	4000b06c 	.word	0x4000b06c
10001bf8:	40008048 	.word	0x40008048
10001bfc:	4000b048 	.word	0x4000b048

10001c00 <pll_init>:
10001c00:	b5f8      	push	{r3, r4, r5, r6, r7, lr}
10001c02:	0004      	movs	r4, r0
10001c04:	200c      	movs	r0, #12
10001c06:	001e      	movs	r6, r3
10001c08:	0017      	movs	r7, r2
10001c0a:	000d      	movs	r5, r1
10001c0c:	f000 f8be 	bl	10001d8c <__wrap___aeabi_uidiv>
10001c10:	0142      	lsls	r2, r0, #5
10001c12:	1a12      	subs	r2, r2, r0
10001c14:	0191      	lsls	r1, r2, #6
10001c16:	1a89      	subs	r1, r1, r2
10001c18:	00c9      	lsls	r1, r1, #3
10001c1a:	1809      	adds	r1, r1, r0
10001c1c:	0189      	lsls	r1, r1, #6
10001c1e:	0038      	movs	r0, r7
10001c20:	f000 f8b4 	bl	10001d8c <__wrap___aeabi_uidiv>
10001c24:	9b06      	ldr	r3, [sp, #24]
10001c26:	6822      	ldr	r2, [r4, #0]
10001c28:	0436      	lsls	r6, r6, #16
10001c2a:	031b      	lsls	r3, r3, #12
10001c2c:	4333      	orrs	r3, r6
10001c2e:	2a00      	cmp	r2, #0
10001c30:	db21      	blt.n	10001c76 <pll_init+0x76>
10001c32:	4a19      	ldr	r2, [pc, #100]	; (10001c98 <pll_init+0x98>)
10001c34:	4e19      	ldr	r6, [pc, #100]	; (10001c9c <pll_init+0x9c>)
10001c36:	18a2      	adds	r2, r4, r2
10001c38:	4251      	negs	r1, r2
10001c3a:	414a      	adcs	r2, r1
10001c3c:	2180      	movs	r1, #128	; 0x80
10001c3e:	0149      	lsls	r1, r1, #5
10001c40:	468c      	mov	ip, r1
10001c42:	4252      	negs	r2, r2
10001c44:	400a      	ands	r2, r1
10001c46:	4916      	ldr	r1, [pc, #88]	; (10001ca0 <pll_init+0xa0>)
10001c48:	4462      	add	r2, ip
10001c4a:	600a      	str	r2, [r1, #0]
10001c4c:	4915      	ldr	r1, [pc, #84]	; (10001ca4 <pll_init+0xa4>)
10001c4e:	600a      	str	r2, [r1, #0]
10001c50:	0017      	movs	r7, r2
10001c52:	68b1      	ldr	r1, [r6, #8]
10001c54:	438f      	bics	r7, r1
10001c56:	d1fb      	bne.n	10001c50 <pll_init+0x50>
10001c58:	21c0      	movs	r1, #192	; 0xc0
10001c5a:	1d22      	adds	r2, r4, #4
10001c5c:	0189      	lsls	r1, r1, #6
10001c5e:	4311      	orrs	r1, r2
10001c60:	2221      	movs	r2, #33	; 0x21
10001c62:	6025      	str	r5, [r4, #0]
10001c64:	60a0      	str	r0, [r4, #8]
10001c66:	600a      	str	r2, [r1, #0]
10001c68:	6822      	ldr	r2, [r4, #0]
10001c6a:	2a00      	cmp	r2, #0
10001c6c:	dafc      	bge.n	10001c68 <pll_init+0x68>
10001c6e:	60e3      	str	r3, [r4, #12]
10001c70:	2308      	movs	r3, #8
10001c72:	600b      	str	r3, [r1, #0]
10001c74:	bdf8      	pop	{r3, r4, r5, r6, r7, pc}
10001c76:	223f      	movs	r2, #63	; 0x3f
10001c78:	6821      	ldr	r1, [r4, #0]
10001c7a:	400a      	ands	r2, r1
10001c7c:	42aa      	cmp	r2, r5
10001c7e:	d1d8      	bne.n	10001c32 <pll_init+0x32>
10001c80:	68a2      	ldr	r2, [r4, #8]
10001c82:	0512      	lsls	r2, r2, #20
10001c84:	0d12      	lsrs	r2, r2, #20
10001c86:	4282      	cmp	r2, r0
10001c88:	d1d3      	bne.n	10001c32 <pll_init+0x32>
10001c8a:	21ee      	movs	r1, #238	; 0xee
10001c8c:	68e2      	ldr	r2, [r4, #12]
10001c8e:	02c9      	lsls	r1, r1, #11
10001c90:	400a      	ands	r2, r1
10001c92:	429a      	cmp	r2, r3
10001c94:	d1cd      	bne.n	10001c32 <pll_init+0x32>
10001c96:	e7ed      	b.n	10001c74 <pll_init+0x74>
10001c98:	bffd4000 	.word	0xbffd4000
10001c9c:	4000c000 	.word	0x4000c000
10001ca0:	4000e000 	.word	0x4000e000
10001ca4:	4000f000 	.word	0x4000f000

10001ca8 <watchdog_start_tick>:
10001ca8:	2380      	movs	r3, #128	; 0x80
10001caa:	4a02      	ldr	r2, [pc, #8]	; (10001cb4 <watchdog_start_tick+0xc>)
10001cac:	009b      	lsls	r3, r3, #2
10001cae:	4303      	orrs	r3, r0
10001cb0:	62d3      	str	r3, [r2, #44]	; 0x2c
10001cb2:	4770      	bx	lr
10001cb4:	40058000 	.word	0x40058000

10001cb8 <xosc_init>:
10001cb8:	23aa      	movs	r3, #170	; 0xaa
10001cba:	4a06      	ldr	r2, [pc, #24]	; (10001cd4 <xosc_init+0x1c>)
10001cbc:	011b      	lsls	r3, r3, #4
10001cbe:	6013      	str	r3, [r2, #0]
10001cc0:	232f      	movs	r3, #47	; 0x2f
10001cc2:	4905      	ldr	r1, [pc, #20]	; (10001cd8 <xosc_init+0x20>)
10001cc4:	60d3      	str	r3, [r2, #12]
10001cc6:	4b05      	ldr	r3, [pc, #20]	; (10001cdc <xosc_init+0x24>)
10001cc8:	6019      	str	r1, [r3, #0]
10001cca:	6853      	ldr	r3, [r2, #4]
10001ccc:	2b00      	cmp	r3, #0
10001cce:	dafc      	bge.n	10001cca <xosc_init+0x12>
10001cd0:	4770      	bx	lr
10001cd2:	46c0      	nop			; (mov r8, r8)
10001cd4:	40024000 	.word	0x40024000
10001cd8:	00fab000 	.word	0x00fab000
10001cdc:	40026000 	.word	0x40026000

10001ce0 <_out_char>:
10001ce0:	b510      	push	{r4, lr}
10001ce2:	2800      	cmp	r0, #0
10001ce4:	d100      	bne.n	10001ce8 <_out_char+0x8>
10001ce6:	bd10      	pop	{r4, pc}
10001ce8:	f000 fa36 	bl	10002158 <__wrap_putchar>
10001cec:	e7fb      	b.n	10001ce6 <_out_char+0x6>
10001cee:	46c0      	nop			; (mov r8, r8)

10001cf0 <weak_raw_vprintf>:
10001cf0:	b510      	push	{r4, lr}
10001cf2:	4a09      	ldr	r2, [pc, #36]	; (10001d18 <weak_raw_vprintf+0x28>)
10001cf4:	b084      	sub	sp, #16
10001cf6:	6814      	ldr	r4, [r2, #0]
10001cf8:	2c00      	cmp	r4, #0
10001cfa:	d009      	beq.n	10001d10 <weak_raw_vprintf+0x20>
10001cfc:	2201      	movs	r2, #1
10001cfe:	9100      	str	r1, [sp, #0]
10001d00:	0003      	movs	r3, r0
10001d02:	4252      	negs	r2, r2
10001d04:	a903      	add	r1, sp, #12
10001d06:	4805      	ldr	r0, [pc, #20]	; (10001d1c <weak_raw_vprintf+0x2c>)
10001d08:	47a0      	blx	r4
10001d0a:	2001      	movs	r0, #1
10001d0c:	b004      	add	sp, #16
10001d0e:	bd10      	pop	{r4, pc}
10001d10:	f000 fa74 	bl	100021fc <__wrap_puts>
10001d14:	2000      	movs	r0, #0
10001d16:	e7f9      	b.n	10001d0c <weak_raw_vprintf+0x1c>
10001d18:	200003cc 	.word	0x200003cc
10001d1c:	10001ce1 	.word	0x10001ce1

10001d20 <__aeabi_bits_init>:
10001d20:	4801      	ldr	r0, [pc, #4]	; (10001d28 <__aeabi_bits_init+0x8>)
10001d22:	2104      	movs	r1, #4
10001d24:	4b01      	ldr	r3, [pc, #4]	; (10001d2c <__aeabi_bits_init+0xc>)
10001d26:	4718      	bx	r3
10001d28:	200001f0 	.word	0x200001f0
10001d2c:	10001d51 	.word	0x10001d51

10001d30 <rom_func_lookup>:
10001d30:	2314      	movs	r3, #20
10001d32:	b510      	push	{r4, lr}
10001d34:	0001      	movs	r1, r0
10001d36:	8818      	ldrh	r0, [r3, #0]
10001d38:	3304      	adds	r3, #4
10001d3a:	881b      	ldrh	r3, [r3, #0]
10001d3c:	4798      	blx	r3
10001d3e:	bd10      	pop	{r4, pc}

10001d40 <rom_data_lookup>:
10001d40:	2316      	movs	r3, #22
10001d42:	b510      	push	{r4, lr}
10001d44:	0001      	movs	r1, r0
10001d46:	8818      	ldrh	r0, [r3, #0]
10001d48:	3302      	adds	r3, #2
10001d4a:	881b      	ldrh	r3, [r3, #0]
10001d4c:	4798      	blx	r3
10001d4e:	bd10      	pop	{r4, pc}

10001d50 <rom_funcs_lookup>:
10001d50:	b5f0      	push	{r4, r5, r6, r7, lr}
10001d52:	46c6      	mov	lr, r8
10001d54:	b500      	push	{lr}
10001d56:	2900      	cmp	r1, #0
10001d58:	d016      	beq.n	10001d88 <rom_funcs_lookup+0x38>
10001d5a:	2314      	movs	r3, #20
10001d5c:	0004      	movs	r4, r0
10001d5e:	2501      	movs	r5, #1
10001d60:	4698      	mov	r8, r3
10001d62:	2718      	movs	r7, #24
10001d64:	0089      	lsls	r1, r1, #2
10001d66:	1846      	adds	r6, r0, r1
10001d68:	4643      	mov	r3, r8
10001d6a:	6821      	ldr	r1, [r4, #0]
10001d6c:	8818      	ldrh	r0, [r3, #0]
10001d6e:	883b      	ldrh	r3, [r7, #0]
10001d70:	4798      	blx	r3
10001d72:	c401      	stmia	r4!, {r0}
10001d74:	1e43      	subs	r3, r0, #1
10001d76:	4198      	sbcs	r0, r3
10001d78:	4240      	negs	r0, r0
10001d7a:	4005      	ands	r5, r0
10001d7c:	42a6      	cmp	r6, r4
10001d7e:	d1f3      	bne.n	10001d68 <rom_funcs_lookup+0x18>
10001d80:	0028      	movs	r0, r5
10001d82:	bc04      	pop	{r2}
10001d84:	4690      	mov	r8, r2
10001d86:	bdf0      	pop	{r4, r5, r6, r7, pc}
10001d88:	2501      	movs	r5, #1
10001d8a:	e7f9      	b.n	10001d80 <rom_funcs_lookup+0x30>

10001d8c <__wrap___aeabi_uidiv>:
10001d8c:	4a11      	ldr	r2, [pc, #68]	; (10001dd4 <divmod_u32u32_savestate+0x18>)
10001d8e:	6f93      	ldr	r3, [r2, #120]	; 0x78
10001d90:	089b      	lsrs	r3, r3, #2
10001d92:	d213      	bcs.n	10001dbc <divmod_u32u32_savestate>

10001d94 <divmod_u32u32_unsafe>:
10001d94:	6610      	str	r0, [r2, #96]	; 0x60
10001d96:	6651      	str	r1, [r2, #100]	; 0x64
10001d98:	2900      	cmp	r1, #0
10001d9a:	d005      	beq.n	10001da8 <divmod_u32u32_unsafe+0x14>
10001d9c:	e7ff      	b.n	10001d9e <divmod_u32u32_unsafe+0xa>
10001d9e:	e7ff      	b.n	10001da0 <divmod_u32u32_unsafe+0xc>
10001da0:	e7ff      	b.n	10001da2 <divmod_u32u32_unsafe+0xe>
10001da2:	6f51      	ldr	r1, [r2, #116]	; 0x74
10001da4:	6f10      	ldr	r0, [r2, #112]	; 0x70
10001da6:	4770      	bx	lr
10001da8:	b504      	push	{r2, lr}
10001daa:	2800      	cmp	r0, #0
10001dac:	d001      	beq.n	10001db2 <divmod_u32u32_unsafe+0x1e>
10001dae:	2000      	movs	r0, #0
10001db0:	43c0      	mvns	r0, r0
10001db2:	f000 fa81 	bl	100022b8 <____aeabi_idiv0_veneer>
10001db6:	2100      	movs	r1, #0
10001db8:	bd04      	pop	{r2, pc}
10001dba:	46c0      	nop			; (mov r8, r8)

10001dbc <divmod_u32u32_savestate>:
10001dbc:	b5f0      	push	{r4, r5, r6, r7, lr}
10001dbe:	6e14      	ldr	r4, [r2, #96]	; 0x60
10001dc0:	6e55      	ldr	r5, [r2, #100]	; 0x64
10001dc2:	6f57      	ldr	r7, [r2, #116]	; 0x74
10001dc4:	6f16      	ldr	r6, [r2, #112]	; 0x70
10001dc6:	f7ff ffe5 	bl	10001d94 <divmod_u32u32_unsafe>
10001dca:	6614      	str	r4, [r2, #96]	; 0x60
10001dcc:	6655      	str	r5, [r2, #100]	; 0x64
10001dce:	6757      	str	r7, [r2, #116]	; 0x74
10001dd0:	6716      	str	r6, [r2, #112]	; 0x70
10001dd2:	bdf0      	pop	{r4, r5, r6, r7, pc}
10001dd4:	d0000000 	.word	0xd0000000

10001dd8 <__aeabi_double_init>:
10001dd8:	2313      	movs	r3, #19
10001dda:	b570      	push	{r4, r5, r6, lr}
10001ddc:	781d      	ldrb	r5, [r3, #0]
10001dde:	2d01      	cmp	r5, #1
10001de0:	d015      	beq.n	10001e0e <__aeabi_double_init+0x36>
10001de2:	dd10      	ble.n	10001e06 <__aeabi_double_init+0x2e>
10001de4:	4826      	ldr	r0, [pc, #152]	; (10001e80 <__aeabi_double_init+0xa8>)
10001de6:	f7ff ffab 	bl	10001d40 <rom_data_lookup>
10001dea:	4c26      	ldr	r4, [pc, #152]	; (10001e84 <__aeabi_double_init+0xac>)
10001dec:	0001      	movs	r1, r0
10001dee:	2280      	movs	r2, #128	; 0x80
10001df0:	0020      	movs	r0, r4
10001df2:	f000 f8d1 	bl	10001f98 <__wrap___aeabi_memcpy>
10001df6:	2d02      	cmp	r5, #2
10001df8:	d006      	beq.n	10001e08 <__aeabi_double_init+0x30>
10001dfa:	4823      	ldr	r0, [pc, #140]	; (10001e88 <__aeabi_double_init+0xb0>)
10001dfc:	f7ff ff98 	bl	10001d30 <rom_func_lookup>
10001e00:	4b22      	ldr	r3, [pc, #136]	; (10001e8c <__aeabi_double_init+0xb4>)
10001e02:	6018      	str	r0, [r3, #0]
10001e04:	bd70      	pop	{r4, r5, r6, pc}
10001e06:	4c1f      	ldr	r4, [pc, #124]	; (10001e84 <__aeabi_double_init+0xac>)
10001e08:	4a21      	ldr	r2, [pc, #132]	; (10001e90 <__aeabi_double_init+0xb8>)
10001e0a:	64a2      	str	r2, [r4, #72]	; 0x48
10001e0c:	e7f5      	b.n	10001dfa <__aeabi_double_init+0x22>
10001e0e:	4c1d      	ldr	r4, [pc, #116]	; (10001e84 <__aeabi_double_init+0xac>)
10001e10:	4a1f      	ldr	r2, [pc, #124]	; (10001e90 <__aeabi_double_init+0xb8>)
10001e12:	08a3      	lsrs	r3, r4, #2
10001e14:	425b      	negs	r3, r3
10001e16:	401d      	ands	r5, r3
10001e18:	d02f      	beq.n	10001e7a <__aeabi_double_init+0xa2>
10001e1a:	002b      	movs	r3, r5
10001e1c:	6022      	str	r2, [r4, #0]
10001e1e:	2020      	movs	r0, #32
10001e20:	00a9      	lsls	r1, r5, #2
10001e22:	1861      	adds	r1, r4, r1
10001e24:	1b45      	subs	r5, r0, r5
10001e26:	600a      	str	r2, [r1, #0]
10001e28:	604a      	str	r2, [r1, #4]
10001e2a:	608a      	str	r2, [r1, #8]
10001e2c:	60ca      	str	r2, [r1, #12]
10001e2e:	610a      	str	r2, [r1, #16]
10001e30:	614a      	str	r2, [r1, #20]
10001e32:	618a      	str	r2, [r1, #24]
10001e34:	61ca      	str	r2, [r1, #28]
10001e36:	620a      	str	r2, [r1, #32]
10001e38:	624a      	str	r2, [r1, #36]	; 0x24
10001e3a:	628a      	str	r2, [r1, #40]	; 0x28
10001e3c:	62ca      	str	r2, [r1, #44]	; 0x2c
10001e3e:	630a      	str	r2, [r1, #48]	; 0x30
10001e40:	634a      	str	r2, [r1, #52]	; 0x34
10001e42:	638a      	str	r2, [r1, #56]	; 0x38
10001e44:	63ca      	str	r2, [r1, #60]	; 0x3c
10001e46:	640a      	str	r2, [r1, #64]	; 0x40
10001e48:	644a      	str	r2, [r1, #68]	; 0x44
10001e4a:	648a      	str	r2, [r1, #72]	; 0x48
10001e4c:	64ca      	str	r2, [r1, #76]	; 0x4c
10001e4e:	650a      	str	r2, [r1, #80]	; 0x50
10001e50:	654a      	str	r2, [r1, #84]	; 0x54
10001e52:	658a      	str	r2, [r1, #88]	; 0x58
10001e54:	65ca      	str	r2, [r1, #92]	; 0x5c
10001e56:	660a      	str	r2, [r1, #96]	; 0x60
10001e58:	664a      	str	r2, [r1, #100]	; 0x64
10001e5a:	668a      	str	r2, [r1, #104]	; 0x68
10001e5c:	66ca      	str	r2, [r1, #108]	; 0x6c
10001e5e:	670a      	str	r2, [r1, #112]	; 0x70
10001e60:	674a      	str	r2, [r1, #116]	; 0x74
10001e62:	086d      	lsrs	r5, r5, #1
10001e64:	2d10      	cmp	r5, #16
10001e66:	d103      	bne.n	10001e70 <__aeabi_double_init+0x98>
10001e68:	678a      	str	r2, [r1, #120]	; 0x78
10001e6a:	67ca      	str	r2, [r1, #124]	; 0x7c
10001e6c:	64a2      	str	r2, [r4, #72]	; 0x48
10001e6e:	e7c4      	b.n	10001dfa <__aeabi_double_init+0x22>
10001e70:	331e      	adds	r3, #30
10001e72:	009b      	lsls	r3, r3, #2
10001e74:	50e2      	str	r2, [r4, r3]
10001e76:	64a2      	str	r2, [r4, #72]	; 0x48
10001e78:	e7bf      	b.n	10001dfa <__aeabi_double_init+0x22>
10001e7a:	2300      	movs	r3, #0
10001e7c:	e7cf      	b.n	10001e1e <__aeabi_double_init+0x46>
10001e7e:	46c0      	nop			; (mov r8, r8)
10001e80:	00004453 	.word	0x00004453
10001e84:	200003fc 	.word	0x200003fc
10001e88:	0000334c 	.word	0x0000334c
10001e8c:	200003e0 	.word	0x200003e0
10001e90:	10001e95 	.word	0x10001e95

10001e94 <double_table_shim_on_use_helper>:
10001e94:	b507      	push	{r0, r1, r2, lr}
10001e96:	4660      	mov	r0, ip
10001e98:	8801      	ldrh	r1, [r0, #0]
10001e9a:	0a0a      	lsrs	r2, r1, #8
10001e9c:	3002      	adds	r0, #2
10001e9e:	2adf      	cmp	r2, #223	; 0xdf
10001ea0:	d1fa      	bne.n	10001e98 <double_table_shim_on_use_helper+0x4>
10001ea2:	b2c9      	uxtb	r1, r1
10001ea4:	0882      	lsrs	r2, r0, #2
10001ea6:	d304      	bcc.n	10001eb2 <double_table_shim_on_use_helper+0x1e>
10001ea8:	8802      	ldrh	r2, [r0, #0]
10001eaa:	8840      	ldrh	r0, [r0, #2]
10001eac:	0400      	lsls	r0, r0, #16
10001eae:	4310      	orrs	r0, r2
10001eb0:	e000      	b.n	10001eb4 <double_table_shim_on_use_helper+0x20>
10001eb2:	6800      	ldr	r0, [r0, #0]
10001eb4:	4a01      	ldr	r2, [pc, #4]	; (10001ebc <double_table_shim_on_use_helper+0x28>)
10001eb6:	5050      	str	r0, [r2, r1]
10001eb8:	9003      	str	r0, [sp, #12]
10001eba:	bd07      	pop	{r0, r1, r2, pc}
10001ebc:	200003fc 	.word	0x200003fc

10001ec0 <__wrap___aeabi_lmul>:
10001ec0:	4351      	muls	r1, r2
10001ec2:	4343      	muls	r3, r0
10001ec4:	18c9      	adds	r1, r1, r3
10001ec6:	468c      	mov	ip, r1
10001ec8:	0c11      	lsrs	r1, r2, #16
10001eca:	b283      	uxth	r3, r0
10001ecc:	434b      	muls	r3, r1
10001ece:	b410      	push	{r4}
10001ed0:	0c04      	lsrs	r4, r0, #16
10001ed2:	4361      	muls	r1, r4
10001ed4:	b292      	uxth	r2, r2
10001ed6:	b280      	uxth	r0, r0
10001ed8:	4350      	muls	r0, r2
10001eda:	4362      	muls	r2, r4
10001edc:	041c      	lsls	r4, r3, #16
10001ede:	0c1b      	lsrs	r3, r3, #16
10001ee0:	1900      	adds	r0, r0, r4
10001ee2:	bc10      	pop	{r4}
10001ee4:	4159      	adcs	r1, r3
10001ee6:	0413      	lsls	r3, r2, #16
10001ee8:	0c12      	lsrs	r2, r2, #16
10001eea:	18c0      	adds	r0, r0, r3
10001eec:	4151      	adcs	r1, r2
10001eee:	4461      	add	r1, ip
10001ef0:	4770      	bx	lr
	...

10001ef4 <__aeabi_float_init>:
10001ef4:	2313      	movs	r3, #19
10001ef6:	b510      	push	{r4, lr}
10001ef8:	781c      	ldrb	r4, [r3, #0]
10001efa:	4813      	ldr	r0, [pc, #76]	; (10001f48 <__aeabi_float_init+0x54>)
10001efc:	f7ff ff20 	bl	10001d40 <rom_data_lookup>
10001f00:	2c01      	cmp	r4, #1
10001f02:	d00b      	beq.n	10001f1c <__aeabi_float_init+0x28>
10001f04:	dd04      	ble.n	10001f10 <__aeabi_float_init+0x1c>
10001f06:	0001      	movs	r1, r0
10001f08:	2280      	movs	r2, #128	; 0x80
10001f0a:	4810      	ldr	r0, [pc, #64]	; (10001f4c <__aeabi_float_init+0x58>)
10001f0c:	f000 f844 	bl	10001f98 <__wrap___aeabi_memcpy>
10001f10:	480f      	ldr	r0, [pc, #60]	; (10001f50 <__aeabi_float_init+0x5c>)
10001f12:	f7ff ff0d 	bl	10001d30 <rom_func_lookup>
10001f16:	4b0f      	ldr	r3, [pc, #60]	; (10001f54 <__aeabi_float_init+0x60>)
10001f18:	6018      	str	r0, [r3, #0]
10001f1a:	bd10      	pop	{r4, pc}
10001f1c:	4c0b      	ldr	r4, [pc, #44]	; (10001f4c <__aeabi_float_init+0x58>)
10001f1e:	0001      	movs	r1, r0
10001f20:	2254      	movs	r2, #84	; 0x54
10001f22:	0020      	movs	r0, r4
10001f24:	f000 f838 	bl	10001f98 <__wrap___aeabi_memcpy>
10001f28:	4b0b      	ldr	r3, [pc, #44]	; (10001f58 <__aeabi_float_init+0x64>)
10001f2a:	6563      	str	r3, [r4, #84]	; 0x54
10001f2c:	65a3      	str	r3, [r4, #88]	; 0x58
10001f2e:	65e3      	str	r3, [r4, #92]	; 0x5c
10001f30:	6623      	str	r3, [r4, #96]	; 0x60
10001f32:	6663      	str	r3, [r4, #100]	; 0x64
10001f34:	66a3      	str	r3, [r4, #104]	; 0x68
10001f36:	66e3      	str	r3, [r4, #108]	; 0x6c
10001f38:	6723      	str	r3, [r4, #112]	; 0x70
10001f3a:	6763      	str	r3, [r4, #116]	; 0x74
10001f3c:	67a3      	str	r3, [r4, #120]	; 0x78
10001f3e:	67e3      	str	r3, [r4, #124]	; 0x7c
10001f40:	6223      	str	r3, [r4, #32]
10001f42:	61e3      	str	r3, [r4, #28]
10001f44:	e7e4      	b.n	10001f10 <__aeabi_float_init+0x1c>
10001f46:	46c0      	nop			; (mov r8, r8)
10001f48:	00004653 	.word	0x00004653
10001f4c:	200004fc 	.word	0x200004fc
10001f50:	0000334c 	.word	0x0000334c
10001f54:	200003e0 	.word	0x200003e0
10001f58:	10001f5d 	.word	0x10001f5d

10001f5c <float_table_shim_on_use_helper>:
10001f5c:	b507      	push	{r0, r1, r2, lr}
10001f5e:	4660      	mov	r0, ip
10001f60:	8801      	ldrh	r1, [r0, #0]
10001f62:	0a0a      	lsrs	r2, r1, #8
10001f64:	3002      	adds	r0, #2
10001f66:	2adf      	cmp	r2, #223	; 0xdf
10001f68:	d1fa      	bne.n	10001f60 <float_table_shim_on_use_helper+0x4>
10001f6a:	b2c9      	uxtb	r1, r1
10001f6c:	0882      	lsrs	r2, r0, #2
10001f6e:	d304      	bcc.n	10001f7a <float_table_shim_on_use_helper+0x1e>
10001f70:	8802      	ldrh	r2, [r0, #0]
10001f72:	8840      	ldrh	r0, [r0, #2]
10001f74:	0400      	lsls	r0, r0, #16
10001f76:	4310      	orrs	r0, r2
10001f78:	e000      	b.n	10001f7c <float_table_shim_on_use_helper+0x20>
10001f7a:	6800      	ldr	r0, [r0, #0]
10001f7c:	4a01      	ldr	r2, [pc, #4]	; (10001f84 <float_table_shim_on_use_helper+0x28>)
10001f7e:	5050      	str	r0, [r2, r1]
10001f80:	9003      	str	r0, [sp, #12]
10001f82:	bd07      	pop	{r0, r1, r2, pc}
10001f84:	200004fc 	.word	0x200004fc

10001f88 <__aeabi_mem_init>:
10001f88:	4801      	ldr	r0, [pc, #4]	; (10001f90 <__aeabi_mem_init+0x8>)
10001f8a:	2104      	movs	r1, #4
10001f8c:	4b01      	ldr	r3, [pc, #4]	; (10001f94 <__aeabi_mem_init+0xc>)
10001f8e:	4718      	bx	r3
10001f90:	20000200 	.word	0x20000200
10001f94:	10001d51 	.word	0x10001d51

10001f98 <__wrap___aeabi_memcpy>:
10001f98:	4b01      	ldr	r3, [pc, #4]	; (10001fa0 <__wrap___aeabi_memcpy+0x8>)
10001f9a:	685b      	ldr	r3, [r3, #4]
10001f9c:	4718      	bx	r3
10001f9e:	0000      	.short	0x0000
10001fa0:	20000200 	.word	0x20000200

10001fa4 <stdio_out_chars_no_crlf>:
10001fa4:	0003      	movs	r3, r0
10001fa6:	b510      	push	{r4, lr}
10001fa8:	0008      	movs	r0, r1
10001faa:	681b      	ldr	r3, [r3, #0]
10001fac:	0011      	movs	r1, r2
10001fae:	4798      	blx	r3
10001fb0:	bd10      	pop	{r4, pc}
10001fb2:	46c0      	nop			; (mov r8, r8)

10001fb4 <stdio_out_chars_crlf>:
10001fb4:	b5f8      	push	{r3, r4, r5, r6, r7, lr}
10001fb6:	4647      	mov	r7, r8
10001fb8:	46ce      	mov	lr, r9
10001fba:	b580      	push	{r7, lr}
10001fbc:	7c43      	ldrb	r3, [r0, #17]
10001fbe:	4680      	mov	r8, r0
10001fc0:	000c      	movs	r4, r1
10001fc2:	0015      	movs	r5, r2
10001fc4:	2b00      	cmp	r3, #0
10001fc6:	d043      	beq.n	10002050 <stdio_out_chars_crlf+0x9c>
10001fc8:	2a00      	cmp	r2, #0
10001fca:	dd34      	ble.n	10002036 <stdio_out_chars_crlf+0x82>
10001fcc:	780a      	ldrb	r2, [r1, #0]
10001fce:	7c03      	ldrb	r3, [r0, #16]
10001fd0:	2000      	movs	r0, #0
10001fd2:	2a0a      	cmp	r2, #10
10001fd4:	d033      	beq.n	1000203e <stdio_out_chars_crlf+0x8a>
10001fd6:	2d01      	cmp	r5, #1
10001fd8:	d01e      	beq.n	10002018 <stdio_out_chars_crlf+0x64>
10001fda:	4b20      	ldr	r3, [pc, #128]	; (1000205c <stdio_out_chars_crlf+0xa8>)
10001fdc:	2101      	movs	r1, #1
10001fde:	1e67      	subs	r7, r4, #1
10001fe0:	4699      	mov	r9, r3
10001fe2:	e002      	b.n	10001fea <stdio_out_chars_crlf+0x36>
10001fe4:	0031      	movs	r1, r6
10001fe6:	42b5      	cmp	r5, r6
10001fe8:	d016      	beq.n	10002018 <stdio_out_chars_crlf+0x64>
10001fea:	5c63      	ldrb	r3, [r4, r1]
10001fec:	5c7a      	ldrb	r2, [r7, r1]
10001fee:	1c4e      	adds	r6, r1, #1
10001ff0:	2b0a      	cmp	r3, #10
10001ff2:	d1f7      	bne.n	10001fe4 <stdio_out_chars_crlf+0x30>
10001ff4:	2a0d      	cmp	r2, #13
10001ff6:	d0f5      	beq.n	10001fe4 <stdio_out_chars_crlf+0x30>
10001ff8:	4643      	mov	r3, r8
10001ffa:	681b      	ldr	r3, [r3, #0]
10001ffc:	4288      	cmp	r0, r1
10001ffe:	da04      	bge.n	1000200a <stdio_out_chars_crlf+0x56>
10002000:	1a09      	subs	r1, r1, r0
10002002:	1820      	adds	r0, r4, r0
10002004:	4798      	blx	r3
10002006:	4643      	mov	r3, r8
10002008:	681b      	ldr	r3, [r3, #0]
1000200a:	2102      	movs	r1, #2
1000200c:	4648      	mov	r0, r9
1000200e:	4798      	blx	r3
10002010:	0030      	movs	r0, r6
10002012:	0031      	movs	r1, r6
10002014:	42b5      	cmp	r5, r6
10002016:	d1e8      	bne.n	10001fea <stdio_out_chars_crlf+0x36>
10002018:	4285      	cmp	r5, r0
1000201a:	dd04      	ble.n	10002026 <stdio_out_chars_crlf+0x72>
1000201c:	4643      	mov	r3, r8
1000201e:	1a29      	subs	r1, r5, r0
10002020:	681b      	ldr	r3, [r3, #0]
10002022:	1820      	adds	r0, r4, r0
10002024:	4798      	blx	r3
10002026:	1964      	adds	r4, r4, r5
10002028:	3c01      	subs	r4, #1
1000202a:	7823      	ldrb	r3, [r4, #0]
1000202c:	3b0d      	subs	r3, #13
1000202e:	425a      	negs	r2, r3
10002030:	4153      	adcs	r3, r2
10002032:	4642      	mov	r2, r8
10002034:	7413      	strb	r3, [r2, #16]
10002036:	bc0c      	pop	{r2, r3}
10002038:	4690      	mov	r8, r2
1000203a:	4699      	mov	r9, r3
1000203c:	bdf8      	pop	{r3, r4, r5, r6, r7, pc}
1000203e:	2b00      	cmp	r3, #0
10002040:	d1c9      	bne.n	10001fd6 <stdio_out_chars_crlf+0x22>
10002042:	4643      	mov	r3, r8
10002044:	4805      	ldr	r0, [pc, #20]	; (1000205c <stdio_out_chars_crlf+0xa8>)
10002046:	2102      	movs	r1, #2
10002048:	681b      	ldr	r3, [r3, #0]
1000204a:	4798      	blx	r3
1000204c:	2001      	movs	r0, #1
1000204e:	e7c2      	b.n	10001fd6 <stdio_out_chars_crlf+0x22>
10002050:	6803      	ldr	r3, [r0, #0]
10002052:	0011      	movs	r1, r2
10002054:	0020      	movs	r0, r4
10002056:	4798      	blx	r3
10002058:	e7ed      	b.n	10002036 <stdio_out_chars_crlf+0x82>
1000205a:	46c0      	nop			; (mov r8, r8)
1000205c:	10002394 	.word	0x10002394

10002060 <stdio_put_string>:
10002060:	b5f0      	push	{r4, r5, r6, r7, lr}
10002062:	46de      	mov	lr, fp
10002064:	4657      	mov	r7, sl
10002066:	464e      	mov	r6, r9
10002068:	4645      	mov	r5, r8
1000206a:	b5e0      	push	{r5, r6, r7, lr}
1000206c:	001e      	movs	r6, r3
1000206e:	23d0      	movs	r3, #208	; 0xd0
10002070:	061b      	lsls	r3, r3, #24
10002072:	b083      	sub	sp, #12
10002074:	681c      	ldr	r4, [r3, #0]
10002076:	4b33      	ldr	r3, [pc, #204]	; (10002144 <stdio_put_string+0xe4>)
10002078:	af01      	add	r7, sp, #4
1000207a:	4680      	mov	r8, r0
1000207c:	000d      	movs	r5, r1
1000207e:	0018      	movs	r0, r3
10002080:	0039      	movs	r1, r7
10002082:	4691      	mov	r9, r2
10002084:	469b      	mov	fp, r3
10002086:	f000 f91f 	bl	100022c8 <__mutex_try_enter_veneer>
1000208a:	4682      	mov	sl, r0
1000208c:	2800      	cmp	r0, #0
1000208e:	d108      	bne.n	100020a2 <stdio_put_string+0x42>
10002090:	9b01      	ldr	r3, [sp, #4]
10002092:	b264      	sxtb	r4, r4
10002094:	429c      	cmp	r4, r3
10002096:	d004      	beq.n	100020a2 <stdio_put_string+0x42>
10002098:	4658      	mov	r0, fp
1000209a:	f000 f91d 	bl	100022d8 <__mutex_enter_blocking_veneer>
1000209e:	2301      	movs	r3, #1
100020a0:	469a      	mov	sl, r3
100020a2:	1c6b      	adds	r3, r5, #1
100020a4:	d103      	bne.n	100020ae <stdio_put_string+0x4e>
100020a6:	4640      	mov	r0, r8
100020a8:	f000 f8c6 	bl	10002238 <strlen>
100020ac:	0005      	movs	r5, r0
100020ae:	2e00      	cmp	r6, #0
100020b0:	d128      	bne.n	10002104 <stdio_put_string+0xa4>
100020b2:	4e25      	ldr	r6, [pc, #148]	; (10002148 <stdio_put_string+0xe8>)
100020b4:	4b25      	ldr	r3, [pc, #148]	; (1000214c <stdio_put_string+0xec>)
100020b6:	681c      	ldr	r4, [r3, #0]
100020b8:	2c00      	cmp	r4, #0
100020ba:	d016      	beq.n	100020ea <stdio_put_string+0x8a>
100020bc:	464b      	mov	r3, r9
100020be:	2b00      	cmp	r3, #0
100020c0:	d122      	bne.n	10002108 <stdio_put_string+0xa8>
100020c2:	4f23      	ldr	r7, [pc, #140]	; (10002150 <stdio_put_string+0xf0>)
100020c4:	e002      	b.n	100020cc <stdio_put_string+0x6c>
100020c6:	68e4      	ldr	r4, [r4, #12]
100020c8:	2c00      	cmp	r4, #0
100020ca:	d00e      	beq.n	100020ea <stdio_put_string+0x8a>
100020cc:	6823      	ldr	r3, [r4, #0]
100020ce:	2b00      	cmp	r3, #0
100020d0:	d0f9      	beq.n	100020c6 <stdio_put_string+0x66>
100020d2:	683b      	ldr	r3, [r7, #0]
100020d4:	2b00      	cmp	r3, #0
100020d6:	d001      	beq.n	100020dc <stdio_put_string+0x7c>
100020d8:	42a3      	cmp	r3, r4
100020da:	d1f4      	bne.n	100020c6 <stdio_put_string+0x66>
100020dc:	0020      	movs	r0, r4
100020de:	002a      	movs	r2, r5
100020e0:	4641      	mov	r1, r8
100020e2:	47b0      	blx	r6
100020e4:	68e4      	ldr	r4, [r4, #12]
100020e6:	2c00      	cmp	r4, #0
100020e8:	d1f0      	bne.n	100020cc <stdio_put_string+0x6c>
100020ea:	4653      	mov	r3, sl
100020ec:	2b00      	cmp	r3, #0
100020ee:	d125      	bne.n	1000213c <stdio_put_string+0xdc>
100020f0:	1e68      	subs	r0, r5, #1
100020f2:	4185      	sbcs	r5, r0
100020f4:	b2e8      	uxtb	r0, r5
100020f6:	b003      	add	sp, #12
100020f8:	bc3c      	pop	{r2, r3, r4, r5}
100020fa:	4690      	mov	r8, r2
100020fc:	4699      	mov	r9, r3
100020fe:	46a2      	mov	sl, r4
10002100:	46ab      	mov	fp, r5
10002102:	bdf0      	pop	{r4, r5, r6, r7, pc}
10002104:	4e13      	ldr	r6, [pc, #76]	; (10002154 <stdio_put_string+0xf4>)
10002106:	e7d5      	b.n	100020b4 <stdio_put_string+0x54>
10002108:	4b11      	ldr	r3, [pc, #68]	; (10002150 <stdio_put_string+0xf0>)
1000210a:	4699      	mov	r9, r3
1000210c:	e002      	b.n	10002114 <stdio_put_string+0xb4>
1000210e:	68e4      	ldr	r4, [r4, #12]
10002110:	2c00      	cmp	r4, #0
10002112:	d0ea      	beq.n	100020ea <stdio_put_string+0x8a>
10002114:	6823      	ldr	r3, [r4, #0]
10002116:	2b00      	cmp	r3, #0
10002118:	d0f9      	beq.n	1000210e <stdio_put_string+0xae>
1000211a:	464b      	mov	r3, r9
1000211c:	681b      	ldr	r3, [r3, #0]
1000211e:	2b00      	cmp	r3, #0
10002120:	d001      	beq.n	10002126 <stdio_put_string+0xc6>
10002122:	42a3      	cmp	r3, r4
10002124:	d1f3      	bne.n	1000210e <stdio_put_string+0xae>
10002126:	002a      	movs	r2, r5
10002128:	4641      	mov	r1, r8
1000212a:	0020      	movs	r0, r4
1000212c:	47b0      	blx	r6
1000212e:	230a      	movs	r3, #10
10002130:	2201      	movs	r2, #1
10002132:	0039      	movs	r1, r7
10002134:	0020      	movs	r0, r4
10002136:	703b      	strb	r3, [r7, #0]
10002138:	47b0      	blx	r6
1000213a:	e7e8      	b.n	1000210e <stdio_put_string+0xae>
1000213c:	4658      	mov	r0, fp
1000213e:	f000 f8b3 	bl	100022a8 <__mutex_exit_veneer>
10002142:	e7d5      	b.n	100020f0 <stdio_put_string+0x90>
10002144:	20000210 	.word	0x20000210
10002148:	10001fb5 	.word	0x10001fb5
1000214c:	200003c4 	.word	0x200003c4
10002150:	200003c8 	.word	0x200003c8
10002154:	10001fa5 	.word	0x10001fa5

10002158 <__wrap_putchar>:
10002158:	b5f0      	push	{r4, r5, r6, r7, lr}
1000215a:	4647      	mov	r7, r8
1000215c:	46ce      	mov	lr, r9
1000215e:	b580      	push	{r7, lr}
10002160:	b083      	sub	sp, #12
10002162:	466b      	mov	r3, sp
10002164:	1cdf      	adds	r7, r3, #3
10002166:	23d0      	movs	r3, #208	; 0xd0
10002168:	7038      	strb	r0, [r7, #0]
1000216a:	061b      	lsls	r3, r3, #24
1000216c:	681c      	ldr	r4, [r3, #0]
1000216e:	4b20      	ldr	r3, [pc, #128]	; (100021f0 <__wrap_putchar+0x98>)
10002170:	0006      	movs	r6, r0
10002172:	a901      	add	r1, sp, #4
10002174:	0018      	movs	r0, r3
10002176:	4698      	mov	r8, r3
10002178:	f000 f8a6 	bl	100022c8 <__mutex_try_enter_veneer>
1000217c:	1e05      	subs	r5, r0, #0
1000217e:	d022      	beq.n	100021c6 <__wrap_putchar+0x6e>
10002180:	4b1c      	ldr	r3, [pc, #112]	; (100021f4 <__wrap_putchar+0x9c>)
10002182:	681c      	ldr	r4, [r3, #0]
10002184:	2c00      	cmp	r4, #0
10002186:	d02a      	beq.n	100021de <__wrap_putchar+0x86>
10002188:	4b1b      	ldr	r3, [pc, #108]	; (100021f8 <__wrap_putchar+0xa0>)
1000218a:	4699      	mov	r9, r3
1000218c:	e002      	b.n	10002194 <__wrap_putchar+0x3c>
1000218e:	68e4      	ldr	r4, [r4, #12]
10002190:	2c00      	cmp	r4, #0
10002192:	d010      	beq.n	100021b6 <__wrap_putchar+0x5e>
10002194:	6823      	ldr	r3, [r4, #0]
10002196:	2b00      	cmp	r3, #0
10002198:	d0f9      	beq.n	1000218e <__wrap_putchar+0x36>
1000219a:	464b      	mov	r3, r9
1000219c:	681b      	ldr	r3, [r3, #0]
1000219e:	2b00      	cmp	r3, #0
100021a0:	d001      	beq.n	100021a6 <__wrap_putchar+0x4e>
100021a2:	42a3      	cmp	r3, r4
100021a4:	d1f3      	bne.n	1000218e <__wrap_putchar+0x36>
100021a6:	0020      	movs	r0, r4
100021a8:	2201      	movs	r2, #1
100021aa:	0039      	movs	r1, r7
100021ac:	f7ff ff02 	bl	10001fb4 <stdio_out_chars_crlf>
100021b0:	68e4      	ldr	r4, [r4, #12]
100021b2:	2c00      	cmp	r4, #0
100021b4:	d1ee      	bne.n	10002194 <__wrap_putchar+0x3c>
100021b6:	2d00      	cmp	r5, #0
100021b8:	d111      	bne.n	100021de <__wrap_putchar+0x86>
100021ba:	0030      	movs	r0, r6
100021bc:	b003      	add	sp, #12
100021be:	bc0c      	pop	{r2, r3}
100021c0:	4690      	mov	r8, r2
100021c2:	4699      	mov	r9, r3
100021c4:	bdf0      	pop	{r4, r5, r6, r7, pc}
100021c6:	9b01      	ldr	r3, [sp, #4]
100021c8:	b264      	sxtb	r4, r4
100021ca:	429c      	cmp	r4, r3
100021cc:	d00b      	beq.n	100021e6 <__wrap_putchar+0x8e>
100021ce:	4640      	mov	r0, r8
100021d0:	f000 f882 	bl	100022d8 <__mutex_enter_blocking_veneer>
100021d4:	4b07      	ldr	r3, [pc, #28]	; (100021f4 <__wrap_putchar+0x9c>)
100021d6:	2501      	movs	r5, #1
100021d8:	681c      	ldr	r4, [r3, #0]
100021da:	2c00      	cmp	r4, #0
100021dc:	d1d4      	bne.n	10002188 <__wrap_putchar+0x30>
100021de:	4640      	mov	r0, r8
100021e0:	f000 f862 	bl	100022a8 <__mutex_exit_veneer>
100021e4:	e7e9      	b.n	100021ba <__wrap_putchar+0x62>
100021e6:	4b03      	ldr	r3, [pc, #12]	; (100021f4 <__wrap_putchar+0x9c>)
100021e8:	681c      	ldr	r4, [r3, #0]
100021ea:	2c00      	cmp	r4, #0
100021ec:	d1cc      	bne.n	10002188 <__wrap_putchar+0x30>
100021ee:	e7e4      	b.n	100021ba <__wrap_putchar+0x62>
100021f0:	20000210 	.word	0x20000210
100021f4:	200003c4 	.word	0x200003c4
100021f8:	200003c8 	.word	0x200003c8

100021fc <__wrap_puts>:
100021fc:	b570      	push	{r4, r5, r6, lr}
100021fe:	0004      	movs	r4, r0
10002200:	f000 f81a 	bl	10002238 <strlen>
10002204:	2300      	movs	r3, #0
10002206:	0001      	movs	r1, r0
10002208:	0005      	movs	r5, r0
1000220a:	2201      	movs	r2, #1
1000220c:	0020      	movs	r0, r4
1000220e:	f7ff ff27 	bl	10002060 <stdio_put_string>
10002212:	4b08      	ldr	r3, [pc, #32]	; (10002234 <__wrap_puts+0x38>)
10002214:	681c      	ldr	r4, [r3, #0]
10002216:	2c00      	cmp	r4, #0
10002218:	d006      	beq.n	10002228 <__wrap_puts+0x2c>
1000221a:	6863      	ldr	r3, [r4, #4]
1000221c:	2b00      	cmp	r3, #0
1000221e:	d005      	beq.n	1000222c <__wrap_puts+0x30>
10002220:	4798      	blx	r3
10002222:	68e4      	ldr	r4, [r4, #12]
10002224:	2c00      	cmp	r4, #0
10002226:	d1f8      	bne.n	1000221a <__wrap_puts+0x1e>
10002228:	0028      	movs	r0, r5
1000222a:	bd70      	pop	{r4, r5, r6, pc}
1000222c:	68e4      	ldr	r4, [r4, #12]
1000222e:	2c00      	cmp	r4, #0
10002230:	d1f3      	bne.n	1000221a <__wrap_puts+0x1e>
10002232:	e7f9      	b.n	10002228 <__wrap_puts+0x2c>
10002234:	200003c4 	.word	0x200003c4

10002238 <strlen>:
10002238:	b510      	push	{r4, lr}
1000223a:	0783      	lsls	r3, r0, #30
1000223c:	d027      	beq.n	1000228e <strlen+0x56>
1000223e:	7803      	ldrb	r3, [r0, #0]
10002240:	2b00      	cmp	r3, #0
10002242:	d026      	beq.n	10002292 <strlen+0x5a>
10002244:	0003      	movs	r3, r0
10002246:	2103      	movs	r1, #3
10002248:	e002      	b.n	10002250 <strlen+0x18>
1000224a:	781a      	ldrb	r2, [r3, #0]
1000224c:	2a00      	cmp	r2, #0
1000224e:	d01c      	beq.n	1000228a <strlen+0x52>
10002250:	3301      	adds	r3, #1
10002252:	420b      	tst	r3, r1
10002254:	d1f9      	bne.n	1000224a <strlen+0x12>
10002256:	6819      	ldr	r1, [r3, #0]
10002258:	4a0f      	ldr	r2, [pc, #60]	; (10002298 <strlen+0x60>)
1000225a:	4c10      	ldr	r4, [pc, #64]	; (1000229c <strlen+0x64>)
1000225c:	188a      	adds	r2, r1, r2
1000225e:	438a      	bics	r2, r1
10002260:	4222      	tst	r2, r4
10002262:	d10f      	bne.n	10002284 <strlen+0x4c>
10002264:	3304      	adds	r3, #4
10002266:	6819      	ldr	r1, [r3, #0]
10002268:	4a0b      	ldr	r2, [pc, #44]	; (10002298 <strlen+0x60>)
1000226a:	188a      	adds	r2, r1, r2
1000226c:	438a      	bics	r2, r1
1000226e:	4222      	tst	r2, r4
10002270:	d108      	bne.n	10002284 <strlen+0x4c>
10002272:	3304      	adds	r3, #4
10002274:	6819      	ldr	r1, [r3, #0]
10002276:	4a08      	ldr	r2, [pc, #32]	; (10002298 <strlen+0x60>)
10002278:	188a      	adds	r2, r1, r2
1000227a:	438a      	bics	r2, r1
1000227c:	4222      	tst	r2, r4
1000227e:	d0f1      	beq.n	10002264 <strlen+0x2c>
10002280:	e000      	b.n	10002284 <strlen+0x4c>
10002282:	3301      	adds	r3, #1
10002284:	781a      	ldrb	r2, [r3, #0]
10002286:	2a00      	cmp	r2, #0
10002288:	d1fb      	bne.n	10002282 <strlen+0x4a>
1000228a:	1a18      	subs	r0, r3, r0
1000228c:	bd10      	pop	{r4, pc}
1000228e:	0003      	movs	r3, r0
10002290:	e7e1      	b.n	10002256 <strlen+0x1e>
10002292:	2000      	movs	r0, #0
10002294:	e7fa      	b.n	1000228c <strlen+0x54>
10002296:	46c0      	nop			; (mov r8, r8)
10002298:	fefefeff 	.word	0xfefefeff
1000229c:	80808080 	.word	0x80808080

100022a0 <_fini>:
100022a0:	b5f8      	push	{r3, r4, r5, r6, r7, lr}
100022a2:	46c0      	nop			; (mov r8, r8)
100022a4:	0000      	movs	r0, r0
	...

100022a8 <__mutex_exit_veneer>:
100022a8:	b401      	push	{r0}
100022aa:	4802      	ldr	r0, [pc, #8]	; (100022b4 <__mutex_exit_veneer+0xc>)
100022ac:	4684      	mov	ip, r0
100022ae:	bc01      	pop	{r0}
100022b0:	4760      	bx	ip
100022b2:	bf00      	nop
100022b4:	20000151 	.word	0x20000151

100022b8 <____aeabi_idiv0_veneer>:
100022b8:	b401      	push	{r0}
100022ba:	4802      	ldr	r0, [pc, #8]	; (100022c4 <____aeabi_idiv0_veneer+0xc>)
100022bc:	4684      	mov	ip, r0
100022be:	bc01      	pop	{r0}
100022c0:	4760      	bx	ip
100022c2:	bf00      	nop
100022c4:	20000179 	.word	0x20000179

100022c8 <__mutex_try_enter_veneer>:
100022c8:	b401      	push	{r0}
100022ca:	4802      	ldr	r0, [pc, #8]	; (100022d4 <__mutex_try_enter_veneer+0xc>)
100022cc:	4684      	mov	ip, r0
100022ce:	bc01      	pop	{r0}
100022d0:	4760      	bx	ip
100022d2:	bf00      	nop
100022d4:	20000109 	.word	0x20000109

100022d8 <__mutex_enter_blocking_veneer>:
100022d8:	b401      	push	{r0}
100022da:	4802      	ldr	r0, [pc, #8]	; (100022e4 <__mutex_enter_blocking_veneer+0xc>)
100022dc:	4684      	mov	ip, r0
100022de:	bc01      	pop	{r0}
100022e0:	4760      	bx	ip
100022e2:	bf00      	nop
100022e4:	200000c1 	.word	0x200000c1

Disassembly of section .data:

200000c0 <mutex_enter_blocking>:
200000c0:	23d0      	movs	r3, #208	; 0xd0
200000c2:	b530      	push	{r4, r5, lr}
200000c4:	2500      	movs	r5, #0
200000c6:	061b      	lsls	r3, r3, #24
200000c8:	575d      	ldrsb	r5, [r3, r5]
200000ca:	2400      	movs	r4, #0
200000cc:	e006      	b.n	200000dc <mutex_enter_blocking+0x1c>
200000ce:	6803      	ldr	r3, [r0, #0]
200000d0:	f3bf 8f5f 	dmb	sy
200000d4:	601c      	str	r4, [r3, #0]
200000d6:	f381 8810 	msr	PRIMASK, r1
200000da:	bf20      	wfe
200000dc:	6802      	ldr	r2, [r0, #0]
200000de:	f3ef 8110 	mrs	r1, PRIMASK
200000e2:	b672      	cpsid	i
200000e4:	6813      	ldr	r3, [r2, #0]
200000e6:	2b00      	cmp	r3, #0
200000e8:	d0fc      	beq.n	200000e4 <mutex_enter_blocking+0x24>
200000ea:	f3bf 8f5f 	dmb	sy
200000ee:	7903      	ldrb	r3, [r0, #4]
200000f0:	2b7f      	cmp	r3, #127	; 0x7f
200000f2:	d9ec      	bls.n	200000ce <mutex_enter_blocking+0xe>
200000f4:	7105      	strb	r5, [r0, #4]
200000f6:	6803      	ldr	r3, [r0, #0]
200000f8:	f3bf 8f5f 	dmb	sy
200000fc:	2200      	movs	r2, #0
200000fe:	601a      	str	r2, [r3, #0]
20000100:	f381 8810 	msr	PRIMASK, r1
20000104:	bd30      	pop	{r4, r5, pc}
20000106:	46c0      	nop			; (mov r8, r8)

20000108 <mutex_try_enter>:
20000108:	0003      	movs	r3, r0
2000010a:	b510      	push	{r4, lr}
2000010c:	6800      	ldr	r0, [r0, #0]
2000010e:	f3ef 8410 	mrs	r4, PRIMASK
20000112:	b672      	cpsid	i
20000114:	6802      	ldr	r2, [r0, #0]
20000116:	2a00      	cmp	r2, #0
20000118:	d0fc      	beq.n	20000114 <mutex_try_enter+0xc>
2000011a:	f3bf 8f5f 	dmb	sy
2000011e:	2204      	movs	r2, #4
20000120:	569a      	ldrsb	r2, [r3, r2]
20000122:	2a00      	cmp	r2, #0
20000124:	db0b      	blt.n	2000013e <mutex_try_enter+0x36>
20000126:	2900      	cmp	r1, #0
20000128:	d00f      	beq.n	2000014a <mutex_try_enter+0x42>
2000012a:	2000      	movs	r0, #0
2000012c:	600a      	str	r2, [r1, #0]
2000012e:	681b      	ldr	r3, [r3, #0]
20000130:	f3bf 8f5f 	dmb	sy
20000134:	2200      	movs	r2, #0
20000136:	601a      	str	r2, [r3, #0]
20000138:	f384 8810 	msr	PRIMASK, r4
2000013c:	bd10      	pop	{r4, pc}
2000013e:	22d0      	movs	r2, #208	; 0xd0
20000140:	0612      	lsls	r2, r2, #24
20000142:	6812      	ldr	r2, [r2, #0]
20000144:	2001      	movs	r0, #1
20000146:	711a      	strb	r2, [r3, #4]
20000148:	e7f1      	b.n	2000012e <mutex_try_enter+0x26>
2000014a:	2000      	movs	r0, #0
2000014c:	e7ef      	b.n	2000012e <mutex_try_enter+0x26>
2000014e:	46c0      	nop			; (mov r8, r8)

20000150 <mutex_exit>:
20000150:	6802      	ldr	r2, [r0, #0]
20000152:	f3ef 8110 	mrs	r1, PRIMASK
20000156:	b672      	cpsid	i
20000158:	6813      	ldr	r3, [r2, #0]
2000015a:	2b00      	cmp	r3, #0
2000015c:	d0fc      	beq.n	20000158 <mutex_exit+0x8>
2000015e:	f3bf 8f5f 	dmb	sy
20000162:	23ff      	movs	r3, #255	; 0xff
20000164:	7103      	strb	r3, [r0, #4]
20000166:	6803      	ldr	r3, [r0, #0]
20000168:	f3bf 8f5f 	dmb	sy
2000016c:	2200      	movs	r2, #0
2000016e:	601a      	str	r2, [r3, #0]
20000170:	f381 8810 	msr	PRIMASK, r1
20000174:	bf40      	sev
20000176:	4770      	bx	lr

20000178 <__aeabi_idiv0>:
20000178:	4770      	bx	lr
2000017a:	46c0      	nop			; (mov r8, r8)

2000017c <striped_spin_lock_num>:
2000017c:	0010 0000                                   ....

20000180 <irq_handler_chain_slots>:
20000180:	00000000 	.word	0x00000000
20000184:	00010000 	.word	0x00010000
	...
20000190:	00020000 	.word	0x00020000
	...
2000019c:	00030000 	.word	0x00030000
	...
200001a8:	00ff0000 	.word	0x00ff0000
200001ac:	00000000 	.word	0x00000000

200001b0 <irq_handler_chain_first_slot>:
200001b0:	b500      	push	{lr}
200001b2:	6848      	ldr	r0, [r1, #4]
200001b4:	3101      	adds	r1, #1
200001b6:	468e      	mov	lr, r1
200001b8:	4700      	bx	r0

200001ba <irq_handler_chain_remove_tail>:
200001ba:	4670      	mov	r0, lr
200001bc:	3809      	subs	r0, #9
200001be:	4901      	ldr	r1, [pc, #4]	; (200001c4 <irq_handler_chain_remove_tail+0xa>)
200001c0:	4788      	blx	r1
200001c2:	bd00      	pop	{pc}
200001c4:	100007a5 	.word	0x100007a5

200001c8 <default_alarm_pool>:
200001c8:	200001e0 00000000 20000230 20000384     ... ....0.. ... 
	...

200001e0 <default_alarm_pool_heap>:
200001e0:	20000394 00000000 00000000 00000010     ... ............

200001f0 <aeabi_bits_funcs>:
200001f0:	00003350 	.word	0x00003350
200001f4:	0000334c 	.word	0x0000334c
200001f8:	00003354 	.word	0x00003354
200001fc:	00003352 	.word	0x00003352

20000200 <aeabi_bits_funcs_end>:
20000200:	0000534d 	.word	0x0000534d
20000204:	0000434d 	.word	0x0000434d
20000208:	00003453 	.word	0x00003453
2000020c:	00003443 	.word	0x00003443

20000210 <print_mutex>:
	...

20000218 <__mutex_array_end>:
20000218:	10001f89 	.word	0x10001f89
2000021c:	10001d21 	.word	0x10001d21
20000220:	10001dd9 	.word	0x10001dd9
20000224:	10001ef5 	.word	0x10001ef5

20000228 <__frame_dummy_init_array_entry>:
20000228:	10000339                                9...
