:020000041000EA
:1000000000B5324B212058609868022188439860DF
:10001000D860186158612E4B002199600221596106
:100020000121F02299502B49196001219960352056
:1000300000F044F80222904214D00621196600F024
:1000400034F8196E01211966002018661A6600F04E
:100050002CF8196E196E196E052000F02FF8012189
:100060000842F9D1002199601B49196000215960AB
:100070001A491B48016001219960EB211966A021F2
:10008000196600F012F800219960164914480160C1
:100090000121996001BC002800D000471248134993
:1000A000086003C880F30888084703B5996A0420EC
:1000B0000142FBD001200142F8D103BD02B5186610
:1000C0001866FFF7F2FF186E186E02BD00000240BE
:1000D000000000180000070000035F00212200005C
:1000E000F4000018222000A00001001008ED00E03C
:1000F00000000000000000000000000074B24E7A12
:1001000000200420F7010010C3010010C5010010F9
:10011000C1010010C1010010C1010010C101001097
:10012000C1010010C1010010C1010010C701001081
:10013000C1010010C1010010C9010010CB01001065
:10014000CD010010CD010010CD010010CD01001037
:10015000CD010010CD010010CD010010CD01001027
:10016000CD010010CD010010CD010010CD01001017
:10017000CD010010CD010010CD010010CD01001007
:10018000CD010010CD010010CD010010CD010010F7
:10019000CD010010CD010010CD010010CD010010E7
:1001A000CD010010CD010010CD010010CD010010D7
:1001B000CD010010CD010010CD010010CD010010C7
:1001C00000BE00BE00BE00BE00BE00BE00F04BF888
:1001D000103800BEF2EB887144870010648700106D
:1001E0003402001090A31AE700202149086006C8D5
:1001F00081F3088810471F48006800282FD10DA4FC
:100200000ECC002902D000F012F8F9E71A491B4A77
:10021000002000E001C19142FCD1194988471949E9
:1002200088471949884700BEFDE701C901C29A42C3
:10023000FBD3704764870010C00000202005002019
:10024000C48B00100000042000000420C48B0010A8
:1002500000100420001004200000000070470B482C
:1002600003F012F80047EFF30580C0B270470000BA
:1002700008ED00E0000000D020050020A4120020BE
:10028000211C00105D030010DD1B001057560000FC
:1002900006005250ABB36053847F001006005250EA
:1002A000861C0302947F0010060052505422A29D27
:1002B000A07F001005005250DE65F468C48B00106A
:1002C000F8B5C0460448054B10B5834203D0044B33
:1002D000002B00D0984710BD2005002020050020ED
:1002E0000000000006480749091A8910CB0F591869
:1002F00010B5491003D0044B002B00D0984710BD17
:1003000020050020200500200000000010B5074C4B
:100310002378002B09D1FFF7D5FF054B002B02D026
:10032000044800E000BF0123237010BD2806002010
:1003300000000000A8700010054B10B5002B03D082
:100340000449054800E000BFFFF7CCFF10BDC046E0
:10035000000000002C060020A8700010642704F0A4
:1003600039F80748391C01B402B404F027F802BC7C
:1003700001BC002F01D0013FF3E76427F1E7000043
:1003800010040020EFF3108072B6034B1B68002BA3
:10039000FBD0BFF35F8F70472C0100D0BFF35F8F9E
:1003A000024B00221A6080F3108870472C0100D0A5
:1003B00070B505000E001400FFF7E4FFF208AA185C
:1003C00015780721314001238B402B4205D1DBB248
:1003D0002B431370FFF7E2FF70BD3100200001F0E6
:1003E0009BFCF0B583B00700019114001E00FFF7DD
:1003F000C9FFB4420ED8E208BA1815780721214087
:1004000001238B402B4201D00134F2E7DBB22B43B6
:10041000137001E001246442FFF7C0FF002C02DBEF
:10042000200003B0F0BD019B002BF9D0089801F02B
:1004300073FC0000034B1B6802201840431E9841C8
:10044000C0B2704700C0064000231F2B08D8054AE1
:100450009A189200BFF35F8F002111600133F4E717
:100460007047C04640000034054A1078431CDBB298
:100470001370172B02D9130010221A707047C04650
:100480002004002000B583B00100044B00931F231B
:1004900018220348FFF7A5FF03B000BDA8700010A5
:1004A000E80A0020074B9B68103080001950BFF30A
:1004B0005F8FBFF35F8F044B0021196082F31088B8
:1004C0007047C04600ED00E0240100D010B5091AC5
:1004D0000B1F0A4A94466144094A914208D8DA0738
:1004E00006D45B105B055B0D0648184380B210BD57
:1004F000054B064A9921064801F074FBFC070000F1
:10050000FE0F000000E0FFFFE8720010E070001036
:100510001873001010B5091A04394C08090B08D1DA
:100520004905490D064A11430180064B2343438088
:1005300010BD054B054AA121054801F053FBC046FB
:1005400000F0FFFF00F8FFFF5C710010EC7000107E
:100550001873001001238340034A10681840431E9B
:100560009841C0B27047C04600E100E0002904D0C5
:10057000034B1860034B18607047034B1860FBE790
:1005800080E200E000E100E080E100E010B501233E
:1005900083401800FFF7EAFF10BD000001238340ED
:1005A000014A13607047C04600E200E0024B9B68BE
:1005B00010308000C058704700ED00E010B5FFF724
:1005C000F5FF002805D0054BC01A2F2803D80120BD
:1005D00010BD0020FCE70020FAE7C04624040020FC
:1005E00070B504000D00EFF3108672B60C4B1B685B
:1005F000002BFBD0BFF35F8F2000FFF7D7FF094B25
:10060000984201D0A84205D1320029002000FFF70E
:1006100049FF70BD044B054A7C21054801F0E2FA10
:10062000240100D0CD010010B0720010C470001081
:1006300018730010F0B5DE4657464E464546E0B505
:1006400089B0019003911700EFF3108B72B6714BD4
:100650001B68002BFBD0BFF35F8F6F4B00255D57EE
:10066000002D40DB6B005B199A006C481318029355
:1006700006229A56684B1A70694B9A68019B103390
:100680009B00D6583400331A2F2B38D9654B9E4225
:100690002FD105AC644B23806B009A465B19980000
:1006A0005E4E801902306149FFF710FF6080604B99
:1006B000A380FF23A371E771039BA3605544AB00A4
:1006C000F6180ECC0EC60126029B33431E005A4676
:1006D00031000198FFF7E6FE09B03CBC9046994610
:1006E000A246AB46F0BD534B534ACD21534801F0CF
:1006F00079FA534B504AD421504801F073FAC04361
:1007000030180C2102F014FE002912D101239C4361
:10071000A24623000024DA79BA4211D9062159569B
:1007200000290CDB4A00521891001C003B4B5B185F
:10073000F1E7444B404AE021404801F053FA1C00E5
:10074000002C3BD005AB404A1A80813A5A800623E0
:10075000E3569846002B18DABD20000205AB9A46F6
:10076000988042469A71DF71039A0792201D029980
:10077000FFF7ACFEA080A5716B005D19AA00274BA6
:100780009B18524613CA13C3A1E76B005B1998006C
:10079000224BC0180430221DA388D90A1C2907D176
:1007A00059054915023149005118FFF78FFED5E769
:1007B000264B274AA721214801F014FA05AC1A4B11
:1007C00023806B005B199800144E8046B04443466A
:1007D000981C1649FFF77AFE60804346181D514663
:1007E000FFF774FEA0801B4B5246921B52415343AD
:1007F0001B0DA371E771039BA36046460ECC0EC68A
:10080000114B52461380813B53800126029B334398
:100810001E005CE7240100D0DE0F0020240400202D
:1008200000ED00E0CD01001000A1FFFF5404002006
:1008300000BDFFFF6C7100101471001018730010E0
:1008400094710010BC71001001480000307200105B
:1008500004710010AAAA0000F0B5C64600B584B025
:1008600001900D00EFF3108672B6554B1B68002BFC
:10087000FBD0BFF35F8F534B9A68019C1034A300E9
:10088000D758514B9F4207D0AF4200D196E0029714
:100890004E4BFB1A2F2B08D9320039000198FFF775
:1008A00001FE04B004BC9046F0BD0198FFF752FE73
:1008B000039000210198FFF769FEBFF35F8FFFF7F8
:1008C000D2FC011E01D0844211D10123029C9C4321
:1008D0000020A368AB4212D00622A256002A0DDBEC
:1008E00053009B189A002000384CA418F1E72C21E3
:1008F000374B384AFF31384801F074F92000AB42D9
:1009000055D10623E3569846002B36DB5A00424465
:1009100091002E4B5B189A68A260DA79E2719B799C
:100920005BB2A371002B12DABD200002A080434607
:100930005B0043449A00254B9B18284A1178997113
:100940004346137003990198FFF720FEA4E7201D8A
:100950001E4A8B181A1D9B88D90A1C2907D15905D4
:100960004915023149005118FFF7B0FDDEE71C4B75
:100970001C4AA721184801F035F9002912D1002896
:100980000ED0FF238371184B8380144A1378A37110
:10099000164B0E49641A644163431B0D1370D1E773
:1009A000094FF2E7201D1249FFF7B4FDCAE76021A5
:1009B000104B084AFF31084801F014F9024F6BE769
:1009C000240100D000ED00E0CD010010240400203F
:1009D000847200102C71001018730010DE0F0020BC
:1009E000307200100471001000BDFFFFAAAA0000C1
:1009F0005E040020A8720010F8B50400012606432A
:100A00002D4BF31A2F2B28D8FFF72DFC00282BD0C5
:100A1000EFF3108772B6294B1B68002BFBD0BFF396
:100A20005F8F274D22002449521A524155432D0D04
:100A30006DB2244B9B6880001B58B3421BD000232F
:100A4000032B32D85A00D21891001B4A52189279BF
:100A500052B2AA421FD00133F2E7C2211A4B1B4AFD
:100A600049001B4801F0BEF888211A4B174AFF3194
:100A7000174801F0B7F8134B9B68174A1A50174BE9
:100A80001A78A2711D70BFF35F8F0C4B00221A60A1
:100A900087F31088F8BD08495A00D618B000081826
:100AA000FF2686710E4B8380E9E7CC210D4B074A68
:100AB0004900074801F096F824040020240100D0E2
:100AC000AAAA000000ED00E048720010407100107A
:100AD0001873001070720010CD010010DE0F00209E
:100AE00000BDFFFF7C7200100022044B02E00449AD
:100AF00002C30132072AFAD97047C04600E400E079
:100B00008080808000B583B00100D0231B06186868
:100B1000064B1818064B009305230022FFF761FCD3
:100B2000002801DB1F23181A03B000BDD80F0020D6
:100B300058730010024B9C46614489000160704765
:100B4000400000340A4B1A68EFF3108172B6136844
:100B5000002BFCD0BFF35F8F054B1B68BFF35F8F8B
:100B600000221A6081F3108840BF002000217047E6
:100B7000A80F002070B505000C00080000F0F6FC7E
:100B8000200000F0C7FD0849200000F007FDFFF736
:100B90006BFC064B9C466044800068602C75A4008A
:100BA000034BE55070BDC046950E00104000003468
:100BB0008C0F002010B5002922D003681B7B9942BE
:100BC0001ED8174B9C466144090183689C466144CA
:100BD0000C684968002A19D003681B7B9A4215D813
:100BE00083680F488446624412019A18106853685B
:100BF000020001208B4201D80ED00020C0B210BDEF
:100C0000084B094A3B21094800F0ECFF054B064A16
:100C10003B21064800F0E6FFA242EFD8EDE7C046D0
:100C2000FFFFFF0F88750010CC7300108C7600104A
:100C300010B500291ED0037B99421BD84B005B18CE
:100C4000033B0468A4466344002919D0002A1DD040
:100C5000914221D0002A25D0047BA24222D80468E8
:100C600050008018033820188170197800291FD18E
:100C70001A7010BD104B114A6821114800F0B2FFE4
:100C8000104B114A6F310E4800F0ACFF0F4B0E4A6B
:100C900070210B4800F0A6FF0D4B0B4A712108484C
:100CA00000F0A0FF044B054A6821054800F09AFFB8
:100CB00041701A70DDE7C046E07500108C730010BB
:100CC000FC750010487600109873001054760010E0
:100CD0006076001070B506000D001400002914D0D5
:100CE000002A14D0806873689847002806D0220034
:100CF00029003000FFF79CFF280007E02A002100B0
:100D00003000FFF795FF200000E0100070BD0800E4
:100D1000FCE7000070B5CE4600B583B00500009238
:100D200001930AAB1C780BAB1B789946002C28D09A
:100D300003685A7B944209D10123002B1BD1002C5C
:100D40003DD1200003B004BC914670BD002C0CD0F6
:100D50001A7B944209D81A6863001B19033BD31805
:100D60009B78002BE9D00123E7E73F4B3F4A6821FE
:100D70003F4800F037FF3F4B3F4A65213F4800F0B6
:100D800031FF03689C7B002CD9D012D01A7B94428F
:100D90000FD862001219033A19688C4662445178E0
:100DA0009973002900D1D973002393705370137085
:100DB000C5E72D4B2D4A68212D4800F013FF002C6C
:100DC0003BD02B681B7B9C4237D82D4BE3181B0173
:100DD000AA68944663440099019A19605A60089A77
:100DE0009A60099ADA602E68002C2CD031D0337BBF
:100DF0009C422ED863001B19033B3268944663441F
:100E000000229A705A701A70717B22003000FFF72E
:100E100061FF7073844200D093E7287D009A019BA4
:100E200000F004FC061E02D04B46002B17D00C9B92
:100E3000002B00D185E71E7083E7124B124A3B213D
:100E40000E4800F0CFFE114B114AA521084800F0D2
:100E5000C9FE054B054A6821054800F0C3FE286815
:100E6000210000F00DFEE2E7E07500108C73001029
:100E7000FC75001050740010047400108C76001083
:100E8000FFFFFF0F88750010CC73001088760010EC
:100E9000AC730010F0B5DE4657464E464546E0B509
:100EA0008BB00990002308938200B24BD7583D00C5
:100EB00052E0B14BB14A3F21B14800F093FEB14B33
:100EC000B14A3B21B14800F08DFE002B01D1002A30
:100ED00068D10021604600F0C9FDA04219D13268F6
:100EE000736806920793B3689846F3689A46434638
:100EF000002B14D0002C18D02B681B7B9C4214D8DC
:100F0000631EEA68D35C08931B0218432861002023
:100F100015E09F4B9F4A8C219C4800F063FE9E4B3E
:100F20009C4A9021994800F05DFE964B9B4A4021D7
:100F3000964800F057FE00239A46984600206B68BA
:100F4000BFF35F8F00221A6087F310884346002B9F
:100F500031D1002800D105E100F014FB0029A8DB05
:100F600000230024069307946A68EFF3108772B693
:100F70001368002BFCD0BFF35F8F2B689C465C7B13
:100F8000002CD8D09BD01B7B9C4298D8844BE61871
:100F90003601AB689846464432687368121A8B4132
:100FA000002B92DD32687368099800F03FFB002344
:100FB0009A469846C3E7089B1B022343994651462D
:100FC0001800C04706000F006A68EFF3108B72B676
:100FD0001368002BFCD0BFF35F8F002F26DB002FA0
:100FE00052DD2B69002B53D04B4574D100F0CAFA67
:100FF00002000B1E75DB0100180092197B4198421C
:1010000002D804D1914202D901225242D317002BB7
:101010006DDB00210491013103910294514601914D
:10102000414600912800FFF775FE4BE02B69002B2D
:10103000D5D04B451CD1069A079B10001900921B76
:10104000BB41994202D804D1904202D901225242B6
:10105000D317002B12DB002104910131039102947C
:1010600051460191414600912800FFF753FE29E0C7
:101070004C4B484A9F21454800F0B4FD3E4B3F4A47
:101080003F213F4800F0AEFD002F01D1002EA8D136
:101090002A68002C47D0537B9C422ED10123002B81
:1010A00041D1D37B002B44D1D473002C54D02B6876
:1010B0001B7B9C4250D8013CEB689C4664442378DF
:1010C0000133237000232B616A68BFF35F8F1360C5
:1010D0008BF3108840E7334B2E4AA2212B4800F0B7
:1010E00081FD254B254A3F21254800F07BFD224B01
:1010F000224A3F21224800F075FD002C0DD0137BC1
:101100009C420AD863001B19033B11688C46634458
:101110009B78002BC3D00123C1E7234B234A6821CE
:10112000234800F05FFD234B234AF621204800F0BE
:1011300059FD002B0AD0117B8B4207D85900CB18E0
:10114000033B11688C4663445C70ADE7164B174A4D
:101150006821174800F046FD0A4B104A40210B4811
:1011600000F040FD0BB03CBC90469946A246AB4611
:10117000F0BDC0468C0F002078740010747300100E
:101180009474001088750010CC7300108C760010D9
:10119000DC7400101C740010F4740010D87300107C
:1011A000FFFFFF0F00750010E07500108C7300103A
:1011B000FC7500103C750010BC73001010B50A4B94
:1011C0005B68002B04D00A210848FFF7B3FC10BD70
:1011D000054C2300064A1021206800F065FB03211E
:1011E0002000FFF7C7FCEEE76C040020A80F0020EA
:1011F000B50B001010B5064B5B68002B01D00448FE
:1012000010BD044B044A5C21044800F0EBFCC046CE
:101210006C040020BC750010EC7300108C7600107C
:10122000F0B5D6464F464646C0B588B08046160053
:101230001F00109B994612AB1B789A461F236B44E4
:1012400000221A7032E0002809D042461268127B50
:10125000904204D8421E4146C9688A5C42E03F4B36
:101260003F4A40213F4800F0BDFC0020002B6DD0DC
:101270005346002B6AD01199C84704000D000300A3
:101280000B4369D000293FDB00F07CF900294FDBDC
:1012900024184D41A94202D804D1A04202D9012408
:1012A0006442E517002D49DB26002F0043465A68AB
:1012B000EFF3108472B61368002BFCD0BFF35F8F7E
:1012C0001F236B440493002303930293119B019308
:1012D0004B46009332003B004046FFF71BFD031EC8
:1012E000B1D1020041464968BFF35F8F00250D6010
:1012F00084F31088002B27D01F236B441B78002B0E
:10130000B3D112021043B1E732003B00361BAF41AC
:10131000BB4202D804D1B24202D901267642F71765
:10132000002FC3DA104B114A3F21114800F05AFC3C
:101330000D4B0E4A3F210E4800F054FC0A4B0B4A5D
:101340003F210B4800F04EFC0120404208B01CBC7D
:1013500090469946A246F0BD0020F7E78875001038
:10136000D87300108C76001078740010747300101D
:101370009474001070B504004268EFF3108572B6E3
:101380001368002BFCD0BFF35F8FCAB22668737B53
:101390009A421BD1012000284AD023698B422DD0CC
:1013A000090AC9B2002A30D023681B7B9A422CD884
:1013B000531EE068C35C8B422DD000206368BFF3EE
:1013C0005F8F00221A6085F3108870BD002A0DD04F
:1013D000337B9A420AD853009B18033B30688446FB
:1013E00063449B78002B07D10020D4E7134B144AA9
:1013F0006821144800F0F6FB0120CCE78521124B50
:10140000124A4900124800F0EDFB124B124A4021EB
:101410000F4800F0E7FB1100300000F031FB00281E
:10142000CCD112210D4B094AFF31094800F0DAFBFB
:1014300023698B42C2D100232361BFE7E07500100E
:101440008C730010FC75001060750010387400106B
:101450008C76001088750010D87300108475001009
:1014600070B584B005000C00FFF7C4FE00230293A2
:101470000193194B00932A002300FFF7D1FE061EAB
:1014800012DC164B5B6A9C4209D8144A926AAA4243
:1014900008D29C4201D0012002E0002000E00020A0
:1014A00004B070BD0120FBE720BFFFF7A3FE3100B1
:1014B000FFF760FF094B5B6A9C4209D8074A926AB2
:1014C000AA4207D29C4201D00120E9E70020E7E7C9
:1014D0000020E5E70120E3E7450B00100040054050
:1014E00070B5EFF305833F2018401038EFF31084F8
:1014F00072B6194B1B68002BFBD0BFF35F8F012323
:1015000019008140154A5163154A12781500C540EB
:101510002B4214D0114B5D6A8300124E9B599D42A1
:1015200006D38300104D5B598A430D490A7007E0CA
:101530000A4A031D9B0099589950002300E000239C
:10154000BFF35F8F044A0021116084F31088002BE1
:1015500000D0984770BDC046280100D0004005402B
:10156000E20F0020B40F0020D809002010B50100C0
:10157000024A0348FEF71CFF10BDC046E07600108B
:10158000DD0F0020044B596A00E01900024B986AF5
:101590005B6A9942F9D170470040054070B504007C
:1015A0000D00EFF3108672B61B4B1B68002BFBD0AF
:1015B000BFF35F8F002D1CD02000FEF7F7FF174B05
:1015C00098420BD019002000FFF70AF801212000F3
:1015D000FEF7DCFF0123A340114A1360A400114B66
:1015E000E550BFF35F8F0C4B00221A6086F3108822
:1015F00070BDA2000B4B0021D1500122A2400A492C
:101600000B7893430B7005492000FFF725F9002163
:101610002000FEF7BBFFE4E7280100D0E114001032
:1016200038600540D8090020E20F0020F0B5DE4602
:1016300000B584B00500140001921E000293FFF76C
:10164000A1FF03948E4202D84ED184424CD9EFF3CD
:10165000108B72B6274B1B68002BFBD0BFF35F8F3C
:10166000254A17780124AC40E3B23B431370234B67
:101670005C632A1D92000199D150AA00204902986A
:1016800050501B6A234212D11C4B1B6C234208D0C2
:101690000020BFF35F8F174B00221A608BF3108876
:1016A00023E0184B184AC121184800F09BFAFFF7B5
:1016B00069FF8E4214D802D1039B834210D80E4B8F
:1016C0001B78BB420ED00D4B1C625C631F222A406C
:1016D000012393400E4A1360074B1F700120D8E787
:1016E0000020D6E70120D4E7012004B004BC9346D3
:1016F000F0BDC046280100D0E20F002000400540A8
:10170000B40F002004770010C47600102877001072
:1017100080E200E010B5EFF3108472B60A4B1B684C
:10172000002BFBD0BFF35F8F01238340074A136276
:1017300007490A789A430A70BFF35F8F024B002271
:101740001A6084F3108810BD280100D000400540C5
:10175000E20F002010B500291ED0037B99421BD850
:101760004B005B18033B0468A4466344002919D06E
:10177000002A1DD0914221D0002A25D0047BA2420C
:1017800022D8046850008018033820188170197816
:1017900000291FD11A7010BD104B114A6821114841
:1017A00000F020FA104B114A6F310E4800F01AFA7F
:1017B0000F4B0E4A70210B4800F014FA0D4B0B4AE8
:1017C0007121084800F00EFA044B054A68210548CB
:1017D00000F008FA41701A70DDE7C046E0750010AD
:1017E0006C770010FC7500104876001078770010B8
:1017F000547600106076001070B506000D001400DD
:10180000002914D0002A14D08068736898470028F3
:1018100006D0220029003000FFF79CFF280007E0D7
:101820002A0021003000FFF795FF200000E01000A3
:1018300070BD0800FCE7000010B5002343730133BE
:101840008373037BC3730123027B9A4214D9002B59
:101850000CD0027B934209D85A00D218033A01688F
:101860008C4662440133DBB25370EDE70B4B0C4AFC
:1018700068210C4800F0B6F9002A09D0924207D836
:10188000016853009A18033A8A180023537010BD58
:10189000024B034A6821034800F0A4F9E0750010E8
:1018A0006C770010FC75001010B501734260836006
:1018B000FFF7C2FF10BD000070B50400002901D180
:1018C000080070BD002934D0037B994231D84B0009
:1018D0005B18033B0268944663445A78002AEFD0B1
:1018E0002DD0037B9A422AD853009B18033B0068F3
:1018F000844663445D7800205870002925D0237BFE
:10190000994222D84B005B18033B2068844663440D
:10191000002058702000FFF76FFF0600290020000C
:10192000FFF7CAFF020031002000FFF765FF01004A
:10193000C6E7094B094A6821094800F053F9064BEC
:10194000064A6821064800F04DF9034B034A682116
:10195000034800F047F9C046E07500106C770010AE
:10196000FC75001070B505000C001600002928D089
:101970002DD0037B99422AD84B005B18033B0268A9
:10198000944663445A78002A27D19A78002A2AD1AB
:101990001978FFF791FF0300002E03D0EA7B002A9D
:1019A00027D1EC73002B37D1002C49D02B7B9C42E4
:1019B00046D82A6863001C19033C1419002363707D
:1019C00070BD224B224A3821224800F00BF9224BED
:1019D000224A6821224800F005F9224B1C4A3A218C
:1019E0001C4800F0FFF8204B194A3B21194800F031
:1019F000F9F8002A0AD0297B8A4207D851008A18B0
:101A0000033A29688C4662445470CAE7124B134A61
:101A10006821134800F0E6F8002B0BD02A7B934294
:101A200008D843001B18033B2A68944663440022ED
:101A30009A70B9E7084B094A6821094800F0D2F8C2
:101A4000054B064A6821064800F0CCF8D87700100C
:101A50008C770010E0770010E07500106C770010B4
:101A6000FC7500101C7800104478001070B504005C
:101A70000A00457B2900FFF775FF6073280070BDE1
:101A800010B50400002966D0437B8B420ED000299C
:101A900011D0037B99420ED84B005B18033B0268C0
:101AA000D0188378002B0CD1002055E00121FFF7DE
:101AB000DDFF012050E0294B294A6821294800F028
:101AC00091F8002B1FD0227B93421CD85A00D318C8
:101AD000033B2268D21813788B421AD0002B1BD0FC
:101AE000227B934218D85A00D318033B2268D2189D
:101AF00053788B4216D0002BF0D11B4B1B4A672129
:101B00001B4800F06FF8154B154A6821154800F086
:101B100069F84378137007E0104B114A68211148A7
:101B200000F060F843785370002383704370012203
:101B30002000FFF717FF0200617B814205D02000E3
:101B4000FFF75AFE6073012006E00A4B074A6D2139
:101B5000074800F047F8002010BDC046E0750010AF
:101B60006C770010FC7500107C720010A0770010DC
:101B7000E0770010B877001010B50400FEF774FC91
:101B800001002000FEF7D6FFFF232371BFF35F8F14
:101B900010BD10B50400FEF767FC01002000FEF741
:101BA000C9FFFF23237100236371BFF35F8F10BD53
:101BB000034B9C46614489000160BFF35F8F70470F
:101BC0004000003410B504000120FEF75BFC01006A
:101BD0002000FFF7EDFF10BD00BEFDE710B5FFF7D9
:101BE000FBFF000010B582B00C001900002A0CD0D9
:101BF000084B002A0BD001920093230002000648F4
:101C000002F0DCFB0120FFF7E7FF044BF1E7034A9A
:101C1000F1E7C04634790010447900104079001093
:101C200070B52B4B2B4A1A602B4B2C4A1A602C4B4D
:101C30009A682A4B9343FAD12A4C01E008CC984782
:101C4000294B9C42FAD300F0FDF8234B274A1A6037
:101C5000234B9B68DB43DB01FAD1254B40229A677B
:101C60005A671A67DA66234C09E0234B234A83211B
:101C70002348FFF7B7FF2000FFF77EFF0834214B12
:101C80009C4209D22368002BF5D0012BEDD1200016
:101C9000FFF77FFF0834F2E71B4CA1681B4DC02201
:101CA000280002F049FAA560FEF7DDFA002800D00E
:101CB00000BEFEF7C9FBFEF717FFFFF77FFA144CD3
:101CC00001E008CC9847134B9C42FAD370BDC04644
:101CD00000E00040BFCDFBFE00F00040FE7F3C0076
:101CE00000C000400805002018050020FFFFFF018C
:101CF00000F0014000050020987900107479001070
:101D0000B87900100805002000ED00E00000002078
:101D100018050020200500200FB400B583B0084846
:101D200002F01AFB049B002B07D005A901911800B3
:101D300002F022FB034802F00FFB0120FFF74CFFEB
:101D40008479001094790010F0B5DE46574680B5CE
:101D500083B007000E0092460A9A93424CD3190EA4
:101D600001911B02180000930A9A002301F022FB44
:101D700005007B00DB199C002D4B9C466444636886
:101D8000834200D260603B1FDBB29B46012B39D9F6
:101D9000C0239B012343802212011A60BB00254A05
:101DA0009958002905D0506901F0C2FA0130013874
:101DB000FDD153465B0122685340E022134080224C
:101DC0005201224313605B46012B26D980239B01DD
:101DD0002343802212011A6065602A0000230098C4
:101DE000019901F0E7FABF00124BF850012003B04F
:101DF0000CBC92469B46F0BD0F4B104A2D2110485B
:101E0000FFF7F0FE012EC3D1C0239B012343032221
:101E10001A60A368DB07FCD5CBE721687140032378
:101E20000B401360A3680122B2401A42FAD0CDE7FA
:101E300000800040EC0A00200C7A0010FC790010B1
:101E4000207A001030B583B00C2000F01BF9FEF7AB
:101E5000F1FA00280DD00023092B05D899002D4A4E
:101E60002D4888500133F7E72A4B2C4A5A6203B0B9
:101E700030BD2B4B00229A6700F072F9294B0122EA
:101E80001A60274B5B6C012BFBD1274B03221A6096
:101E9000234B9B6B012BFBD1013300930433234A6B
:101EA0000121234800F04EF805230093214A012127
:101EB000214800F047F8214B009300220221042022
:101EC000FFF742FF1E4D00952B0000220121052047
:101ED000FFF73AFF104C0094230000220021072056
:101EE000FFF732FF00942300002200210820FFF7B3
:101EF0002BFF0A4B00932300002200210920FFF74B
:101F000023FF00952B00002200210620FFF71CFF75
:101F1000ADE7C046EC0A0020006CDC021BB70000F5
:101F2000008000403CB0004030B00040002F6859B5
:101F300000800240008C864700C00240001BB700B2
:101F400040597307F0B583B00500019114001F00DC
:101F50000C2001F0EDF906003D4BE2183D4B9A4292
:101F600042D84201121A93019B1ADB001B189901F7
:101F7000200001F0DDF90200103A98235B009A423C
:101F800038D87B1E062B3BD8089B013B062B37D845
:101F9000089B9F423AD32309B3423DD33F04089B99
:101FA0001E033E432B68002B3CDB2B4B9D424BD04A
:101FB00080214901294B1960294B1960294A9268EF
:101FC0000B009343FAD1019B2B60A8602A1DC0230C
:101FD0009B01134321221A602A68002AFCDAEE6072
:101FE00008221A6003B0F0BD1F4B204A112120487F
:101FF000FFF7F8FD1F4B1D4A19211D48FFF7F2FDA1
:102000001D4B1A4A1C211A48FFF7ECFD1B4B174ABF
:1020100022211748FFF7E6FD194B144A25211448E1
:10202000FFF7E0FD2A683F231340019A9342BCD199
:10203000AB681B051B0D8342B7D1EB68EE22D202C1
:102040001340B342B1D1CDE780218901B2E7C04648
:1020500080E84BD380F8A93200C0024000E0004085
:1020600000F0004000C00040707A0010647A001058
:10207000D07A0010107B00102C7B0010787B0010B1
:10208000907B001080239B000343014AD36270477A
:1020900000800540024B1A68024B5A607047C046E8
:1020A000840F00200080054010B5164B8022D20519
:1020B0001A60154B154A1A6000290AD0144BE02209
:1020C000D2041A60002809D1114B802212061A602E
:1020D00010BD0C4BE022D2041A60F3E743011B1A37
:1020E0009B00181803010B4A13600B4A934201D955
:1020F000084B1A60FFF7CEFF054B8022D2051A600D
:10210000E6E7C04600B0054008200140FCFF0100A2
:1021100000A00540840F0020FFFFFF0010B50C4B0E
:102120008024E4051C6000280ED001230343094CE1
:102130000948E0610948584020626162A3620021B9
:102140001000FFF7B1FF10BD024B0021D961F6E787
:1021500000B0054000800540D3C007B02D3FF84FC8
:10216000064BAA2212011A602F22DA60044B054A9C
:102170001A60024B5B68002BFBDA7047004002409C
:102180000060024000B0FA00704710B5002802D08D
:102190000B684968984710BD10B5040000232168FA
:1021A0000A78303AD2B2092A08D89800C3185800E1
:1021B0004B1C23600B781B18303BF0E7180010BD58
:1021C000F0B5D6464F464646C0B582B005000091F0
:1021D000904601930A9B99460B9C0C9E0D9B9B0776
:1021E0000CD04E460C9B9946002C19D0013C571C34
:1021F000305D019B0099A8473A00F5E72700A24609
:10220000B74207D2541C019B00992020A8470137F0
:102210002200F5E754460C964E460C9B9946E3E7A0
:102220004E460D9B9B0706D4100002B01CBC904686
:102230009946A246F0BD4746D31BB342F4D2541C84
:10224000019B00992020A8472200F5E7F0B5CE4673
:1022500000B586B0049205930C9D0D9C0EAE3378AC
:102260009946109F119B129EB2071BD4002B08D0D9
:10227000F20706D54A46002A02D10C32324200D07B
:10228000013BBC4208D21F2C06D830222A5501340B
:10229000F7E730222A550134F20703D59C4201D2D8
:1022A0001F2CF6D9F20615D5720505D4002C03D0E3
:1022B000BC4223D09C4221D00F9A102A2AD00F9AD8
:1022C000102A2FD00F9A022A34D01F2C02D8302780
:1022D0002F5501341F2C05D84A46002A30D02D270F
:1022E0002F5501340396029301940095059B049A9F
:1022F000FFF766FF06B004BC9146F0BD671E002FD5
:1023000006D00F9A102A01D03C00D5E7023CD3E753
:102310003C00D1E7B206D2D41F2CD0D878272F5555
:102320000134D2E7B206CDD51F2CCBD858272F5574
:102330000134CAE71F2CC8D862272F550134C4E7DF
:10234000720703D52B272F550134CBE73207C9D5A8
:1023500020272F550134C5E7F0B5CE46474680B556
:1023600095B0089009910A920B931CAB10CB1B7887
:1023700098461E9D219B9946002C03D110234A4666
:102380009A4391468027FF004B461F4018D0002CEF
:1023900022D0002714E04A4692061BD54121C918D5
:1023A000C9B20A39C9B27E1C0CABD955290020002C
:1023B00000F0BEFFAC4210D31F2E0ED83700040031
:1023C0002900200000F0B4FFCBB2092BE3D8303352
:1023D000D9B2E8E76121E2E726004B460693209B4D
:1023E00005931F9B049303954346029301960CAB00
:1023F00000930B9B0A9A09990898FFF727FF15B0DD
:102400000CBC90469946F0BDF0B5DE46574680B507
:1024100097B00A900B910C920D931E9A08921F9CF4
:1024200020AB1B789B46229B0993239D269B9A46B3
:102430002243131E03D1103352469A4392468026FC
:10244000F60053461E4006D0089A1300234333D0AB
:10245000002637001AE0370018E05246920621D5D0
:102460004122D218D2B20A3AD2B27E1C0EABDA5551
:10247000099A2B000898210000F09CFFA5421DD866
:1024800012D01F2E16D8370008900C00099A2B0086
:102490000898210000F08EFFD3B2092BDDD830332D
:1024A000DAB2E2E76122DCE7099B089A9342E8D9B5
:1024B000370004E0370002E0002700E03700534611
:1024C0000693259B0593249B0493099B03935B46EA
:1024D000029301970EAB00930D9B0C9A0B990A98EF
:1024E000FFF7B4FE17B00CBC92469B46F0BD00004F
:1024F000F0B5D6464F464646C0B594B00A90069110
:102500000B9207931C9C08941D9D099522002B009B
:102510002000290001F0DDF9002800D0E8E00122C8
:102520005242D64B2000290001F0CEF9002800D0FD
:10253000DEE001225242D24B2000290001F0AEF928
:10254000002800D0D4E000220023089D2800099C28
:10255000210001F0A3F9002800D0DFE0089E099FC8
:102560008023DB00209A1A409046131E01D10633C7
:102570001E930C960D973A00324300D1D5E0380DEA
:102580004005400DBF4A944660443A03120BBE4BCF
:1025900013431D0001F0B0F9BC4ABD4B01F03BF9FB
:1025A000BC4ABD4B01F010F90C900D910022BB4BC1
:1025B0003000290001F0FFF8B94ABA4B01F02BF9BD
:1025C00002000B000C980D9901F0FEF801F0ACF937
:1025D000824601F091F9B44AB44B0C900D9101F090
:1025E0001AF90022B24B01F0EFF801F09DF9050055
:1025F000B04AB14B0C980D9901F00DF90C900D916A
:10260000280001F079F9AD4AAD4B01F004F9020060
:102610000B000C980D9901F0CEF802000B000E9003
:102620000F9101F0F8F810901191A64B9C4665446B
:102630002B050D9300230C930E9C0F9D22002B0065
:102640002000290001F0C0F80E900F9122002B000D
:1026500000208021C90501F0AEF8129013910022EC
:10266000994B109C119D2000290001F0B6F8002222
:10267000964B01F0A9F802000B002000290001F0A0
:10268000ACF80022924B01F09FF802000B002000F2
:10269000290001F0A2F802000B001298139901F032
:1026A00093F802000B000E980F9901F096F80022A3
:1026B000754B01F089F80C9A0D9B01F0ACF8020003
:1026C0000B000C920D9332003B0004000D0001F052
:1026D000FBF800282BD001235B429C46E2440022F9
:1026E0007A4B2000290001F078F80C900D911EE043
:1026F000209B04931F9B03931E9B0293089A099BA4
:1027000000920193079B0B9A06990A9800F0F4F83F
:1027100014B01CBC90469946A246F0BD2E00802302
:102720001B069C46644427001AE700239A4653463A
:102730006333C62B21D80425209B1B0529D50C9A71
:102740000D9B1900114310D0624A634B30003900D1
:1027500001F0B2F8002800D182E000225F4B300087
:10276000390001F09BF800287AD01E9B534506DD06
:1027700052469C1A631E1E9303E00525DCE70023E6
:102780001E938023DB00209A1A4320920025002309
:102790009A461F9B9D426DD25B1B99460223209A4D
:1027A0001A40904603D0002D01D00023994653468D
:1027B000002B07D00C9A0D9B3000390001F00DF86A
:1027C00006000F00002200230898099901F066F81E
:1027D000002800D086E0424B209A134004934B46D9
:1027E00003931E9B029300960197079B0B9A0699F1
:1027F0000A9800F081F8002D00D189E7209B9B0604
:1028000075D54526471C079B0200069930000A9E95
:10281000B0475046C2178318534005220592013D28
:102820000495002203920A320292C40F019400938D
:10283000079B3A0006993000FFF78EFD4346002BB8
:1028400000D165E702000A9E0B9C1F9D131BAB4243
:102850004FD2571C079B06992020B0473A00F5E756
:102860001E9B002B95D04346002B92D01E9B013B14
:102870001E938EE70023994690E7C046FFFFEF7F47
:10288000FFFFEFFF01FCFFFF0000F03FFB799F50CF
:102890001344D33FB3C8608B288AC63F0000F83F7B
:1028A00061436F63A787D23F71A379094F930A40B1
:1028B0000000E03F1655B5BBB16B0240EF39FAFEA0
:1028C000422EE63FFF03000000002C4000002440A1
:1028D000000018402D431CEBE2361A3F80842E4145
:1028E000FFF7FFFF802109067B181F0073E76526AD
:1028F00088E710000CE7C046F0B5D646474680B5DD
:1029000097B00690079108920993209F1E9A1F9BEB
:102910001000190000F0DDFF002839D101225242D9
:10292000BC4B1E981F9900F0B9FF00283FD101222F
:102930005242B94B1E981F9900F0C6FF002845D19E
:102940000022B64B1E981F9900F0BEFF002856D1FA
:102950000022B34B1E981F9900F0A0FF00284ED113
:10296000002200231E981F9900F098FF002856D1DE
:1029700000239A46229B5B055CD500261F2E5BD860
:10298000092F59D90EAB30229A55013F0136F5E790
:10299000229B0393219B029303230193A14B00935A
:1029A000099B089A07990698FFF70AFC03E1229B06
:1029B0000393219B0293042301939B4B0093099B58
:1029C000089A07990698FFF7FBFBF4E00423229A84
:1029D000134010D0954A002B0FD004232299039165
:1029E0002199029101930092099B089A07990698F0
:1029F000FFF7E6FBDFE08E4AEDE70323EEE7229BDD
:102A00000493219B039302971E9B1F9C00930194A8
:102A1000099B089A07990698FFF76AFDCBE01E9A72
:102A20001F9B0020002100F0C6FE1E901F91012375
:102A30009A469FE70627A0E71E981F9900F074FFAB
:102A4000040000F059FF02000B001E981F9900F0CF
:102A5000B2FEFA00774B9B181A685B680C920D93D4
:102A600000F0D9FE0A900B9100F082FF050000F003
:102A70003FFF02000B000A980B9900F09CFE0A90A1
:102A80000B9100226C4B00F01FFF00282CD0013569
:102A9000280000F02DFF02000B000C980D9900F0AB
:102AA00003FF002801D001340025002F2AD1200087
:102AB00000F022FF02000B001E981F9900F07BFE21
:102AC00000225D4B0A900B9100F0E8FE002844D1F3
:102AD0000022594B0A980B9900F0F6FE00283CD1D1
:102AE000E3073AD5013438E00022534B0A980B999A
:102AF00000F0D4FE0028D8D1002D01D0EB07D4D5AA
:102B00000135D2E70A941F2E11D8013F0A2128006F
:102B100000F00EFC741C30310EAB99550A212800D0
:102B200000F006FC092D0ED905002600EBE70A9CF3
:102B30001F2E0CD87B1E002F09D00EAA30219155D4
:102B40001F000136F4E7A0460A9C4646F0E71F2E18
:102B500003D80EAB2E229A5501361F2E10D80A210B
:102B6000200000F0BDFB751C30310EAB99550A21D9
:102B7000200000F0B5FB041E01D02E00EDE72E0072
:102B80000323229A1340012B1AD01F2E06D8534636
:102B9000002B2FD00EAB2D229A550136229B03938A
:102BA000219B029301960EAB0093099B089A07990B
:102BB0000698FFF705FB17B00CBC90469A46F0BD8F
:102BC000219B002B0AD05346002B02D10C33134219
:102BD0000ED0219B013B2193190000E021998E42E8
:102BE000D3D21F2ED1D80EAB30229A550136F6E73C
:102BF0002199F4E7229B5B0704D50EAB2B229A5553
:102C00000136CBE7229B1B07C8D50EAB20229A5575
:102C10000136C3E7FFFFEFFFFFFFEF7F65CDCD413B
:102C200065CDCDC1987D00109C7D0010907D001079
:102C30008C7D0010A87D00100000E03FF0B5DE465E
:102C400057464E464546E0B593B083460B910A92EF
:102C50001193002900D1E6E200275C46119B187809
:102C6000002800D1E2E2252809D07D1C0A9B3A0009
:102C70000B99A047119B013311932F00EEE701330D
:102C8000119300261DE00B00303BDBB2092B37D936
:102C90002A293AD000239B46119B1A782E2A44D029
:102CA00000239846119A1378683BD9B2122900D9AB
:102CB00080E08B00CB49CB589F4601231E43013255
:102CC0001192119A11780B00203BD8B21028DAD853
:102CD0008300C548C3589F4602231E430132119208
:102CE000EFE704231E4301321192EAE708231E4353
:102CF00001321192E5E710231E4301321192E0E701
:102D000011A8FFF749FA8346C6E71C9B1A1D1C92BF
:102D10001B68002B04DB9B46119B01331193BBE71F
:102D2000022216435B429B46F6E78022D2001643FE
:102D30005A1C11925A781300303BDBB2092B04D98C
:102D40002A2A07D000239846ACE711A8FFF724FAF7
:102D50008046A7E71C9B1A1D1C921B68002B04DBF6
:102D60009846119B013311939CE70023F8E78023D9
:102D70005B003343511C119152786C2A01D01E0024
:102D800018E0C0239B001E430131119112E0802303
:102D90003343511C11915278682A01D01E0009E07A
:102DA000C0231E430131119104E080235B001E43C8
:102DB00001321192119B18780300253BDAB2532A95
:102DC00000D926E29300894AD3589F4680239B006E
:102DD0001E4301321192EDE780235B001E43013256
:102DE0001192E7E7782809D0582838D06F2838D0D2
:102DF000622838D010239E430A2500E01025582869
:102E000033D0692803D0642801D00C22964373057F
:102E100001D50122964369282AD0642828D0B30519
:102E200000D59FE0F30500D5B8E0730600D4CAE0F2
:102E30001C9A111D1C911168FF220A4005965B46E1
:102E400004934346039302950023019300920A9B47
:102E50003A000B992000FFF77FFA070027E01025C2
:102E6000CDE70825CBE70225C9E720221643C8E7AE
:102E7000B30520D4F30550D4730666D51C9A111DF2
:102E80001C911168FF220A40D317D11859400596AA
:102E90005B460493434603930295D20F019200913F
:102EA0000A9B3A000B992000FFF756FA0700119B86
:102EB00001331193D2E61C9BDA1D07218A431100CE
:102EC00008311C91116853689C46DB170C930D93D5
:102ED0000C9A0D9B100048400E90624653400F9391
:102EE0000E980F990C9A0D9B801A99410E900F9194
:102EF00008965B4607934346069304950023059383
:102F00006346DA0F0292009001910A9B3A000B99F6
:102F10002000FFF779FA0700C9E71C9A111D1C91E0
:102F20001268D317D118594005965B46049343465F
:102F300003930295D20F019200910A9B3A000B99DC
:102F40002000FFF709FA0700B1E7330605D51C9A00
:102F5000111D1C910023D25E96E71C9A111D1C9135
:102F6000126891E71C9BDA1D07218A431100083182
:102F70001C9108965B4607934346069304950023ED
:102F80000593029353681268009201930A9B3A00DA
:102F90000B992000FFF738FA070088E71C9A111DEB
:102FA0001C9105965B4604934346039302950023C8
:102FB0000193136800930A9B3A000B992000FFF7D6
:102FC000CBF9070073E7330606D51C9A111D1C9137
:102FD00012681204120C31E71C9A111D1C91126820
:102FE0002CE7C046AC7B0010F87B00103C7C001046
:102FF00046281AD01C9B0733072293431A00083235
:103000001C9204965A460392424602921A685B68E2
:10301000009201930A9B3A000B992000FFF76CFC89
:103020000700119B0133119318E620231E43E1E7AB
:10303000672801D0472802D180231B011E43452861
:1030400001D0472801D120231E431C9B07330722B0
:1030500093431A0008321C9204965A460392424641
:1030600002921A685B68009201930A9B3A000B99DE
:103070002000FFF73DFA0700119B01331193EDE5A6
:10308000022333409A461ED001261C9B1A1D1C9217
:103090007D1C18780A9B3A000B99A0475346002BD9
:1030A00015D1119B013311932F00D7E5551C0A9BB5
:1030B0000B992020A04733002A005E1C9F42F5D8C0
:1030C000BB461700E1E701233A005F46F5E72A0017
:1030D000A0465C4606E0571C0A9B0B992020C0477F
:1030E0002E003A00751CB442F5D815004446D8E7C6
:1030F0001C9B1A1D1C921B689A464346002B00D14C
:10310000013B55462A78002A05D05A1E002B02D0D2
:1031100001351300F6E75346ED1A8023DB003340F8
:10312000994602D0454500D94546022333401093C5
:1031300008D03A00564629004D462300444698469A
:1031400089461FE03A0023005C469B4606E0571C78
:103150000A9B0B992020D84735003A006E1CAC42E0
:10316000F5D835005B46A346564629004D464446F1
:103170009846894606E01C000136571C0A9B0B99AD
:10318000C0473A003078002804D0002DF4D0631EE8
:10319000002CF0D117004D464446109B002B03D164
:1031A000119B0133119359E55C4606E0571C0A9BBD
:1031B0000B992020C04735003A006E1CAC42F5D870
:1031C00017004446ECE7212333431C9A111D1C9140
:1031D0001268009205930823049343460393102337
:1031E0000293002301930A9B3A000B992000FFF7FA
:1031F000B3F80700119B013311932FE57D1C0A9B47
:103200003A000B992520A047119B013311932F0001
:1032100024E57D1C0A9B3A000B99A047119B0133C2
:1032200011932F001AE50B4B9B4615E5A3460A9B0D
:103230009F420CD35A1E0A9B0B990020D847380096
:1032400013B03CBC90469946A246AB46F0BD3A004E
:10325000F1E7C0468921001000B585B002900391C6
:103260000121009313004A4202A90248FFF7E6FC3D
:1032700005B000BD8B21001001480421014B184707
:10328000A0040020A932001010B5010018231B88EB
:1032900014221088984710BD10B5010018231B8810
:1032A00016221088984710BDF0B5C64600B5070035
:1032B0000E0000250123984600E00135B5420AD2F0
:1032C000AC003C192068FFF7DFFF20600028F4D134
:1032D00000239846F1E7404604BC9046F0BD00004C
:1032E000124A936F9B0815D29066D166002905D0CB
:1032F000FFE7FFE7FFE7516F106F704704B58021CC
:103300000906C2175140002800D0C84303F0ACFEA4
:10331000002104BDF0B5146E556E576F166FFFF7A0
:10332000E3FF1466556657671667F0BD000000D0CE
:10333000114A936F9B0813D210665166002905D07D
:10334000FFE7FFE7FFE7516F106F704704B50028F4
:1033500001D00020C04303F087FE002104BDC04619
:10336000F0B5146E556E576F166FFFF7E5FF1466D4
:10337000556657671667F0BD000000D094464E4A68
:10338000926F9208624601D230E0C046F0B54A4ED4
:10339000B56F6D08FCD3346E756E776F366F00F0C5
:1033A00025F89446444A1466556657671667624680
:1033B000F0BDC0469446404A926F9208624601D2E0
:1033C00058E0C046F0B53C4EB56F6D08FCD3346E86
:1033D000756E776F366F00F04DF89446364A146676
:1033E0005566576716676246F0BDC046002B24DB62
:1033F00011D000293EDA00B5C943404200D1013165
:1034000000F038F8C943404200D10131DB43524259
:1034100000D1013300BD002AEBD1002801D10029E1
:1034200005D00020C90FC90701D1C043410800B52C
:1034300003F012FE0022002300BD00B500290ADBC4
:10344000DB43524200D1013300F014F8C94340423B
:1034500000D1013100BDC943404200D10131DB43FD
:10346000524200D1013300F005F8DB43524200D153
:10347000013300BD002923D1002B18D1002A0CD024
:10348000BC460D4F38667A6600210023FFE7FFE750
:10349000FFE77A6F386F67467047002801D007480A
:1034A000010000B503F0D8FD0022002300BD02009A
:1034B0000B00002000217047000000D0FFFFFFFF3D
:1034C000002B00D0BFE0130C28D1002AE7D080B435
:1034D000114F39667A66FFE7FFE730B4040C7B6F63
:1034E000396F1B0423433B667A66FFE7FFE7FFE77C
:1034F000C04684B27B6F3D6F1B0423433B667A66F4
:10350000FFE7FFE7C04600232C042D0C7A6F386FCD
:1035100000196941B0BC7047000000D0F0B5944676
:103520000025140E01D112020835140F01D1120129
:103530000435940F01D192000235D40F01D152000D
:103540000135D40B0134254F7C66254C3C660E0CAE
:1035500093B2FFE7FFE7FFE73C6F6643360C770364
:10356000BE467343DF0B5B04C01AB941130C7343AF
:10357000DB18C91ACE086643360CB64493B27343BF
:103580001F0F1B01C01AB941130C73431F0B1B05FE
:10359000C01AB941860D8F023E436643360C092D91
:1035A00024DB520A7243801A7703460A6643360CBC
:1035B00016235B1BDE40DF40BF1964466643821B57
:1035C0007046043506330100D940A840C01900D325
:1035D0000131A24206D20023F0BD0000000000D05D
:1035E000FFFFFFFF121B0130F3D3F1E709277F1B19
:1035F000FE406446A2B27243801A00D20139220C06
:103600007243130C1204821A99410B007046043560
:1036100013370100F940A840801900D30131002B75
:1036200002D1A2420AD2F0BD013000D30131121BF7
:10363000FAD2013BF8D1A24200D2F0BD013000D352
:103640000131121BF7E7F0B51C0C00D080E00CB480
:1036500000251C0A04D11B02160E33431202083542
:103660001C0B04D11B01160F3343120104359C0BB4
:1036700004D19B00960F334392000235DC0B02D13C
:1036800092185B4101351C00971864410134464F84
:103690007C66464C3C660E0CFFE7FFE7FFE7C04642
:1036A0003C6F6643360C7703BE4697B27743C01B28
:1036B00000D20139C01B00D201399FB27743C91B28
:1036C000C91B170C77437E04FF0B801BB941CE0842
:1036D0006643360C0C2D33DBB644120B1F053A4300
:1036E0001B0B97B27743C01B00D201399FB27743BF
:1036F000C91B170C77433E043F0C801BB941860D54
:103700008F023E43664329277F1BFE400C3D7746D0
:10371000AF40BF1930BCA2B2ABB272437343801A40
:103720009941220C7243130C1204801A9941020031
:103730000B000137001BA941F9D2781E0021F0BD12
:103740000C277F1BFE4077467F0BAF40FF19E0E759
:1037500000245D1C07D0144F7D663966FFE7FFE744
:10376000FFE7FFE73C6F95B29EB265436643401B9F
:10377000B141150C1E0C6543664336042F0C3E43C5
:103780002D04401BB141994204D202000B002000DD
:103790000021F0BD01D19042F7D3801A9941013444
:1037A0009942F2D3F6E70000000000D0FFFFFFFFD0
:1037B00048404140484018B41B4B5B68FC460193AD
:1037C00008BD04DF8B3A001018B4174B1B68FC4689
:1037D000019308BD00DF953A00109446134A926F9A
:1037E000920809D2624618B40F4BDB68FC4601937D
:1037F00008BD0CDF4D3D00100C4AF0B5146E556E3F
:10380000576F166F6246FFF7EEFF084A146655665B
:1038100057671667F0BD18B4034B9B68FC460193CD
:1038200008BD08DFF13B0010E40F0020000000D0CD
:10383000FFB550404240504059404B40594000E095
:10384000FFB5154F4C00640D03D0BC4204D10C03EE
:1038500014D80020090D09055C00640D03D0BC429A
:1038600004D11C030AD800221B0D1B0501264B4066
:1038700009D44B4003D58B4200D18242FFBD99420F
:10388000FCD19042FFBD0B43DB1803431343F5D03B
:10389000C9434918FFBD0000FF07000000B5FFF74E
:1038A000CFFF804100BDC04600B5FFF7C9FF01D979
:1038B000002000BD012000BD00B5FFF7B9FF01D910
:1038C000002000BD012000BD00B5FFF7B1FF804121
:1038D00000BD012040054A00121804D85A001218F1
:1038E00001D8002070470120704700207047000079
:1038F0000021002805D17047C1174840401AFAD06E
:10390000C90713B5064B1B6898470CBC441CA24062
:103910001005120B0349091B09051943114310BD7A
:10392000A40F00201F04000010B54C00620D80237E
:10393000D218DB00D21A5B057E2A10DD9E3A13DA1C
:10394000CC170903490819435242D140640001349D
:103950001532202A05DAD0400843604310BD00200C
:1039600010BD0846604310BDC80FC018013810BD17
:1039700018B4044B5B6AFC46019308BD24DFFD3E8E
:1039800000100000E40F002070B513231C78012CF8
:103990000CD0012C13DC022C02DC1F4A1F4B9A6452
:1039A0001F48FFF771FC1F4B186070BD00231F2BD1
:1039B000EFD899001848194A88500133F7E71A4898
:1039C000FFF76AFC05001948FFF766FC0238037828
:1039D0009B007F2B19DD80222900104800F0ACFBF2
:1039E000022CD8D1124B1A88B5231B029A4209D156
:1039F000104B1A88104B9A4204D1104B1A88104B66
:103A00009A42C8D00020FEF787F90E4B0E4A3221A9
:103A10000E48FEF7E7F8C046513A0010E40F0020C8
:103A20004C330000A40F0020534400005346000014
:103A300054380000D8380000494600009C38000087
:103A400059460000F87D0010A47E0010587E00103A
:103A500007B56046002800D100BE01880A0A02307E
:103A6000DF2AFAD1C9B2820804D302884088000450
:103A7000104300E00068024A5050039007BD000068
:103A8000E40F00200FB403BC0CBCF0B50124E40724
:103A9000634000E0F0B50C0DCF0F661E3605891BA4
:103AA000640503D3C943404200D30131640D03D000
:103AB000661CF60A07D0E41B00207F00791C8907EA
:103AC0008912803C24031D0DDF0F6E1E36059B1BE3
:103AD0006D0503D3DB43524200D301336D0D03D098
:103AE0006E1CF60A07D0ED1B00227F007B1C9B0793
:103AF0009B12803D2D032F1B661B58D4A446202EFD
:103B000046DA20371400BC401D00BD40F24033416E
:103B10002A4380185941CB0F05D0C943C043002226
:103B200064425041514162464D0D28D10D0D07D1DF
:103B300000281FD0241940414941013A0D0DF9D008
:103B4000640006D3013000D30131002C01D14008BC
:103B50004000013A0BD4941CE40A04D1120511442C
:103B6000DB071944F0BDD907204B194300E0D90702
:103B70000020F0BD0029DDD1002CDBD1F0BD0132E9
:103B8000C6074008CD0728434908002EE1D0D9E7F1
:103B90003C2E29DA203E40371400BC4000D00124DE
:103BA000F24014431A00BB401C43D317ACE7AC46A9
:103BB000202F08DA20360400B4400D00B540F8404C
:103BC00039412843A5E73C2F0CDA203F403604005A
:103BD000B44000D00124F84004430800B1400C4335
:103BE000C117EAE710001900002494E70000F07FF5
:103BF000F0B50C0D661E3605891BE60A6405640DDA
:103C000002D0651CED0A04D0002001210905803C8A
:103C10002403A4461C0D671E3F05DB1BE70A640551
:103C2000640D02D0651CED0A04D0002201231B059F
:103C3000803C24037740644497B484B296B27443C2
:103C4000070C7E43150C6F4380B26843361802D3CD
:103C5000012000043F183004350C00197D418446D2
:103C600088B29AB250430C0C62431F0C7C438EB254
:103C70007E43921902D301263604A4191604170CA8
:103C80003618674101BC81B29AB25143040C6243B9
:103C90001B0C5C4380B25843121802D3012000046D
:103CA00024181004130C401863412D185E410020A5
:103CB000474106BC88B293B258430C0C6343120CC4
:103CC000544389B251435B1802D30121090464189B
:103CD00019041A0C091862416D1856410020474119
:103CE00018BCF902720D1143F0026A0D1043ED0287
:103CF0000A0D03D16D1940414941013B124E9B1BF6
:103D00007600B3420ED26D0007D301300026714118
:103D10006646354301D1400840001B05C918E40739
:103D20002144F0BD0BDA013306D1013004D1013159
:103D30004F0D01D04908F2E7E1070020F0BD013640
:103D400031050020EBE70000FF030000F0B51C0D7B
:103D5000671E3F05DB1BE70A6405640D02D0661C85
:103D6000F60A04D0002201231B05803C2403D02541
:103D70002D060026F6432E661E096E66CE0FF61936
:103D8000B44649004F0D02D07E1CF60A03D0002035
:103D90000021403F3F033E1BB600B444013F7F0576
:103DA000C91B49082E6F013676089C02950D2543E4
:103DB0007543ED137543AD1301356D10F603761B96
:103DC0000CB4CC02450D2C43A2B2B3B25A43270C1B
:103DD0007B43350C6F43A4B26C431B1902D30124FF
:103DE00024043F191C041D0CA4187D4124196D41A5
:103DF000009A91B2ACB26143170C7C432B0C5F4329
:103E000092B25A43A41802D301221204BF1822040A
:103E1000230C52187B41019C6C431B19520ED90193
:103E20000A434401A01A81B2B2B2514303145A4367
:103E3000360C734387B27743D617D21900277E41D9
:103E400036049B191704160C7F185E417316ED1883
:103E5000F301002680337541A90F06D16400690A79
:103E6000E8055B0A184309D22FE00422944480330A
:103E70007541A90AA8059B0A184326D34041494128
:103E80002404009A019B0D005543641B4343E41A2C
:103E900095B286B27543170C7E43030C5F4392B212
:103EA0005A43B61802D301221204BF183204330C4D
:103EB00052197B4152429C41002C02D40022013015
:103EC00051414008CA071043490802B06246D7076B
:103ED0009210084BD218084B9A4203D21205891847
:103EE000C919F0BD0020002A01DC3900F0BD013302
:103EF0001905F5E7FD030000FE070000002200B5EC
:103F0000203200F004F8080000BD000000220B156C
:103F10000AD410B5944600F031F81414013400DAD4
:103F20000021CB17144C2047002000217047624429
:103F3000343A0CD40C2A07DA0400914090405242E3
:103F40002032D440214310BDD843D94310BD203284
:103F500007D40C469440524220321141D0402043B5
:103F600010BD0800C917203203D45242203210413C
:103F700010BD1800190010BD2F3F00100A0DCC0F06
:103F8000531E1B05C91A520503D3C943404200D32F
:103F90000131520D03D0531CDB0A07D0121B002045
:103FA0006400611C89078912803A1203014BD21AFE
:103FB00070470000FF03000051434343C9188C467B
:103FC000110C83B24B4310B4040C614392B280B223
:103FD000504362431C041B0C001910BC59411304CC
:103FE000120CC018514161447047000070B5132392
:103FF0001D782A48FFF750F90400012D11D0012D3A
:1040000009DDA31E1B789B007F2B40DD8022210051
:10401000234800F091F82348FFF736F9224B186047
:1040200070BD542201001E4800F086F81F4B1A880C
:104030001F4B9A421CD1A7239B011A881D4B9A4201
:1040400016D11D4B1A881D4B9A4211D11C4B1A8850
:1040500094239B019A420BD11A4B1A881A4B9A420D
:1040600006D11A4B1A681A4B9A4201D1152307E060
:104070001848FDF751FE99001748094A8850013346
:104080001F2BF8D9144A064B1A62DA61B7E7134BB3
:10409000134A42211348FDF7A5FDC04653460000D0
:1040A000E41000204C330000A40F0020EE29000093
:1040B000C40F0000C20D0000962B0000C0B5000028
:1040C000182B0000CC2A000010B50000FC2C0000CA
:1040D00051ED876440790010E9400010B87E00106F
:1040E000347F0010EC7E001007B56046002800D138
:1040F00000BE01880A0A0230DF2AFAD1C9B282085A
:1041000004D3028840880004104300E00068024A9B
:104110005050039007BD0000E41000200148042126
:10412000014B1847B0040020A9320010014B1B6856
:1041300018470000B0040020014B5B6818470000DE
:10414000B004002010B50C0003681100200098474F
:1041500010BD0000F8B507000D001600437C002BD1
:1041600002D0002400200CE00368110028009847CA
:104170002DE03B7C10E0022115483B689847601C0D
:104180000134B44214DA002CF3DD2B19013B1B7807
:104190000D3B5A425341DBB22A5D0A2AF0D1002B73
:1041A000EED1A042E7DA211A28183B689847E2E7E7
:1041B000B04203DA311A28183B689847002E06DD12
:1041C000AD19013D2B780D3B5A4253413B74F8BD6C
:1041D000AC7F001070B505000368002B16D00C4BA7
:1041E0001C6805E0290004C92000FFF7B3FFE4685C
:1041F000002C09D02368002BF9D0064B1B68002B3C
:10420000F0D0A342F3D1EDE700232B6070BDC04690
:104210007C0B0020800B002070B505000C000B68A3
:10422000802B05D023685A1C2260E418257170BDCC
:104230000800FFF7CFFFF5E710B582B0D0231B06CB
:1042400000241C5701A9074802F016FF002806D1D8
:10425000019B9C4203D0034802F01EFF012002B0E4
:1042600010BDC0460005002010B5024802F0ECFE6B
:1042700010BDC04600050020F0B5C64600B584B0AC
:1042800001900D0016001C00FFF7D6FF80466B1C46
:1042900005D0002C08D0194F194B1C6807E0019875
:1042A00002F092FE0500F4E7164FF5E7E468002CF3
:1042B00016D02368002BF9D0134B1B68002B01D0BC
:1042C000A342F3D12A0001992000B847002EEDD077
:1042D00002ABD91D0A230B7001222000B847E5E785
:1042E0004346002B06D1681E8541E8B204B004BCE9
:1042F0009046F0BDFFF7B8FFF5E7C0464541001016
:104300007C0B002055410010800B0020094A1368E7
:10431000002B0BD0834202D00C331A00F7E70029A0
:1043200007D1C36813600023C36002E0002900D0F6
:10433000106070477C0B002010B5064B1C6800E035
:10434000E468002C04D06368002BF9D09847F7E7A5
:1043500010BDC0467C0B002070B5050002F034FE95
:1043600004000023012201002800FFF785FFFFF76A
:10437000E3FF200070BD000070B5A2B004000E0085
:10438000FFF75AFF05008422002101A8FFF7CEFEA7
:104390003300220001A90848FEF75EFF040001A8CF
:1043A000FFF718FFFFF7C8FF002D02D1200022B051
:1043B00070BDFFF759FFF9E7194200100FB400B5BF
:1043C00083B004A901C90191FFF7D6FF03B008BC6F
:1043D00004B0184710B500F055F910BD7047000043
:1043E000014B00221A707047DF0F00204B79FF2B22
:1043F0000CD18B79002B0BD1CB79012B0AD1082A58
:104400000AD98A78054B1A70092000E0002070470D
:104410000020FCE70020FAE70020F8E7DF0F00208B
:104420000120704770B500292BD1117953791B02F7
:104430000B43154909788B4201D0002070BD537899
:10444000012B03D0022B15D00020F7E79178D37809
:104450001B020B43DA050BD55A0A012595407F2430
:104460001C400A48FEF710FF03002100280098476F
:104470000025F4E7642200210020FDF74FFE012013
:10448000DCE70120DAE7C046DF0F002055420000DC
:104490000123037000487047B07F001010B50B78FF
:1044A0004A7812021A438B781B041A43CB781B06F6
:1044B00013439622D200934200D010BD0348FEF76A
:1044C000E3FE0300002108009847C0465542000063
:1044D00030B583B004000D0001A9184802F0CCFDEE
:1044E000002808D1D0231B061B68019A9A4221D0CC
:1044F000124802F0D1FD002001F054FE002807D13F
:10450000032464420D4802F09FFD200003B030BD3B
:10451000002001F069FE002802D103246442F1E783
:104520002A002100002001F06BFE041EEAD10324C2
:104530006442E7E703246442E7E7C046AC0F00208B
:1045400010B50021054802F097FD002800D110BDEC
:1045500001F0C2FB014802F077FDF8E7AC0F002044
:10456000F0B5C64600B582B080460D0001A92E48C0
:1045700002F082FD002808D1D0231B061B68019A97
:104580009A420FD0284802F087FD002001F00AFE71
:10459000002847D1254B002000211860596022488F
:1045A00002F052FD02B004BC9046F0BD01F094FB55
:1045B000002001F039FE002001F0F4FD0028EED0CB
:1045C000002001F0B3FE00281DD0AC42E7DA2E1B1C
:1045D000002001F0ABFE864200DC30000028E5D070
:1045E000434619190200002001F084FE060001F084
:1045F00073FB002001F018FEA419FCF7C3FF0B4B5E
:1046000018605960E1E7FCF7BDFF084B1E685F6862
:10461000074A002392197B419942C0D8D5D19042D4
:10462000D3D9BCE70024D0E7AC0F0020200600203F
:1046300020A1070010B50A4B1A78D0231B061B686F
:104640009A4207D1074B1878FBF7A8FFFA208000A1
:10465000002110BD044B054A32210548FDF7C2FA7E
:10466000E10F0020E00F00200C800010EC7F001014
:104670003480001010B5024B1878FBF78FFF10BD87
:10468000E00F002070B584B0D0231B061A782C4BA5
:104690001A702C4B1B7802F089F82B48FDF76CFA46
:1046A0000120FCF72FFAC0B2284C20702849FBF7F4
:1046B00097FF20780121FBF769FF0520FBF77EFFBC
:1046C000041E0BD0002223490520FBF7B3FF012174
:1046D0002148FFF71BFE200004B070BDFCF78AFDE7
:1046E0000400FCF74FFF00291DDBFA229200002393
:1046F00012184B41994202D804D1904202D90122AA
:104700005242D317002B14DB0121029100210191A9
:10471000124900912000FCF783FD441EA041C4B261
:10472000002CD8D0D3E70E4B0E4A3F210E48FDF7A0
:1047300059FA0B4B0B4A3F210B48FDF753FAC04681
:10474000E10F002060870010AC0F0020E00F002078
:104750004145001075460010C00400203546001089
:1047600078740010D47F00109474001000487047D3
:10477000FC80001000487047A880001010B50400AD
:10478000154B1B78002B0DD0002C10D1134B144A65
:104790005A80012301335B00C022920013430F486B
:1047A000038010BD11210C4802F0BEFBECE7052C84
:1047B0000FD8A4000B4BE458002304E00133590048
:1047C00006484252DBB2122BE4D8E25C002AF5D153
:1047D000E0E70020E5E7C046C40F0020540B0020AE
:1047E00009040000108100107F230340C209580013
:1047F00080184001014BC0187047C046840B002050
:1048000010B582B001AB00221A7080325A700024B9
:1048100006E001AB185DFFF7E7FF0123C370013429
:10482000012CF6D902B010BD10B5838B3F333F2267
:104830009343022915D0124C2268C260D31823601A
:104840009C0610D10F4C6240634080246401A34257
:104850000FD88906114380231B061943436819604A
:1048600010BD5B00E7E7084B084A54210848FDF7F4
:10487000B9F9084B054A56210548FDF7B3F9C0467A
:10488000880F00200000105088810010288100103F
:10489000B881001010820010F8B505000E00140059
:1048A000FFF7A2FF7F232B40EF0985707A427A4100
:1048B00042700022C27086838477012F0DD0DA0007
:1048C00012498C4662448260826800211160002B8C
:1048D00009D143600E4BC360F8BDDA000D498C4628
:1048E00062448260F0E7012F09D0013BDB000A4AF5
:1048F0009446634443602100FFF796FFECE7013BD9
:10490000DB00064A944663444360F4E78400105099
:1049100000011050800010500C0010500800105082
:1049200010B500230E2B09D80133DA000021084806
:104930001150844662445160DBB2F3E7F0229200EA
:1049400000210448FFF7F2FB034B044A1A6010BD34
:1049500000001050C40B0020880F00208001105070
:10496000F0B5CE46474680B583B01D4B9F6D002401
:10497000012614E04B465B0043445B01194AD318FF
:104980009A8A9978012300930023002000F02AFEE0
:10499000280000F025FAB74376000134E4B2002F76
:1049A00018D01F2C16D83E42F6D00F4B9E656308D8
:1049B00099460123634001221A4090464B465D0010
:1049C00045446D01074BED18280000F099FA0028C6
:1049D000E1D0CFE703B00CBC90469946F0BDC0468D
:1049E00000001150840B00200030115070B52A4A8D
:1049F0009823D558802464022C400AD1EB0616D4A3
:104A0000EB0419D46B0429D42B0433D4AC423ED12B
:104A100070BDFFF7F5FE01222049002000F0C8FD1F
:104A20001F4B802292021A6580246402E6E710235D
:104A30001C43FFF795FFE3E780235B011C43164B04
:104A400000221A60FFF76CFF01220021002000F015
:104A500099FD134B802212031A65D3E78023DB01F3
:104A60001C4301220421002000F078FD0C4B102291
:104A70001A65C9E780231B021C430122052100207F
:104A800000F06CFD064B802212011A65BEE7210082
:104A900069400448FDF740F9000011500000105033
:104AA000003011505082001070B50C001500FFF757
:104AB0009BFE2A00210000F0FFF970BD10B5002810
:104AC00004D101210520FBF761FD10BDB921034B85
:104AD000034A49000348FDF785F8C04644820010A8
:104AE00048810010B881001010B5002805D10022BF
:104AF00000218020FFF7D8FF10BDBF21024B034AE1
:104B000049000348FDF76EF84482001058810010F8
:104B1000B8810010024B80225202DA647047C0460E
:104B20000020115070B5051E25D100F033F9154C49
:104B30000C23A36714490520FBF752FD40220021F6
:104B40001248FFF7F3FA002240210020FFF7A4FEED
:104B5000002240218020FFF79FFEFFF7E1FE0123A6
:104B6000236480239B05E3649023094AE2502800D4
:104B7000FFF7D0FF70BD4E21064B074AFF310748B3
:104B8000FDF730F800001150ED490010840B0020B3
:104B900010D00100448200103C810010B881001048
:104BA0000B785B0602D14B78052B00D070478A78D2
:104BB000014B1A60FAE7C0460000115010B50C0016
:104BC00000280DD109796279072313401B0219438C
:104BD000E2789207920FA078FFF75EFE012010BDE9
:104BE000D621034B034A49000348FCF7FBFFC046AC
:104BF0004482001068810010B881001010B5FFF7E2
:104C00008FFE10BD10B50C001100002805D11A0050
:104C10002000FFF749FF012010BDBC21024B034AD1
:104C2000FF310348FCF7DEFF44820010788100105A
:104C3000B881001010B54B0605D1CB09012B0BD064
:104C40000222064B9A660800FFF7CEFD8022120171
:104C5000002100F0CBF810BD0122F2E70020115036
:104C600010B54B0600D110BD0800FFF7BDFD0023B5
:104C7000C3700022014900F0B9F8F4E7FFF7FFFF25
:104C8000F8B504000F00438A828B1E1C934200D9A2
:104C9000161CB6B29B1B63828025ED003543E3787A
:104CA000002B13D080229201154301225340E37060
:104CB0006378002B0CD0638A002B02D18023DB01A8
:104CC0001D43002F00D02D042800F8BD0022EBE783
:104CD000B801E3689C4660443200A169FFF72CFAF2
:104CE000A3699C466644A66180231B021D43E2E73C
:104CF00070B5040083681B68002900D01B0C9D055B
:104D0000AD0D6278002A11D11B0409D4A38A5B1966
:104D1000A382A38BAB4201D900236382280070BD1C
:104D20000E4B0F4AD7210F48FCF75CFF1B040ED532
:104D30008901E3689C4661442A00A069FFF7FCF9F9
:104D4000A38A5B19A382A3695B19A361E1E7064B00
:104D5000034ADE210348FCF745FFC04600830010EC
:104D600064820010208300107883001010B50400C6
:104D700083681B680021FFF7BBFF63681B685B004B
:104D800002D5A38B834200D010BD01212000FFF784
:104D9000AFFFF9E710B580235B040C4A13600C4A9F
:104DA00013600C4B9A6880235B049343F9D10A4C3F
:104DB0009C2200212000FFF7B9F980225201002136
:104DC0000648FFF7B3F90923636710BD00E0004010
:104DD00000F0004000C000400000115000001050E2
:104DE00000230374438283828361704710B50029D6
:104DF00002D083681B681940002A0FD01143530565
:104E00000CD5826813685B050BD40B4B0B40136009
:104E1000FFE7FFE7FFE7FFE7FFE7FFE783681960CA
:104E200010BD83787F211940DB099B00034A9A5803
:104E30000348FCF771FFC046FFFBFFFFD4040020CE
:104E40007482001070B5040043681E680021FFF7EB
:104E500017FF80256D010543144B1B6C9B0704D481
:104E6000A378DB0914D1013300E00023628A002A11
:104E700001D0002B0ED00E4B1E4080239B053343E8
:104E8000626813602A0000212000FFF7AFFF70BDA9
:104E90000023EBE701212000FFF7F2FE0543054B5D
:104EA0001E40A023DB053343EAE7C0460000115053
:104EB000FFFFFFAFFFFFFFDF70B504000D0016001E
:104EC000037C002B09D166820023A3820133237463
:104ED000A5612000FFF7B6FF70BD83787F211940E0
:104EE000DB099B00044A9A580448FFF767FA200040
:104EF000FFF776FFE7E7C046D4040020C082001029
:104F000070B50400057C002D06D0FFF72FFF638AE3
:104F1000002B08D1280070BD81787F231940044AF6
:104F20000448FCF7F9FE2000FFF78CFF0025F1E7AD
:104F3000D40400209482001070B5050000240EE017
:104F400062001219D100184B1B685B1802E02300A5
:104F500010E000235B68280098470134E4B2134B4B
:104F60001B78A3420ED3124A002AF0D0A342E7D8FE
:104F7000E31ADBB2002BECD15A00D318DA000D4B48
:104F80009B18E7E70C4C532200212000FFF7CEF8D6
:104F9000E01C1022FF21FFF7C9F820001330202267
:104FA000FF21FFF7C3F870BD44060020DA0F002090
:104FB00091440010B88400107C09002010B5FFF760
:104FC000BBFF01F02FF810BD70B505000C001600F6
:104FD000C86801F031F8E3683200002128009847E2
:104FE00070BD0000F0B5DE4657464646C0B582B0FB
:104FF00001900139C8B2FFF7BDFB002803D0437808
:105000009846022B0BD0554A55495648FFF7D6F91A
:10501000002002B01CBC90469A46A346F0BDC5795C
:105020006B110122504C1340190123781026B34311
:10503000AD112A4052010B4320218B4313432370AF
:10504000050009358278C3781B02134382469A44CF
:1050500062E0EB789B462B78ED1864E0434A4049C8
:105060004048FFF7ABF90020D3E763001B19DB00D2
:105070003F4A1668F61802E0230018E00026009A5E
:1050800029000198B768B8470700082802D9009B93
:10509000834214D20134E4B2364B1B78A34237D397
:1050A000354A002AE8D0A342DFD8E31ADBB2002B4E
:1050B000E4D15A00D318DB00304EF618DFE75B4628
:1050C000012B10D0002293451AD9AB789B18DBB284
:1050D0002549C918C978FF290BD12349CB18DC70A1
:1050E0000132D2B2EFE7B268254B9A42EAD1C34609
:1050F000E8E7244A1A491B48FFF760F9002088E7CF
:10510000194823003A002900133001F0BDFBED19C6
:10511000184B1B78A3420FD3554515D26B780B2B38
:1051200097D001239B466B78042B97D153465E1B87
:10513000B3B200930024AFE7F32292000849094874
:10514000FFF73CF9002064E70F4B002B03D000E091
:1051500000BF01205DE701205BE7C0467B03000044
:1051600058840010D08400107C09002096030000B1
:1051700044060020DA0F002091440010B88400108B
:1051800045640010BD0300000000000070B504007D
:105190000D008B78C87800021843020AC0B20F2AAB
:1051A00055D893003049CB589F46FFF7DFFA0200ED
:1051B00012232900200000F0E3FE70BD2B4B002BD2
:1051C00047D000E000BF02008178C3781B020B4388
:1051D0002900200000F0D4FEEFE7022A10D0244B73
:1051E000002B38D000E000BF00280CD08278C378B4
:1051F0001B02134302002900200000F0C1FEDCE77F
:10520000FFF7B8FAF0E71B4A1B491C48FFF7D6F82E
:105210000020D2E72B79697909021943FFF7AEFA2A
:1052200000281AD0037802002900200000F0A8FE10
:10523000C3E7134B002B12D000E000BF002810D0B2
:10524000037802002900200000F09AFEB5E7002054
:10525000B3E70020B1E70020AFE70020ADE7002072
:10526000ABE70020A9E7C0469883001000000000CB
:1052700000000000140400006C840010D0840010B2
:1052800000000000024B5878431E9841C0B270479E
:105290007C090020024B18784007C00F7047C046B9
:1052A0007C090020014B18787047C046DB0F0020B6
:1052B00070B50500274B1878002800D070BD532228
:1052C00000212548FEF732FF244C2000FCF754FC57
:1052D000234B1C60234C20001C30FCF773FC200087
:1052E00001F0D5FD204B1C60204B002B04D0204842
:1052F000FFF7CEF81F4B186000240DE06200121972
:10530000D1001C4B1B685B1802E023000FE0002358
:105310001B6898470134E4B2154B1B78A3420ED3A7
:10532000124A002AF1D0A342E8D8E31ADBB2002BDC
:10533000EDD15A00D318DA000F4B9B18E8E728008C
:10534000FFF7F0FB2800FFF7B9FB024B01221A70B0
:105350000120B3E7DB0F00207C0900203409002086
:10536000D0090020DC040020D40900209144001062
:10537000DA0F002044060020B884001030B585B054
:1053800004004378032B00D18BE02DD9042B5FD090
:10539000052B00D0B8E06D4B1B78DB0750D56B4A6E
:1053A000137804218B431370694B1D68EA69EFF38E
:1053B000108172B61368002BFCD0BFF35F8F296297
:1053C0002100280001F028FDEA692B6ABFF35F8FF6
:1053D0000021116083F31088002831D1A8225D4993
:1053E0005D48FEF7EBFF2BE0022B00D08CE0574B23
:1053F0001A7801218A431A701A7801318A431A7087
:1054000000225A701A7802318A431A70504B1D6874
:10541000EA69EFF3108172B61368002BFCD0BFF37A
:105420005F8F29622100280001F0F6FCEA692B6AEF
:10543000BFF35F8F0021116083F31088002801D033
:1054400005B030BDA82243494348FEF7B7FFF7E750
:105450003E4B1B78DB07F3D53C4A137804210B4302
:1054600013703B4B1D68EA69EFF3108172B6136845
:10547000002BFCD0BFF35F8F29622100280001F0D0
:10548000CBFCEA692B6ABFF35F8F0021116083F3C5
:1054900010880028D4D1A8222E492F48FEF78EFF6D
:1054A000CEE72A4B1B785B07CAD5284A137804211C
:1054B0008B43137001AD0C2200212800FEF736FE4D
:1054C00023782B7005236B70214B1C68E269EFF386
:1054D000108172B61368002BFCD0BFF35F8F21627E
:1054E00001A9200001F098FCE269236ABFF35F8FF5
:1054F0000021116083F310880028A1D1A82215494A
:105500001548FEF75BFF9BE7114B1D68EA69EFF357
:10551000108172B61368002BFCD0BFF35F8F296235
:105520002100280001F078FCEA692B6ABFF35F8F45
:105530000021116083F31088002800D080E7A822A2
:1055400004490548FEF73AFF7AE7C0467C09002087
:10555000D409002024840010D0840010F0B585B058
:1055600007000E00150001AC0A2200216B46981DB1
:10557000FEF7DCFD2770667029002000FFF7FEFEB5
:1055800005B0F0BDF0B585B007000E00150001AC08
:105590000A2200216B46981DFEF7C8FD27700123E3
:1055A0006370267129002000FFF7E8FE05B0F0BD0A
:1055B000F0B585B007000E00150001AC0A220021ED
:1055C0006B46981DFEF7B2FD277006236370082214
:1055D000310002A8FEF7B0FD29002000FFF7CEFE43
:1055E00005B0F0BDF0B5CE46474680B585B08146E2
:1055F000884617001E000CAB1D7801AC0622002166
:105600006B46981DFEF792FD4B462370072363708F
:1056100043462371A760667129002000FFF7AEFEA4
:1056200005B00CBC90469946F0BD000070B5060070
:105630000D008B7870221A420DD10D4B99782800FD
:1056400001F0CEF8041E0DD029003000FFF7B6FAA5
:105650000400200070BD074A07490848FEF7AEFE67
:105660000024F6E7064A04490448FEF7A7FEF0E7DF
:105670007C090020C204000098840010D08400102F
:10568000C3040000F0B5CE46474680B583B0019014
:105690000C0090461D000A9B9946002716E0184A08
:1056A00018491948FEF78AFE0026300003B00CBCEA
:1056B00090469946F0BD154A12491348FEF77EFE02
:1056C000F3E74A4613702378E4180137B84514DD30
:1056D0006378052BE3D1E3789B079B0FAB42DED1C8
:1056E00021000198FFF7A2FF061EE4D0A378DA0993
:1056F000012AE6D10B9A1370E5E70126D5E7C046EB
:105700009C04000084840010D08400109D040000DC
:1057100070B57F260E40CD0972001D4B9B185B199A
:105720003033DC78E407E40F2ED1194B9B185B195A
:105730003033DB785B0728D4164B186801214942C7
:1057400001F0A2FC7200124B9B185B193033DB781E
:10575000DB0708D40E4B9B185B193033DB785B07F3
:1057600002D4012400E00024002C08D0760008496F
:105770008E1975193035EB7804221343EB70054B05
:10578000186801F061FC00E00024200070BDC046F4
:105790007C090020D009002070B57F250D40CC0980
:1057A000154B18680121494201F06EFC6A00134B49
:1057B0009B181B193033DB78DB0708D40F4B9B1881
:1057C0001B193033DB785B0713D4002600E000267A
:1057D000002E08D06D0009494D192C193034E3789A
:1057E00004229343E370044B186801F02DFC300051
:1057F00070BD0126ECE7C046D00900207C090020DE
:10580000F0B5C64600B582B001937F250D40CE09A4
:105810006F00174CE419A4193034E478E4071DD460
:105820006F00134CE419A4193034E3780127BC4607
:1058300067463B43E370019BFFF7E4F9002813D16F
:105840006D000B4B5D19AE193036F378012293438E
:10585000F370F37803329343F37005E0054A064989
:105860000648FEF7ABFD002002B004BC9046F0BD38
:105870007C0900200A050000A8840010D0840010D4
:1058800070B57F240C40CD0962000C4B9B185B194E
:105890003033DB789B0700D570BDFFF7CBF9630091
:1058A000064CE41864193034E37802221343E370A1
:1058B000E37801221343E370EEE7C0467C09002041
:1058C00070B57F240C40CD0962000C4B9B185B190E
:1058D0003033DB789B0700D470BDFFF7C1F963005C
:1058E000064CE41864193034E37802229343E370E1
:1058F000E378013A9343E370EEE7C0467C09002069
:105900007F230B40CA095B000349C918891830314D
:10591000C8788007C00F70477C090020F0B5C646E4
:1059200000B582B004000D00002000F085FB2B784C
:1059300060221A40602A14D0402A19D02B78DB0646
:10594000DB0ED9B2012900D1DAE05BB2002B1DD009
:10595000022900D11EE10026300002B004BC9046AE
:10596000F0BDCC4ACC49CD48FEF728FD0026F3E730
:10597000CB4B002B00D180E1180000F05DFB2A002A
:105980000021200000E000BF0600E5E7202A0AD041
:10599000002A00D079E16B78092B00D977E19B00D0
:1059A000C04AD3589F462B790F2B00D967E1BE4AD6
:1059B000D318DB78BD4A002A05D0BD4A127893423D
:1059C00012D39B1ADBB2002B00D05AE15A00D31835
:1059D000DA00B8498918002900D154E12A002000D2
:1059E000FFF7F2FA0600B7E75A00D318DA00B24B15
:1059F00019688918EFE7280000F024FBA978200037
:105A0000FFF772F8A84A137802210B43137001269E
:105A1000A2E7A54B5B786A46063213700123290082
:105A2000200000F0ADFA012696E7AF789E4B5B7838
:105A3000DBB2BB4205D09C4B5B78002B09D1002F19
:105A400013D1994B5F702900200000F07DFA0126E8
:105A500082E72000FFF7D2F8934EB37898462000F3
:105A6000FFF76AFA4346B370E9E739002000FFF711
:105A7000B9FA061EE5D1914A87498848FEF79EFC8F
:105A80006AE729002000FFF781FB060064E7AA7897
:105A9000EB781B021343012B01D000265CE7824AFE
:105AA000137808210B4313702900200000F04CFAF2
:105AB000012651E7AA78EB781B021343012B01D092
:105AC000002649E7784A137808218B431370290090
:105AD000200000F039FA01263EE7734B1A7851098D
:105AE000920801230B4002210A4013436A46063202
:105AF000138002232900200000F042FA01262BE740
:105B00002B790F2B00D9DDE0674AD318DB78674A81
:105B1000002A05D0664A1278934229D39B1ADBB239
:105B2000002B00D0D0E05A00D318DA006149891860
:105B3000002900D1CAE02A002000FFF745FA061E1E
:105B400000D009E72B7860221A4200D004E76B7876
:105B50000A3B012B00D9FFE6002000F06DFA6B78BC
:105B60000A2B0CD02900200000F0EEF90126F3E604
:105B70005A00D318DA00504B19688918D8E76B46D9
:105B80009A1D0023137001332900200000F0F8F95A
:105B90000136E1E629797F230B40CE0970200842C7
:105BA00020D15B004048C3189B19DB7C3F4800288C
:105BB00005D03F48007883421BD31B1ADBB2002B71
:105BC0001ED15800C318D8003A4E3618002A19D0F2
:105BD000002E00D17CE02A0031002000FFF7F4F90C
:105BE0000600B9E6364A2C492C48FEF7E7FB0026AA
:105BF000B2E65800C318D8002F4B1E683618E5E7E8
:105C00000026E3E76B78012B12D0002B03D0032B87
:105C10000ED00026A0E62000FFF772FE6B469A1D0C
:105C2000108002232900200000F0AAF9012693E643
:105C3000A878EA781202024304D1012B19D020007F
:105C4000FFF71EFE002E45D02A0031002000FFF78E
:105C5000BBF9002000F0F0F9134A3423D05CC007F0
:105C6000C60F00D078E62900200000F06DF901365B
:105C700072E62000FFF724FEE4E700266CE600262B
:105C80006AE6002668E6002666E6002664E6002648
:105C900062E6C0467F02000040840010D0840010FD
:105CA00000000000D88300107C09002091440010FF
:105CB000DA0F0020B884001044060020D302000050
:105CC00033030000002647E6002645E6002643E6AB
:105CD000002641E601263FE630B585B000F078FDAC
:105CE000002808D105B030BD01AC2078FFF766F977
:105CF0002279724B9A70724B1C68E269EFF3108341
:105D000072B611680029FCD0BFF35F8F236201A92E
:105D1000200001F05BF8E269236ABFF35F8F002186
:105D2000116083F310880028DCD001AB5B78082B6E
:105D3000E1D89B00634AD3589F4601AB1878FFF720
:105D40003DF9614B002BD6D000E000BFD3E75B4BA1
:105D50001A78012401210A431A703322995CA14365
:105D60009954995C0420814399540132995CA14370
:105D70009954995C8143995401AB187802A9FFF7B3
:105D8000CDFD0028B7D101AC20780021FEF752FFED
:105D900020788021FEF74EFFADE701AB19797F2215
:105DA0000A40CC095000454B1B181B193033D878DA
:105DB0000125A843D870D8780335A843D870002AA5
:105DC0001DD052003D4B9A181219D37C3F4A002A2D
:105DD00005D03F4A1278934218D39B1ADBB2002BAE
:105DE0001BD15A00D318DA003A4B9B18002B14D061
:105DF0001C6901A84279039B0078A0477BE701A8B2
:105E00004279039B007800F02BF974E75A00D3180D
:105E1000DA00314B1B689B18E8E7304A30493148BB
:105E2000FEF7CCFA5EE7254B1B78DB0700D462E770
:105E30002D4B002B00D15EE7204B18780007C00FD8
:105E400000E000BF57E71D4B1B78DB0700D452E78B
:105E5000264B002B00D14EE700E000BF4BE762006D
:105E60001219D1001C4B1B685B1802E0230014E0E0
:105E700000235B69002B02D001AA107898470134F7
:105E8000E4B2134B1B78A34200D234E70F4A002A36
:105E9000ECD0A342E3D8E31ADBB2002BE8D15A00DE
:105EA000D318DA000B4B9B18E3E70024E9E7029BC9
:105EB000002B00D11FE7039898471CE77C090020BE
:105EC000D40900200084001000000000914400105C
:105ED000DA0F0020B88400104406002037020000CA
:105EE00034840010D0840010000000000000000086
:105EF000F8B50400124B9F89DE89B91B89B20B1CCF
:105F0000402900D940239DB20D4B1B785BB2002B7A
:105F100008DB0021B74211D00A4A2B002000FFF70E
:105F20006FFCF8BDB74201D18021F3E7044B9968BB
:105F30002A000448FEF700F98021EBE70022ECE795
:105F4000200900203C09002070B506000D000B4C14
:105F500008222000FEF7F0F80023A360E381A3816C
:105F60000023EB56002B06DB8021002300223000AB
:105F7000FFF746FC70BD0021F7E7C046200900206E
:105F8000F0B583B001900E0017001C00224D0822CE
:105F90002800FEF7D1F8AF600023EB81B279F379E6
:105FA0001B0213431A1CA34200D9221C91B21A4BA4
:105FB0009A81B279F3791B02134315D0002901D0DD
:105FC000002F0AD00198FFF793FF041E18D1792201
:105FD00012491348FEF7F2F912E073220F491048F4
:105FE000FEF7ECF900240BE00023F356002B0ADB4C
:105FF0008021002300220198FFF702FC041E04D038
:10600000200003B0F0BD0021F3E77E2203490448DD
:10601000FEF7D4F9F4E7C04620090020E884001018
:10602000D084001010B5142200210248FEF77EF83B
:1060300010BDC04620090020014B18617047C046C2
:106040002009002010B50100044C08222000FEF7B2
:1060500073F80023A360E381A38110BD2009002011
:1060600070B504001D00C909374B1B78DB098B4252
:1060700019D0002D10D1354B002B02D03249FEF73C
:106080008FFD314B1B69002B03D02F4A02212000CA
:1060900098470124200070BDAB222D492D48FEF702
:1060A0008DF90024F6E7284B1B785BB2002B07DB49
:1060B000254B9868002844D02A002749FEF73CF871
:1060C000214AD3895B199BB2D381916849199160A8
:1060D000D288934201D03F2D28D81B4B1B69002B3F
:1060E00005D0194A012120009847002814D0164BEA
:1060F0001B785BB2002B0DDB8021002300222000E7
:10610000FFF77EFB041EC5D1D82211491148FEF7C6
:1061100055F9BFE70021F0E700212000FEF78AFDD6
:1061200080212000FEF786FD0124B3E72000FFF761
:10613000DFFE041EAED1E32205490648FEF73EF914
:10614000A8E70024A6E7C04620090020A14B0010C4
:10615000FC840010D08400103C09002070B50400BD
:1061600005001035280000F021FE3F2800D870BD42
:10617000E1780020FFF7CCFA0028F8D0280000F0E2
:1061800015FE3F2808D996239B00E218E1784023AA
:106190000020FFF735FBEAE7E1780020FFF7FCFA83
:1061A000E5E7000010B50400FFF76CF800280CD1FB
:1061B0000023002B11D0B620800044430948001969
:1061C0000379DB070BD5012008E0FFF763F800280F
:1061D00001D10123EDE70023EBE7002010BD0020F3
:1061E000FCE7C0464806002010B5B6239B00584384
:1061F0001030024BC01800F0C0FD10BD4806002052
:1062000070B5B6239B005843064BC41892B21030A9
:10621000C01800F0FCFD05002000FFF79FFF2800DC
:1062200070BDC0464806002070B50500FFF72AF88B
:10623000002804D10023002B09D1002070BDFFF7F6
:1062400029F8002801D10123F5E70023F3E7B6245C
:10625000A4006C432834244BE4180434200000F0DC
:106260008CFD002801D10020E8E7B62292006A43A5
:106270001D4B9B1899780020FFF74AFA002801D19E
:106280000020DBE7B626B6006E43A6239B009C46A3
:106290006644154BF61840223100200000F0B7FD8F
:1062A000041E15D0B6239B006B430F4DED18A97843
:1062B000030032000020FFF7A3FA002801D02000DD
:1062C000BCE7C82209490A48FEF778F80020B5E77C
:1062D000B6239B006B43044DED18A9780020FFF70F
:1062E0005BFA0020AAE7C04648060020148500108B
:1062F000D084001070B50500B624A40044432834AF
:10630000094BE418043492B2200000F0BBFD0600F3
:10631000200000F032FD3F2801D8300070BD280079
:10632000FFF782FFF9E7C0464806002010B5B62304
:106330009B0058432830034BC018043000F036FD52
:1063400010BDC04648060020F0B5CE46474680B591
:1063500083B0B622920000212748FDF7E7FE002611
:10636000002E04D003B00CBC90469946F0BD224BE1
:106370009846B624A40074431D19FF236B710023B3
:1063800099461E4AEA8001222A81AB72EB720823E9
:106390002B7321004831414480277F0020001030BA
:1063A00040444B46009301333A0000F0ADFC21001D
:1063B0004931FF314144200028304044043001235A
:1063C00000933A0000F0A0FC92239B00E71847449A
:1063D0003800FBF7D1FB4B466B62AF6294239B0006
:1063E0009C46644444442000FBF7C6FB2C644B46A7
:1063F0006B640136F6B2B3E74806002000C2FFFF27
:1064000070B50025002D00D070BDB624A4006C43EB
:106410000B4EA01905220021FDF788FE2000103048
:10642000801900F034FD2834A4190434200000F051
:106430002EFD0121200000F050FD0135EDB2E1E715
:1064400048060020F0B583B005004B79022B68D1D7
:106450008B79022B69D10023002B11D00027002F4C
:106460001CD08B783B700E788E1909247378242BFE
:106470001CD194421AD833781C19A4B2F618F5E747
:10648000B624A4005C432A4800198078002802D072
:106490000133DBB2E0E7264FE719E0E78F22520035
:1064A00024492548FDF78AFF00243BE0052B09D04D
:1064B0007378042B02D173790A2B18D03800FFF7B8
:1064C0004DFE2FE031002800FFF7B0F8002806D07D
:1064D000B3787B7033781C19A4B2F618E8E79922D8
:1064E000520014491448FDF769FF00241AE031787E
:1064F0000C19A4B27118BB1C0193FB1C009302235E
:1065000002222800FFF7BEF8002802D00E34A4B201
:10651000D4E7A122520007490748FDF74FFF0024A6
:1065200000E00024200003B0F0BD0024FAE7C046DC
:10653000480600202C850010D0840010F8B5150006
:10654000127860231340202B00D07FE0444A0024BF
:10655000002C00D07CE016782F796B791B023B432E
:106560009E4206D00134E4B2B6239B009C466244AE
:10657000EEE76B78212B26D009D9222B2ED0232BA6
:106580000FD1002951D0022954D001205FE0202BE7
:1065900005D1002907D002290CD0012057E00020A6
:1065A00055E0002053E0063207232900FFF7E8FCFE
:1065B00001204CE02B4B002B4CD0911D2000FDF70F
:1065C0006DFF012043E0002901D001203FE00632A9
:1065D00007232900FFF7D4FC012038E0002903D06D
:1065E000022906D0012032E02900FFF7ADFC01208E
:1065F0002DE0A978EB781B020B4301201900014024
:106600000D005E08064013714B425941C9B22C324D
:10661000100000F062FC144B002B1DD0320029004A
:10662000200000E000BF012011E02900FFF78CFCF2
:1066300001200CE00D4B002B10D0AB78E97809025B
:106640001943200000E000BF012000E00020F8BD59
:106650000020FCE70120FAE70120F8E70120F6E737
:10666000480600209D4400100000000000000000CB
:10667000F0B585B002900F0001930024002C0BD0E0
:10668000002C17D1F378BB421CD0B378BB4254D056
:106690000124200005B0F0BDB6239B0063433D4EAE
:1066A0009E19F378BB42EBD0B378BB42E8D00134FB
:1066B000E4B2E3E7B022FF3237493848FDF77EFE07
:1066C0000024E6E710239C46B444604603909623DA
:1066D0009B00F1186B469A8800F0D4FB304B002BDE
:1066E0001BD07379FF2B18D0002500E00135019BEA
:1066F0009D4212D272797319962189008C466344A7
:106700001B789A42F2D1039800F049FB0028EDD1A2
:106710007179200000E000BFE8E7224B002B04D095
:10672000039800F03CFB002803D03000FFF716FD73
:10673000ABE7200000E000BFF7E71B4B002B02D0C7
:10674000200000E000BF2000FFF76EFD002801D010
:1067500001249EE730002C3000F00FFB002815D1FB
:10676000019B002B14D09B0601D0012491E7B17846
:106770000298FEF7CDFF041E01D1012489E7B1780C
:10678000002300220298FFF73BF882E7012480E70C
:1067900001247EE74806002038850010D0840010D0
:1067A00000000000000000000000000010B5002004
:1067B000FEF77EFD041E01D0200010BD29220249F3
:1067C0000248FDF7FBFDF7E748850010D084001074
:1067D00010B5FEF767FD002800D0012010BD0000B5
:1067E00010B502794479072323401B021A43C3786A
:1067F0009B079B0F022B13D02CD8012B3BD10229D6
:1068000004D01E4B934204D3012035E08023DB00EB
:10681000F8E750221A491B48FDF7D0FD00202BE075
:10682000022903D0402A0ED8012025E080239B00B6
:106830009A4201D101201FE0582211491148FDF769
:10684000BDFD002018E05C220D490E48FDF7B6FDA5
:10685000002011E0022904D04023934204D30120F8
:106860000AE08023DB00F8E7632205490548FDF7CD
:10687000A5FD002000E0002010BDC046FF03000081
:1068800054850010D084001070B5002403E00D780A
:106890002C19A4B2491994420AD24D78052DF6D18B
:1068A0008E787A3535406D004519F609AB55EEE71F
:1068B00070BD8A1892B28A4202D383899A4202D961
:1068C0004089121892B21000704710B504008A4235
:1068D00004D8881A80B2A389984204D9891A89B247
:1068E0006089081A80B210BD83888B4202D8C91A09
:1068F00089B2FAE708007047F8B505000C001100EE
:106900001E00D31A9BB2B24202D242899B1A9BB29A
:10691000AF889F4205D23A002800FFF7D6FF2882B1
:106920003B00002B01D10020F8BD31002800FFF70B
:10693000DBFF2968EA88504309182000FDF7FCFBBB
:106940000120F1E730B583B0040093085D1EADB2BD
:10695000002B0DD00B784878000218438B781B046D
:106960001843CB781B060343236004312B00EDE76B
:1069700003331A4001D103B030BD0023019301A8B5
:10698000FDF7DAFB019B2360F5E7F0B5CE464746FD
:1069900080B585B0060001910CA90878B488E71A83
:1069A000BFB21C1B1419A4B2F1883D004D43ADB217
:1069B000A8464C43A4B24B433568A94699440028E5
:1069C00006D0012819D005B00CBC90469946F0BD00
:1069D000974205D34A4349460198FDF7ADFBF2E7DC
:1069E00042464946019D2800FDF7A6FB3168280074
:1069F00040442200FDF7A0FBE5E7974206D34A4357
:106A000092B249460198FFF79DFFDCE70323474612
:106A10009F433A0049460198FFF794FF3B004B44DF
:106A200003204246104028D00422121A92B2111CB0
:106A3000A24200D9211C8FB2FAB2FF213940641A58
:106A4000A4B20021039103AF411EC9B2002805D0B2
:106A500018783870013708000133F5E73168531EA4
:106A6000DBB2002A05D00A783A7001371A000131EA
:106A7000F5E7019B039A1A6000E03168002CA2D070
:106A800022000198FFF75EFF9DE7F0B585B0050095
:106A9000029103920AAA11880BAA17785C1AA4B271
:106AA0008B4202D24289A41AA4B2AE88A64208D26E
:106AB000320019002800FFF708FF2882298A89B2CE
:106AC0003400002C0DD0039B9C4200D31C002800F6
:106AD000FFF70AFF03000097220002992800FFF742
:106AE00054FF200005B0F0BDF0B583B004000D00E8
:106AF00016001F008069002803D00121494200F0E0
:106B0000C3FAE3899BB2228A0197009232002900DE
:106B10002000FFF7BAFF0500218A89B20200200099
:106B2000FFF7C7FE2082A069002801D000F08CFA90
:106B3000280003B0F0BD30B583B095086C1EA4B238
:106B4000002D0AD00B6803701D0A45701D0C85705E
:106B50001B0EC37004302500F0E703231A4001D157
:106B600003B030BD0B68019301A9FDF7E5FAF7E723
:106B7000F0B5CE46474680B585B0060001910CA918
:106B800009788488E71ABFB21C1B1419A4B2C08804
:106B90003D004543ADB2A8464443A4B243433568E3
:106BA000A9469944002906D0012919D005B00CBC8A
:106BB00090469946F0BD974205D342430199484615
:106BC000FDF7BAFAF2E74246019D29004846FDF773
:106BD000B3FA3068290041442200FDF7ADFAE5E739
:106BE000974206D3424392B201994846FFF7A3FF6A
:106BF000DCE7032347469F433A0001994846FFF7E5
:106C00009AFF3B004B4403214246114025D0042209
:106C1000521A92B2101CA24200D9201C87B2FAB2BA
:106C2000FF203840241AA4B201980068039003AFF3
:106C3000481EC0B2002905D039781970013701000B
:106C40000133F5E73068531EDBB2002A06D03A78EC
:106C5000027001371A000130F5E73068002CA5D02A
:106C600022000199FFF767FFA0E7F0B585B00400A7
:106C70000291161E039345D04069002803D00121DC
:106C8000494200F001FAE789BFB2238A9BB2227A17
:106C9000002A28D1A288F91A89B29F4202D26389B8
:106CA000C91A89B2531A9BB2351C9E4200D91D1CC9
:106CB000ADB239002000FFF717FE0300039A0092DF
:106CC0002A0002992000FFF753FF2A003900200014
:106CD000FFF7EFFDE0816069002801D000F0B4F912
:106CE000280005B0F0BDA588B54209D8761BE2881A
:106CF000724302998C469444624602921F00D8E780
:106D00003500D6E71500EBE7F0B583B005000F00BE
:106D10001400019308AB1E7880231B029A4228D8E6
:106D20004069002803D00121494200F0ADF9A8696B
:106D3000002803D00121494200F0A6F92F60AC8061
:106D4000019BEB802E726400013CA4B2AC81E44351
:106D50006C810023EB812B826869002801D000F050
:106D600073F9A869002806D000F06EF9012003B07D
:106D7000F0BD0020FBE70120F9E7C18989B2028A52
:106D800092B28B1A9BB2914202D242899B1A9BB259
:106D90008288101C9A4200D9181C80B27047C3899F
:106DA000008A181A43425841C0B2704710B5C489CE
:106DB000A4B2018A89B28388621A92B28C4202D24A
:106DC0004089121A92B2981A80B210BD70B50400B0
:106DD0000D008069002803D00121494200F054F9D8
:106DE000E28992B2238A9BB229002000FFF784FD3A
:106DF0000500218A89B282B22000FFF75AFD208265
:106E0000A069002801D000F01FF9280070BD10B55E
:106E10000023FFF769FE10BD70B504000E00406945
:106E2000002803D00121494200F02EF9E589ADB2D6
:106E3000228A92B2AB1A9BB2AA4202D962899B1AE9
:106E40009BB2A2889A4202D1207A002817D029004A
:106E50002000FFF749FDE288504323689C466044C8
:106E60003100FDF769F9012229002000FFF721FD1B
:106E7000E0816069002803D000F0E6F8012070BDD1
:106E80000120FCE710B50023FFF7EFFE10BD10B5A1
:106E900004004069002803D00121494200F0F4F8C1
:106EA000A069002803D00121494200F0EDF8002339
:106EB000E3812382A3885B00013B9BB2A381DB4378
:106EC00063816069002801D000F0BEF8A069002845
:106ED00001D000F0B9F8012010BD70B504000D001C
:106EE0004069002803D00121494200F0CDF8A06993
:106EF000002803D00121494200F0C6F825726069DC
:106F0000002801D000F0A0F8A069002801D000F00E
:106F10009BF8012070BD000010B5024800F034F865
:106F200010BDC0469C0F002010B5002901D00023E1
:106F30000AE0114B114A1F311148FAF753FE0024A1
:106F40000DE03732C25401334A1E9A420FD90F2B3B
:106F50000DD85A080B4CA25CDC07F0D40424224163
:106F600014000F222240092AEBDC3032EAE7C01875
:106F70000023037010BDC04688850010688500108E
:106F8000908500109C0F002030B589B0040004AD3E
:106F90000D2200212800FDF7C9F80D2200216846C6
:106FA000FDF7C4F84B232B700D226946280000F032
:106FB00043F8002304E05A1D69468A5CE254013319
:106FC000072BF8DD09B030BD10B5830727D0037853
:106FD000002B26D00300032102E01A78002A1CD0DF
:106FE00001330B42F9D119680F4A104C8A188A43B1
:106FF00022420FD1043319680B4A8A188A4322426D
:1070000008D104331968084A8A188A432242F1D009
:1070100000E001331A78002AFBD1181A10BD0300D2
:10702000E1E70020FAE7C046FFFEFEFE8080808098
:10703000F8B5C0460000000001B40248844601BC17
:10704000604700BFED02002001B40248844601BC45
:10705000604700BF3902002001B40248844601BCE9
:10706000604700BFC103002001B40248844601BC50
:10707000604700BFC103002001B40248844601BC40
:10708000604700BF0901002001B40248844601BCEA
:10709000604700BFCD01002001B40248844601BC16
:0870A000604700BFC1000020A1
:1070A8004E6F207370696E6C6F636B7320617265CD
:1070B80020617661696C61626C6500006972715F5C
:1070C8007365745F6578636C75736976655F68610D
:1070D8006E646C65720000006D616B655F62726161
:1070E8006E636800696E736572745F6272616E6365
:1070F800685F616E645F6C696E6B00007265736FC8
:107108006C76655F6272616E636800006972715FB8
:107118006164645F7368617265645F68616E646C02
:10712800657200006972715F72656D6F76655F6880
:10713800616E646C657200006972715F6164645F9E
:107148007461696C5F746F5F667265655F6C6973A3
:1071580074000000212864656C7461203E3E203173
:10716800317529006972715F68616E6465725F6369
:107178006861696E5F667265655F736C6F745F687E
:10718800656164203E3D2030000000007674616235
:107198006C655F68616E646C6572203D3D205F5F61
:1071A800756E68616E646C65645F757365725F693E
:1071B80072710000212828282875696E747074720D
:1071C8005F7429767461626C655F68616E646C6572
:1071D8007229202D20282875696E747074725F7466
:1071E800296972715F68616E646C65725F6368615A
:1071F800696E5F736C6F747329202D203129257394
:10720800697A656F66287374727563742069727120
:107218005F68616E646C65725F636861696E5F73F5
:107228006C6F74292900000030783163203D3D20BF
:10723800282A696E7374293E3E31317500000000BA
:1072480069735F7368617265645F6972715F7261A7
:10725800775F68616E646C657228736C6F745F68C1
:10726800616E646C65722900657863657074696F16
:107278006E000000666F756E64000000216578631B
:10728800657074696F6E207C7C20657863657074A6
:10729800696F6E203D3D206E756D202B20313600C4
:1072A80066616C736500000063757272656E7420A8
:1072B8003D3D205F5F756E68616E646C65645F75E7
:1072C8007365725F697271207C7C20637572726568
:1072D8006E74203D3D2068616E646C65720000002C
:1072E80064656C7461203E3D202D32303438202690
:1072F800262064656C7461203C3D20323034362091
:10730800262620212864656C7461202620312900F6
:107318002F686F6D652F73747564656E742F70694F
:10732800636F2F7069636F2D73646B2F7372632F94
:107338007270325F636F6D6D6F6E2F686172647704
:107348006172655F6972712F6972712E6300000046
:107358004E6F2075736572204952517320617265B2
:1073680020617661696C61626C65000075706461AA
:1073780074655F75735F73696E63655F626F6F7461
:107388000000000070685F6765745F6E6F64650079
:1073980070685F6164645F6368696C645F6E6F6482
:1073A8006500000070685F696E736572745F6E6F68
:1073B8006465000070685F667265655F6E6F64651E
:1073C800000000006765745F656E747279000000E4
:1073D8006765745F656E7472795F69645F68696711
:1073E80068000000616C61726D5F706F6F6C5F6741
:1073F80065745F64656661756C7400006164645FE0
:10740800616C61726D5F756E6465725F6C6F636BE2
:1074180000000000616C61726D5F706F6F6C5F617E
:107428006C61726D5F63616C6C6261636B0000001C
:10743800616C61726D5F706F6F6C5F63616E6365C5
:107448006C5F616C61726D002170685F636F6E7450
:1074580061696E735F6E6F646528706F6F6C2D3E27
:10746800686561702C2072657573655F69642900B1
:1074780075735F73696E63655F626F6F74203C3DFF
:1074880020494E5436345F4D415800002F686F6DC7
:10749800652F73747564656E742F7069636F2F70D0
:1074A80069636F2D73646B2F7372632F636F6D6DD8
:1074B8006F6E2F7069636F5F626173652F696E63AA
:1074C8006C7564652F7069636F2F74797065732E9E
:1074D8006800000072656D6F7665645F6964203DC1
:1074E8003D206E6578745F696400000063616C6CB0
:1074F8006261636B00000000706F6F6C2D3E616C01
:1075080061726D5F696E5F70726F67726573732009
:107518003D3D206D616B655F7075626C69635F6985
:10752800642869645F686967682C206E6578745F91
:10753800696429006964202626202170685F636FCA
:107548006E7461696E735F6E6F64652868656170DB
:107558002C20696429000000616C61726D5F6964A8
:1075680020213D20706F6F6C2D3E616C61726D5FE4
:10757800696E5F70726F6772657373007263000083
:107588006964202626206964203C3D20706F6F6C5A
:107598002D3E686561702D3E6D61785F6E6F646524
:1075A80073000000256C6C6420286869202530323F
:1075B8007829000064656661756C745F616C61723E
:1075C8006D5F706F6F6C5F696E697469616C697A01
:1075D8006564282900000000696420262620696463
:1075E800203C3D20686561702D3E6D61785F6E6F4F
:1075F800646573002F686F6D652F73747564656EAD
:10760800742F7069636F2F7069636F2D73646B2FAC
:107618007372632F636F6D6D6F6E2F7069636F5F29
:107628007574696C2F696E636C7564652F70696316
:107638006F2F7574696C2F70686561702E68000013
:10764800706172656E745F69640000006368696CDC
:10765800645F696400000000706172656E745F6940
:107668006420213D206368696C645F6964000000E0
:1076780072742D3E616C61726D5F6964203D3D20BE
:10768800696400002F686F6D652F73747564656E8B
:10769800742F7069636F2F7069636F2D73646B2F1C
:1076A8007372632F636F6D6D6F6E2F7069636F5F99
:1076B80074696D652F74696D652E63006861726405
:1076C800776172655F616C61726D5F7365745F7419
:1076D8006172676574000000486172647761726561
:1076E80020616C61726D20256420616C7265616433
:1076F8007920636C61696D656400000074696D656B
:10770800725F68772D3E696E74732026203175206C
:107718003C3C20616C61726D5F6E756D000000000D
:107728002F686F6D652F73747564656E742F70693B
:10773800636F2F7069636F2D73646B2F7372632F80
:107748007270325F636F6D6D6F6E2F6861726477F0
:107758006172655F74696D65722F74696D65722EEB
:107768006300000070685F6765745F6E6F64650032
:1077780070685F6164645F6368696C645F6E6F649E
:107788006500000070685F72656D6F76655F616E99
:10779800795F68656164000070685F72656D6F7617
:1077A800655F616E645F667265655F6E6F646500D4
:1077B8006E65775F7375625F7472656520213D2021
:1077C800686561702D3E726F6F745F6964000000B8
:1077D800726F6F745F6964002F686F6D652F7374C3
:1077E8007564656E742F7069636F2F7069636F2D90
:1077F80073646B2F7372632F636F6D6D6F6E2F7071
:1078080069636F5F7574696C2F70686561702E634A
:10781800000000002170685F6765745F6E6F6465C3
:1078280028686561702C20726F6F745F6964292DF8
:107838003E7369626C696E67000000002170685FC2
:107848006765745F6E6F646528686561702C207267
:107858006F6F745F6964292D3E706172656E740084
:107868007570646174655F75735F73696E63655F76
:10787800626F6F74000000006D757465785F656EE7
:107888007465725F626C6F636B5F756E74696C00B0
:107898006D757465785F657869740000746F7461DC
:1078A8006C0000002F686F6D652F73747564656ECA
:1078B800742F7069636F2F7069636F2D73646B2FFA
:1078C8007372632F636F6D6D6F6E2F7069636F5F77
:1078D80073796E632F6D757465782E6300000000F0
:1078E8006D74782D3E636F72652E7370696E5F6C70
:1078F8006F636B006C6F636B5F69735F6F776E6547
:10790800725F69645F76616C6964286D74782D3E76
:107918006F776E65722900006D74782D3E656E7400
:1079280065725F636F756E74000000002C206675C9
:107938006E6374696F6E3A200000000061737365AE
:107948007274696F6E2022257322206661696C65E6
:10795800643A2066696C6520222573222C206C69A4
:107968006E65202564257325730A000072756E7490
:10797800696D655F696E6974000000000A2A2A2A29
:107988002050414E4943202A2A2A0A000A000000B2
:1079980031203D3D202875696E747074725F7429BA
:1079A8006C2D3E7370696E5F6C6F636B0000000036
:1079B8002F686F6D652F73747564656E742F7069A9
:1079C800636F2F7069636F2D73646B2F7372632FEE
:1079D8007270325F636F6D6D6F6E2F7069636F5F6A
:1079E80072756E74696D652F72756E74696D652E2A
:1079F80063000000636C6F636B5F636F6E6669673B
:107A0800757265007372635F66726571203E3D2012
:107A180066726571000000002F686F6D652F7374C2
:107A28007564656E742F7069636F2F7069636F2D4D
:107A380073646B2F7372632F7270325F636F6D6D37
:107A48006F6E2F68617264776172655F636C6F63D4
:107A58006B732F636C6F636B732E6300706C6C5F5A
:107A6800696E69740000000076636F5F6672657105
:107A7800203E3D20285049434F5F504C4C5F5643B1
:107A88004F5F4D494E5F465245515F4D485A202A37
:107A9800204D485A292026262076636F5F66726536
:107AA80071203C3D20285049434F5F504C4C5F5655
:107AB800434F5F4D41585F465245515F4D485A20EC
:107AC8002A204D485A2900002F686F6D652F73745E
:107AD8007564656E742F7069636F2F7069636F2D9D
:107AE80073646B2F7372632F7270325F636F6D6D87
:107AF8006F6E2F68617264776172655F706C6C2F4E
:107B0800706C6C2E630000006662646976203E3DEE
:107B1800203136202626206662646976203C3D2086
:107B28003332300028706F73745F64697631203E99
:107B38003D203120262620706F73745F646976318A
:107B4800203C3D2037292026262028706F73745F3B
:107B580064697632203E3D203120262620706F73DE
:107B6800745F64697632203C3D20372900000000AC
:107B7800706F73745F64697632203C3D20706F7358
:107B8800745F6469763100007265665F6D687A209B
:107B98003C3D202876636F5F66726571202F203127
:107BA800362900008E2D0010B42D0010CC2D0010A9
:107BB800B42D00106E2D0010B42D0010B42D00103F
:107BC800B42D0010B42D0010B42D0010B42D0010E9
:107BD800B42D0010AA2D0010B42D0010B42D0010E3
:107BE800B42D0010B42D0010B42D0010D82D0010A5
:107BF800EC2C0010862C0010862C0010F62C00109F
:107C0800862C0010862C0010862C0010862C001064
:107C1800862C0010862C0010862C0010E22C0010F8
:107C2800862C0010D82C0010862C0010862C0010F2
:107C3800BA2C0010FC310010123200101232001061
:107C480012320010123200101232001012320010DC
:107C580012320010123200101232001012320010CC
:107C680012320010123200101232001012320010BC
:107C780012320010123200101232001012320010AC
:107C8800123200101232001012320010123200109C
:107C9800123200101232001012320010123200108C
:107CA800123200101232001012320010123200107C
:107CB8001232001030300010F02F00103030001059
:107CC800123200101232001012320010123200105C
:107CD800123200101232001012320010123200104C
:107CE800123200101232001012320010123200103C
:107CF800123200101232001012320010123200102C
:107D0800E42D00101232001012320010123200104E
:107D1800123200101232001012320010123200100B
:107D28001232001012320010E42D001080300010C2
:107D3800E42D001030300010F02F0010303000100B
:107D480012320010E42D001012320010123200100E
:107D5800123200101232001012320010E42D0010FE
:107D6800C63100101232001012320010F03000102C
:107D780012320010E42D00101232001012320010DE
:107D8800E42D0010666E6900666E692B0000000025
:107D98006E616E00666E692D000000000000000034
:107DA800000000000000F03F000000000000244038
:107DB80000000000000059400000000000408F4013
:107DC800000000000088C34000000000006AF8407E
:107DD8000000000080842E4100000000D0126341A2
:107DE8000000000084D797410000000065CDCD4118
:107DF8002A282875696E74385F74202A292828284B
:107E0800766F6964202A29726F6D5F646174615F9F
:107E18006C6F6F6B757028726F6D5F7461626C65E3
:107E28005F636F6465282753272C20274627292955
:107E3800292D322929202A2034203E3D2053465F0F
:107E48005441424C455F56325F53495A4500000041
:107E58002F686F6D652F73747564656E742F706904
:107E6800636F2F7069636F2D73646B2F7372632F49
:107E78007270325F636F6D6D6F6E2F7069636F5FC5
:107E8800646F75626C652F646F75626C655F696E8F
:107E980069745F726F6D2E63000000005F5F61653B
:107EA8006162695F646F75626C655F696E697400B1
:107EB8002A282875696E74385F74202A2928726FF9
:107EC8006D5F7461626C652D322929202A20342067
:107ED8003E3D2053465F5441424C455F56325F5306
:107EE800495A45002F686F6D652F73747564656E08
:107EF800742F7069636F2F7069636F2D73646B2FB4
:107F08007372632F7270325F636F6D6D6F6E2F7057
:107F180069636F5F666C6F61742F666C6F61745F05
:107F2800696E69745F726F6D2E6300005F5F6165D3
:107F38006162695F666C6F61745F696E6974000085
:107F480006005250BBFF3CB68C7F00100600525012
:107F5800E182887F747F001006005250D3F075428A
:107F68006C7F00104465627567000000626F6F7473
:107F7800325F77323571303830000000312E342EC0
:107F8800300000007069636F0000000048656C6C89
:107F98006F576F726C64000053657020323720325F
:107FA800303236000D0A0000DD430010E1430010B6
:107FB800ED4300102544001021440010000000008B
:107FC8000600525053B4F4A1F87F00107570646134
:107FD80074655F75735F73696E63655F626F6F74F5
:107FE8000000000074696D65725F7461736B000056
:107FF80055534220737464696E202F207374646F24
:1080080075740000737464696F5F7573625F636F82
:1080180072655F6E756D203D3D206765745F636FA7
:1080280072655F6E756D2829000000002F686F6DFE
:10803800652F73747564656E742F7069636F2F7024
:1080480069636F2D73646B2F7372632F7270325F65
:10805800636F6D6D6F6E2F7069636F5F73746469A2
:108068006F5F7573622F737464696F5F7573622EC7
:108078006300000052617370626572727920506902
:10808800000000005069636F00000000426F6172D9
:108098006420434443000000526573657400000087
:1080A80009025400030100807D080B00020202004F
:1080B8000009040000010202000405240020010553
:1080C8002401000104240202052406000107058199
:1080D8000308001009040100020A00000007050255
:1080E8000240000007058202400000090402000067
:1080F800FF00010512010002EF0201408A2E0A006A
:108108000001010203010000000000007C80001053
:108118008C800010C40F002094800010A0800010F4
:108128005F68775F656E64706F696E745F616C6CB1
:108138006F6300006463645F696E69740000000027
:108148006463645F696E745F656E61626C6500008C
:108158006463645F7365745F6164647265737300FC
:108168006463645F656470745F6F70656E000000BF
:108178006463645F656470745F78666572000000AC
:10818800282875696E747074725F7420296E65781A
:10819800745F6275666665725F707472202620303F
:1081A800623131313131317529203D3D20300000B7
:1081B8002F686F6D652F73747564656E742F7069A1
:1081C800636F2F7069636F2D73646B2F6C69622FF7
:1081D80074696E797573622F7372632F706F72741E
:1081E80061626C652F726173706265727279706911
:1081F8002F7270323034302F6463645F72703230A3
:1082080034302E630000000068775F646174615F3A
:108218006F6666736574286E6578745F62756666E6
:1082280065725F70747229203C3D205553425F444B
:108238005052414D5F4D4158000000007268706F08
:108248007274203D3D203000556E68616E646C6527
:10825800642049525120307825780A0073796E637A
:108268005F65705F627566666572000065702025DF
:10827800642025732077617320616C72656164796D
:1082880020617661696C61626C65000043616E27EC
:108298007420636F6E74696E7565207866657220E8
:1082A8006F6E20696E61637469766520657020253C
:1082B80064202573000000005741524E3A20737421
:1082C800617274696E67206E6577207472616E736F
:1082D800666572206F6E20616C72656164792061D9
:1082E80063746976652065702025642025730A000B
:1082F8006F757400696E000021286275665F63748B
:10830800726C2026205553425F4255465F435452B3
:108318004C5F46554C4C29002F686F6D652F737460
:108328007564656E742F7069636F2F7069636F2D44
:1083380073646B2F6C69622F74696E797573622F21
:108348007372632F706F727461626C652F726173E0
:1083580070626572727970692F7270323034302FA2
:108368007270323034305F7573622E630000000023
:108378006275665F6374726C2026205553425F42B3
:1083880055465F4354524C5F46554C4C0000000024
:108398004E520010AA510010DA5100101452001069
:1083A8004E5200104E52001032520010DA51001096
:1083B8004E5200104E5200104E5200104E520010F5
:1083C8004E5200104E5200104E520010BC51001078
:1083D800DA5A0010B45A00108E5C00108E5A001041
:1083E8008E5C0010F6590010825A00108E5C001046
:1083F800125A00102A5A0010F65C0010E85C0010AF
:108408003A5D0010AA5E0010265E0010465E00105D
:108418004E5D00109A5D0010AE5E00106F73616CC7
:108428005F71756575655F73656E64007475645F0B
:108438007461736B0000000070726F636573735F23
:10844800636F6E74726F6C5F7265717565737400BB
:1084580070726F636573735F7365745F636F6E6665
:108468006967000070726F636573735F6765745F37
:1084780064657363726970746F7200007573626407
:108488005F6F70656E5F656470745F7061697200BC
:10849800757362645F656470745F6F70656E000009
:1084A800757362645F656470745F786665720000F6
:1084B8004963001001640010456400103D65001018
:1084C800716600100000000025732025643A2041E1
:1084D8005353455254204641494C45440D0A000027
:1084E8007475645F636F6E74726F6C5F78666572C3
:1084F80000000000757362645F636F6E74726F6C66
:108508005F786665725F6362000000007475645F7F
:108518006364635F6E5F77726974655F666C7573B9
:1085280068000000636463645F6F70656E0000003C
:10853800636463645F786665725F6362000000006D
:10854800747573625F696E697400000074755F65A5
:108558006470745F76616C69646174650000000022
:108568007069636F5F6765745F756E697175655F64
:10857800626F6172645F69645F737472696E6700C9
:108588006C656E203E2030002F686F6D652F737408
:108598007564656E742F7069636F2F7069636F2DD2
:1085A80073646B2F7372632F7270325F636F6D6DBC
:1085B8006F6E2F7069636F5F756E697175655F693E
:1085C800642F756E697175655F69642E63000000BC
:1085D800666C6173685F646F5F636D6400000000C0
:1085E800666C6173685F6F666673202B20636F75B6
:1085F8006E74203C3D205049434F5F464C415348E0
:108608005F53495A455F4259544553002F686F6D6F
:10861800652F73747564656E742F7069636F2F703E
:1086280069636F2D73646B2F7372632F7270325F7F
:10863800636F6D6D6F6E2F68617264776172655FCD
:10864800666C6173682F666C6173682E6300000046
:10865800636F6E6E6563745F696E7465726E616C6C
:108668005F666C61736820262620666C6173685F9C
:10867800657869745F78697020262620666C617356
:10868800685F72616E67655F657261736520262633
:1086980020666C6173685F666C7573685F6361639D
:1086A80068650000636F6E6E6563745F696E7465FC
:1086B800726E616C5F666C61736820262620666C3A
:1086C8006173685F657869745F7869702026262011
:1086D800666C6173685F72616E67655F70726F6701
:1086E80072616D20262620666C6173685F666C7502
:1086F80073685F636163686500000000636F6E6E96
:108708006563745F696E7465726E616C5F666C61D7
:10871800736820262620666C6173685F65786974C3
:108728005F78697020262620666C6173685F666CC6
:0C8738007573685F636163686500000092
:10874400B4020010A80200109C020010487F001020
:1087540090020010547F0010607F0010C87F00104A
:1087640010B5D0231B0600241C570268EFF31081B8
:1087740072B61368002BFCD0BFF35F8F0423C3567B
:10878400002B08DB0368BFF35F8F00221A6081F3BC
:10879400108820BFE9E704710368BFF35F8F0022EC
:1087A4001A6081F3108810BD10B50268EFF31084CD
:1087B40072B61368002BFCD0BFF35F8F0423C3563B
:1087C400002B0CDB002911D00B6000210368BFF3E0
:1087D4005F8F00221A6084F31088080010BDD02334
:1087E4001B061B785BB203710121EFE70021EDE763
:1087F400F8B5040016001F000368002B1FD0D02317
:108804001B0600255D572268EFF3108172B61368CA
:10881400002BFCD0BFF35F8F0423E356002B14DB43
:108824002368BFF35F8F00221A6081F31088300041
:10883400390000F029F90028E5D000200EE0084BAB
:10884400084A7A21084800F027F925712368BFF304
:108854005F8F00221A6081F310880120F8BDC046A2
:10886400E878001080780010AC780010F0B583B080
:108874000090019100F000F904000D1E19DBFA22AA
:10888400920000230198002100F0EEF822002B0052
:1088940012184B419D4202D804D1944202D90122BC
:1088A4005242D317002B0ADB0098FFF7A1FF03B055
:1088B400F0BD064B064A3F21064800F0EDF8034B95
:1088C400034A3F21034800F0E7F8C04678740010DB
:1088D400687800109474001010B50268EFF31081EA
:1088E40072B61368002BFCD0BFF35F8F0423C3560A
:1088F400002B0ADBFF2303710368BFF35F8F0022A1
:108904001A6081F3108840BF10BD034B034AA921AC
:10891400034800F0C1F8C046FC78001098780010B5
:10892400AC780010094B1B78002B0DD13F2B08DCD1
:108934009A008021490551180868054950500133AF
:10894400F4E7024B01221A707047C046DC0F002086
:10895400E809002010B5024B0133984710BDC0460A
:10896400E809002000280AD003231B02054A1268E4
:108974005340C02292001340034A136070470223FD
:10898400F3E7C0460C8001400C900140F0B5D64698
:108994004F464646C0B506000D00140018239846FD
:1089A4001B881427388828499847824643461B88E1
:1089B400388826499847814643461B883888244985
:1089C400984707005346002B0DD04B46002B0AD086
:1089D400002808D0FFF7A6FFD047C8470020FFF7BC
:1089E400C1FF21000FE01B4B1B4A80211B4800F0F4
:1089F40053F8002B07D0002905D0C0235B051B6E5C
:108A04002B700139013523000B4312D0C0235B05C1
:108A14009A6A082313409207EBD5002CE9D00A1B6D
:108A24000D2AE6D83078C02252051066013C013682
:108A3400DFE70120FFF796FFB847FFF78BFF1CBC69
:108A440090469946A246F0BD4946000045580000AC
:108A54004643000004870010D885001014860010D7
:108A64007047C0460000000001B40248844601BCBF
:108A7400604700BFB93F001001B40248844601BCFE
:108A8400604700BF8515001001B40248844601BC4C
:108A9400604700BF6114001001B40248844601BC61
:108AA400604700BFE51B001000000000000000004C
:108AB40048656C6C6F20576F726C642025640A00E3
:108AC4001000000000000000000001000000000091
:108AD4000000000000000200000000000000000090
:108AE4000000030000000000000000000000FF0080
:108AF4000000000000B5486801318E46004770460A
:108B040009380149884700BDF90900108404002090
:108B14000000000020050020140B002000000000CD
:108B240000000000240B00200000000000000000F2
:108B34001000000000000000000000000000000021
:108B4400503300004C330000543300005233000013
:108B54004D5300004D4300005334000043340000E3
:108B64006145001000000000D14400100000000026
:108B740000010000F8820010FC820010E4110020C3
:108B840010000C000000E0FF1F00000000000000C7
:108B940000000000000000000000000000000000D1
:108BA40000000000000000001D4100107932001098
:108BB40089390010ED3F001039030010196F0010BF
:04000005100001E9FD
:00000001FF
