
/home/student/1dt301/hallo_world/build/HelloWorld.elf:     file format elf32-littlearm

Sections:
Idx Name          Size      VMA       LMA       File off  Algn
  0 .boot2        00000100  10000000  10000000  00001000  2**0
                  CONTENTS, ALLOC, LOAD, READONLY, CODE
  1 .text         00006fa8  10000100  10000100  00001100  2**3
                  CONTENTS, ALLOC, LOAD, READONLY, CODE
  2 .rodata       0000169c  100070a8  100070a8  000080a8  2**3
                  CONTENTS, ALLOC, LOAD, READONLY, DATA
  3 .binary_info  00000020  10008744  10008744  00009744  2**2
                  CONTENTS, ALLOC, LOAD, DATA
  4 .ram_vector_table 000000c0  20000000  20000000  0000a520  2**2
                  CONTENTS
  5 .data         00000460  200000c0  10008764  0000a0c0  2**4
                  CONTENTS, ALLOC, LOAD, READONLY, CODE
  6 .uninitialized_data 00000000  20000520  20000520  0000a5e0  2**0
                  CONTENTS
  7 .scratch_x    00000000  20040000  20040000  0000a5e0  2**0
                  CONTENTS
  8 .scratch_y    00000000  20041000  20041000  0000a5e0  2**0
                  CONTENTS
  9 .bss          00000d84  20000520  20000520  0000a520  2**3
                  ALLOC
 10 .heap         00000800  200012a4  200012a4  0000a5e0  2**2
                  CONTENTS, READONLY
 11 .stack_dummy  00000800  20041000  20041000  0000ade0  2**5
                  CONTENTS, READONLY
 12 .ARM.attributes 00000028  00000000  00000000  0000b5e0  2**0
                  CONTENTS, READONLY
 13 .comment      0000009f  00000000  00000000  0000b608  2**0
                  CONTENTS, READONLY
 14 .debug_line   000135b2  00000000  00000000  0000b6a7  2**0
                  CONTENTS, READONLY, DEBUGGING, OCTETS
 15 .debug_info   0002a7e6  00000000  00000000  0001ec59  2**0
                  CONTENTS, READONLY, DEBUGGING, OCTETS
 16 .debug_abbrev 000071fa  00000000  00000000  0004943f  2**0
                  CONTENTS, READONLY, DEBUGGING, OCTETS
 17 .debug_aranges 000012c8  00000000  00000000  00050640  2**3
                  CONTENTS, READONLY, DEBUGGING, OCTETS
 18 .debug_str    000066c2  00000000  00000000  00051908  2**0
                  CONTENTS, READONLY, DEBUGGING, OCTETS
 19 .debug_loc    00015021  00000000  00000000  00057fca  2**0
                  CONTENTS, READONLY, DEBUGGING, OCTETS
 20 .debug_ranges 00003d48  00000000  00000000  0006cff0  2**3
                  CONTENTS, READONLY, DEBUGGING, OCTETS
 21 .debug_frame  000023f0  00000000  00000000  00070d38  2**2
                  CONTENTS, READONLY, DEBUGGING, OCTETS

/home/student/1dt301/hallo_world/build/HelloWorld.elf:     file format elf32-littlearm


Disassembly of section .boot2:

10000000 <__boot2_start__>:
10000000:	4b32b500 	.word	0x4b32b500
10000004:	60582021 	.word	0x60582021
10000008:	21026898 	.word	0x21026898
1000000c:	60984388 	.word	0x60984388
10000010:	611860d8 	.word	0x611860d8
10000014:	4b2e6158 	.word	0x4b2e6158
10000018:	60992100 	.word	0x60992100
1000001c:	61592102 	.word	0x61592102
10000020:	22f02101 	.word	0x22f02101
10000024:	492b5099 	.word	0x492b5099
10000028:	21016019 	.word	0x21016019
1000002c:	20356099 	.word	0x20356099
10000030:	f844f000 	.word	0xf844f000
10000034:	42902202 	.word	0x42902202
10000038:	2106d014 	.word	0x2106d014
1000003c:	f0006619 	.word	0xf0006619
10000040:	6e19f834 	.word	0x6e19f834
10000044:	66192101 	.word	0x66192101
10000048:	66182000 	.word	0x66182000
1000004c:	f000661a 	.word	0xf000661a
10000050:	6e19f82c 	.word	0x6e19f82c
10000054:	6e196e19 	.word	0x6e196e19
10000058:	f0002005 	.word	0xf0002005
1000005c:	2101f82f 	.word	0x2101f82f
10000060:	d1f94208 	.word	0xd1f94208
10000064:	60992100 	.word	0x60992100
10000068:	6019491b 	.word	0x6019491b
1000006c:	60592100 	.word	0x60592100
10000070:	481b491a 	.word	0x481b491a
10000074:	21016001 	.word	0x21016001
10000078:	21eb6099 	.word	0x21eb6099
1000007c:	21a06619 	.word	0x21a06619
10000080:	f0006619 	.word	0xf0006619
10000084:	2100f812 	.word	0x2100f812
10000088:	49166099 	.word	0x49166099
1000008c:	60014814 	.word	0x60014814
10000090:	60992101 	.word	0x60992101
10000094:	2800bc01 	.word	0x2800bc01
10000098:	4700d000 	.word	0x4700d000
1000009c:	49134812 	.word	0x49134812
100000a0:	c8036008 	.word	0xc8036008
100000a4:	8808f380 	.word	0x8808f380
100000a8:	b5034708 	.word	0xb5034708
100000ac:	20046a99 	.word	0x20046a99
100000b0:	d0fb4201 	.word	0xd0fb4201
100000b4:	42012001 	.word	0x42012001
100000b8:	bd03d1f8 	.word	0xbd03d1f8
100000bc:	6618b502 	.word	0x6618b502
100000c0:	f7ff6618 	.word	0xf7ff6618
100000c4:	6e18fff2 	.word	0x6e18fff2
100000c8:	bd026e18 	.word	0xbd026e18
100000cc:	40020000 	.word	0x40020000
100000d0:	18000000 	.word	0x18000000
100000d4:	00070000 	.word	0x00070000
100000d8:	005f0300 	.word	0x005f0300
100000dc:	00002221 	.word	0x00002221
100000e0:	180000f4 	.word	0x180000f4
100000e4:	a0002022 	.word	0xa0002022
100000e8:	10000100 	.word	0x10000100
100000ec:	e000ed08 	.word	0xe000ed08
	...
100000fc:	7a4eb274 	.word	0x7a4eb274

Disassembly of section .text:

10000100 <__VECTOR_TABLE>:
10000100:	20042000 	.word	0x20042000
10000104:	100001f7 	.word	0x100001f7
10000108:	100001c3 	.word	0x100001c3
1000010c:	100001c5 	.word	0x100001c5
10000110:	100001c1 	.word	0x100001c1
10000114:	100001c1 	.word	0x100001c1
10000118:	100001c1 	.word	0x100001c1
1000011c:	100001c1 	.word	0x100001c1
10000120:	100001c1 	.word	0x100001c1
10000124:	100001c1 	.word	0x100001c1
10000128:	100001c1 	.word	0x100001c1
1000012c:	100001c7 	.word	0x100001c7
10000130:	100001c1 	.word	0x100001c1
10000134:	100001c1 	.word	0x100001c1
10000138:	100001c9 	.word	0x100001c9
1000013c:	100001cb 	.word	0x100001cb
10000140:	100001cd 	.word	0x100001cd
10000144:	100001cd 	.word	0x100001cd
10000148:	100001cd 	.word	0x100001cd
1000014c:	100001cd 	.word	0x100001cd
10000150:	100001cd 	.word	0x100001cd
10000154:	100001cd 	.word	0x100001cd
10000158:	100001cd 	.word	0x100001cd
1000015c:	100001cd 	.word	0x100001cd
10000160:	100001cd 	.word	0x100001cd
10000164:	100001cd 	.word	0x100001cd
10000168:	100001cd 	.word	0x100001cd
1000016c:	100001cd 	.word	0x100001cd
10000170:	100001cd 	.word	0x100001cd
10000174:	100001cd 	.word	0x100001cd
10000178:	100001cd 	.word	0x100001cd
1000017c:	100001cd 	.word	0x100001cd
10000180:	100001cd 	.word	0x100001cd
10000184:	100001cd 	.word	0x100001cd
10000188:	100001cd 	.word	0x100001cd
1000018c:	100001cd 	.word	0x100001cd
10000190:	100001cd 	.word	0x100001cd
10000194:	100001cd 	.word	0x100001cd
10000198:	100001cd 	.word	0x100001cd
1000019c:	100001cd 	.word	0x100001cd
100001a0:	100001cd 	.word	0x100001cd
100001a4:	100001cd 	.word	0x100001cd
100001a8:	100001cd 	.word	0x100001cd
100001ac:	100001cd 	.word	0x100001cd
100001b0:	100001cd 	.word	0x100001cd
100001b4:	100001cd 	.word	0x100001cd
100001b8:	100001cd 	.word	0x100001cd
100001bc:	100001cd 	.word	0x100001cd

100001c0 <isr_invalid>:
100001c0:	be00      	bkpt	0x0000

100001c2 <isr_nmi>:
100001c2:	be00      	bkpt	0x0000

100001c4 <isr_hardfault>:
100001c4:	be00      	bkpt	0x0000

100001c6 <isr_svcall>:
100001c6:	be00      	bkpt	0x0000

100001c8 <isr_pendsv>:
100001c8:	be00      	bkpt	0x0000

100001ca <isr_systick>:
100001ca:	be00      	bkpt	0x0000

100001cc <__unhandled_user_irq>:
100001cc:	f000 f84b 	bl	10000266 <__get_current_exception>
100001d0:	3810      	subs	r0, #16

100001d2 <unhandled_user_irq_num_in_r0>:
100001d2:	be00      	bkpt	0x0000

100001d4 <binary_info_header>:
100001d4:	7188ebf2 	.word	0x7188ebf2
100001d8:	10008744 	.word	0x10008744
100001dc:	10008764 	.word	0x10008764
100001e0:	10000234 	.word	0x10000234
100001e4:	e71aa390 	.word	0xe71aa390

100001e8 <_entry_point>:
100001e8:	2000      	movs	r0, #0
100001ea:	4921      	ldr	r1, [pc, #132]	; (10000270 <__get_current_exception+0xa>)
100001ec:	6008      	str	r0, [r1, #0]
100001ee:	c806      	ldmia	r0!, {r1, r2}
100001f0:	f381 8808 	msr	MSP, r1
100001f4:	4710      	bx	r2

100001f6 <_reset_handler>:
100001f6:	481f      	ldr	r0, [pc, #124]	; (10000274 <__get_current_exception+0xe>)
100001f8:	6800      	ldr	r0, [r0, #0]
100001fa:	2800      	cmp	r0, #0
100001fc:	d12f      	bne.n	1000025e <hold_non_core0_in_bootrom>
100001fe:	a40d      	add	r4, pc, #52	; (adr r4, 10000234 <data_cpy_table>)
10000200:	cc0e      	ldmia	r4!, {r1, r2, r3}
10000202:	2900      	cmp	r1, #0
10000204:	d002      	beq.n	1000020c <_reset_handler+0x16>
10000206:	f000 f812 	bl	1000022e <data_cpy>
1000020a:	e7f9      	b.n	10000200 <_reset_handler+0xa>
1000020c:	491a      	ldr	r1, [pc, #104]	; (10000278 <__get_current_exception+0x12>)
1000020e:	4a1b      	ldr	r2, [pc, #108]	; (1000027c <__get_current_exception+0x16>)
10000210:	2000      	movs	r0, #0
10000212:	e000      	b.n	10000216 <bss_fill_test>

10000214 <bss_fill_loop>:
10000214:	c101      	stmia	r1!, {r0}

10000216 <bss_fill_test>:
10000216:	4291      	cmp	r1, r2
10000218:	d1fc      	bne.n	10000214 <bss_fill_loop>

1000021a <platform_entry>:
1000021a:	4919      	ldr	r1, [pc, #100]	; (10000280 <__get_current_exception+0x1a>)
1000021c:	4788      	blx	r1
1000021e:	4919      	ldr	r1, [pc, #100]	; (10000284 <__get_current_exception+0x1e>)
10000220:	4788      	blx	r1
10000222:	4919      	ldr	r1, [pc, #100]	; (10000288 <__get_current_exception+0x22>)
10000224:	4788      	blx	r1
10000226:	be00      	bkpt	0x0000
10000228:	e7fd      	b.n	10000226 <platform_entry+0xc>

1000022a <data_cpy_loop>:
1000022a:	c901      	ldmia	r1!, {r0}
1000022c:	c201      	stmia	r2!, {r0}

1000022e <data_cpy>:
1000022e:	429a      	cmp	r2, r3
10000230:	d3fb      	bcc.n	1000022a <data_cpy_loop>
10000232:	4770      	bx	lr

10000234 <data_cpy_table>:
10000234:	10008764 	.word	0x10008764
10000238:	200000c0 	.word	0x200000c0
1000023c:	20000520 	.word	0x20000520
10000240:	10008bc4 	.word	0x10008bc4
10000244:	20040000 	.word	0x20040000
10000248:	20040000 	.word	0x20040000
1000024c:	10008bc4 	.word	0x10008bc4
10000250:	20041000 	.word	0x20041000
10000254:	20041000 	.word	0x20041000
10000258:	00000000 	.word	0x00000000
1000025c:	4770      	bx	lr

1000025e <hold_non_core0_in_bootrom>:
1000025e:	480b      	ldr	r0, [pc, #44]	; (1000028c <__get_current_exception+0x26>)
10000260:	f003 f812 	bl	10003288 <rom_func_lookup>
10000264:	4700      	bx	r0

10000266 <__get_current_exception>:
10000266:	f3ef 8005 	mrs	r0, IPSR
1000026a:	b2c0      	uxtb	r0, r0
1000026c:	4770      	bx	lr
1000026e:	0000      	.short	0x0000
10000270:	e000ed08 	.word	0xe000ed08
10000274:	d0000000 	.word	0xd0000000
10000278:	20000520 	.word	0x20000520
1000027c:	200012a4 	.word	0x200012a4
10000280:	10001c21 	.word	0x10001c21
10000284:	1000035d 	.word	0x1000035d
10000288:	10001bdd 	.word	0x10001bdd
1000028c:	00005657 	.word	0x00005657

10000290 <__bi_50>:
10000290:	50520006 5360b3ab 10007f84              ..RP..`S....

1000029c <__bi_38>:
1000029c:	50520006 02031c86 10007f94              ..RP........

100002a8 <__bi_30>:
100002a8:	50520006 9da22254 10007fa0              ..RPT"......

100002b4 <__bi_22>:
100002b4:	50520005 68f465de 10008bc4              ..RP.e.h....

100002c0 <_init>:
100002c0:	b5f8      	push	{r3, r4, r5, r6, r7, lr}
100002c2:	46c0      	nop			; (mov r8, r8)

100002c4 <deregister_tm_clones>:
100002c4:	4804      	ldr	r0, [pc, #16]	; (100002d8 <deregister_tm_clones+0x14>)
100002c6:	4b05      	ldr	r3, [pc, #20]	; (100002dc <deregister_tm_clones+0x18>)
100002c8:	b510      	push	{r4, lr}
100002ca:	4283      	cmp	r3, r0
100002cc:	d003      	beq.n	100002d6 <deregister_tm_clones+0x12>
100002ce:	4b04      	ldr	r3, [pc, #16]	; (100002e0 <deregister_tm_clones+0x1c>)
100002d0:	2b00      	cmp	r3, #0
100002d2:	d000      	beq.n	100002d6 <deregister_tm_clones+0x12>
100002d4:	4798      	blx	r3
100002d6:	bd10      	pop	{r4, pc}
100002d8:	20000520 	.word	0x20000520
100002dc:	20000520 	.word	0x20000520
100002e0:	00000000 	.word	0x00000000

100002e4 <register_tm_clones>:
100002e4:	4806      	ldr	r0, [pc, #24]	; (10000300 <register_tm_clones+0x1c>)
100002e6:	4907      	ldr	r1, [pc, #28]	; (10000304 <register_tm_clones+0x20>)
100002e8:	1a09      	subs	r1, r1, r0
100002ea:	1089      	asrs	r1, r1, #2
100002ec:	0fcb      	lsrs	r3, r1, #31
100002ee:	1859      	adds	r1, r3, r1
100002f0:	b510      	push	{r4, lr}
100002f2:	1049      	asrs	r1, r1, #1
100002f4:	d003      	beq.n	100002fe <register_tm_clones+0x1a>
100002f6:	4b04      	ldr	r3, [pc, #16]	; (10000308 <register_tm_clones+0x24>)
100002f8:	2b00      	cmp	r3, #0
100002fa:	d000      	beq.n	100002fe <register_tm_clones+0x1a>
100002fc:	4798      	blx	r3
100002fe:	bd10      	pop	{r4, pc}
10000300:	20000520 	.word	0x20000520
10000304:	20000520 	.word	0x20000520
10000308:	00000000 	.word	0x00000000

1000030c <__do_global_dtors_aux>:
1000030c:	b510      	push	{r4, lr}
1000030e:	4c07      	ldr	r4, [pc, #28]	; (1000032c <__do_global_dtors_aux+0x20>)
10000310:	7823      	ldrb	r3, [r4, #0]
10000312:	2b00      	cmp	r3, #0
10000314:	d109      	bne.n	1000032a <__do_global_dtors_aux+0x1e>
10000316:	f7ff ffd5 	bl	100002c4 <deregister_tm_clones>
1000031a:	4b05      	ldr	r3, [pc, #20]	; (10000330 <__do_global_dtors_aux+0x24>)
1000031c:	2b00      	cmp	r3, #0
1000031e:	d002      	beq.n	10000326 <__do_global_dtors_aux+0x1a>
10000320:	4804      	ldr	r0, [pc, #16]	; (10000334 <__do_global_dtors_aux+0x28>)
10000322:	e000      	b.n	10000326 <__do_global_dtors_aux+0x1a>
10000324:	bf00      	nop
10000326:	2301      	movs	r3, #1
10000328:	7023      	strb	r3, [r4, #0]
1000032a:	bd10      	pop	{r4, pc}
1000032c:	20000628 	.word	0x20000628
10000330:	00000000 	.word	0x00000000
10000334:	100070a8 	.word	0x100070a8

10000338 <frame_dummy>:
10000338:	4b05      	ldr	r3, [pc, #20]	; (10000350 <frame_dummy+0x18>)
1000033a:	b510      	push	{r4, lr}
1000033c:	2b00      	cmp	r3, #0
1000033e:	d003      	beq.n	10000348 <frame_dummy+0x10>
10000340:	4904      	ldr	r1, [pc, #16]	; (10000354 <frame_dummy+0x1c>)
10000342:	4805      	ldr	r0, [pc, #20]	; (10000358 <frame_dummy+0x20>)
10000344:	e000      	b.n	10000348 <frame_dummy+0x10>
10000346:	bf00      	nop
10000348:	f7ff ffcc 	bl	100002e4 <register_tm_clones>
1000034c:	bd10      	pop	{r4, pc}
1000034e:	46c0      	nop			; (mov r8, r8)
10000350:	00000000 	.word	0x00000000
10000354:	2000062c 	.word	0x2000062c
10000358:	100070a8 	.word	0x100070a8

1000035c <main>:
1000035c:	2764      	movs	r7, #100	; 0x64
1000035e:	f004 f839 	bl	100043d4 <stdio_init_all>

10000362 <loop>:
10000362:	4807      	ldr	r0, [pc, #28]	; (10000380 <reset+0x6>)
10000364:	1c39      	adds	r1, r7, #0
10000366:	b401      	push	{r0}
10000368:	b402      	push	{r1}
1000036a:	f004 f827 	bl	100043bc <__wrap_printf>
1000036e:	bc02      	pop	{r1}
10000370:	bc01      	pop	{r0}
10000372:	2f00      	cmp	r7, #0
10000374:	d001      	beq.n	1000037a <reset>
10000376:	3f01      	subs	r7, #1
10000378:	e7f3      	b.n	10000362 <loop>

1000037a <reset>:
1000037a:	2764      	movs	r7, #100	; 0x64
1000037c:	e7f1      	b.n	10000362 <loop>
1000037e:	0000      	.short	0x0000
10000380:	20000410 	.word	0x20000410

10000384 <hw_claim_lock>:
10000384:	f3ef 8010 	mrs	r0, PRIMASK
10000388:	b672      	cpsid	i
1000038a:	4b03      	ldr	r3, [pc, #12]	; (10000398 <hw_claim_lock+0x14>)
1000038c:	681b      	ldr	r3, [r3, #0]
1000038e:	2b00      	cmp	r3, #0
10000390:	d0fb      	beq.n	1000038a <hw_claim_lock+0x6>
10000392:	f3bf 8f5f 	dmb	sy
10000396:	4770      	bx	lr
10000398:	d000012c 	.word	0xd000012c

1000039c <hw_claim_unlock>:
1000039c:	f3bf 8f5f 	dmb	sy
100003a0:	4b02      	ldr	r3, [pc, #8]	; (100003ac <hw_claim_unlock+0x10>)
100003a2:	2200      	movs	r2, #0
100003a4:	601a      	str	r2, [r3, #0]
100003a6:	f380 8810 	msr	PRIMASK, r0
100003aa:	4770      	bx	lr
100003ac:	d000012c 	.word	0xd000012c

100003b0 <hw_claim_or_assert>:
100003b0:	b570      	push	{r4, r5, r6, lr}
100003b2:	0005      	movs	r5, r0
100003b4:	000e      	movs	r6, r1
100003b6:	0014      	movs	r4, r2
100003b8:	f7ff ffe4 	bl	10000384 <hw_claim_lock>
100003bc:	08f2      	lsrs	r2, r6, #3
100003be:	18aa      	adds	r2, r5, r2
100003c0:	7815      	ldrb	r5, [r2, #0]
100003c2:	2107      	movs	r1, #7
100003c4:	4031      	ands	r1, r6
100003c6:	2301      	movs	r3, #1
100003c8:	408b      	lsls	r3, r1
100003ca:	422b      	tst	r3, r5
100003cc:	d105      	bne.n	100003da <hw_claim_or_assert+0x2a>
100003ce:	b2db      	uxtb	r3, r3
100003d0:	432b      	orrs	r3, r5
100003d2:	7013      	strb	r3, [r2, #0]
100003d4:	f7ff ffe2 	bl	1000039c <hw_claim_unlock>
100003d8:	bd70      	pop	{r4, r5, r6, pc}
100003da:	0031      	movs	r1, r6
100003dc:	0020      	movs	r0, r4
100003de:	f001 fc9b 	bl	10001d18 <panic>

100003e2 <hw_claim_unused_from_range>:
100003e2:	b5f0      	push	{r4, r5, r6, r7, lr}
100003e4:	b083      	sub	sp, #12
100003e6:	0007      	movs	r7, r0
100003e8:	9101      	str	r1, [sp, #4]
100003ea:	0014      	movs	r4, r2
100003ec:	001e      	movs	r6, r3
100003ee:	f7ff ffc9 	bl	10000384 <hw_claim_lock>
100003f2:	42b4      	cmp	r4, r6
100003f4:	d80e      	bhi.n	10000414 <hw_claim_unused_from_range+0x32>
100003f6:	08e2      	lsrs	r2, r4, #3
100003f8:	18ba      	adds	r2, r7, r2
100003fa:	7815      	ldrb	r5, [r2, #0]
100003fc:	2107      	movs	r1, #7
100003fe:	4021      	ands	r1, r4
10000400:	2301      	movs	r3, #1
10000402:	408b      	lsls	r3, r1
10000404:	422b      	tst	r3, r5
10000406:	d001      	beq.n	1000040c <hw_claim_unused_from_range+0x2a>
10000408:	3401      	adds	r4, #1
1000040a:	e7f2      	b.n	100003f2 <hw_claim_unused_from_range+0x10>
1000040c:	b2db      	uxtb	r3, r3
1000040e:	432b      	orrs	r3, r5
10000410:	7013      	strb	r3, [r2, #0]
10000412:	e001      	b.n	10000418 <hw_claim_unused_from_range+0x36>
10000414:	2401      	movs	r4, #1
10000416:	4264      	negs	r4, r4
10000418:	f7ff ffc0 	bl	1000039c <hw_claim_unlock>
1000041c:	2c00      	cmp	r4, #0
1000041e:	db02      	blt.n	10000426 <hw_claim_unused_from_range+0x44>
10000420:	0020      	movs	r0, r4
10000422:	b003      	add	sp, #12
10000424:	bdf0      	pop	{r4, r5, r6, r7, pc}
10000426:	9b01      	ldr	r3, [sp, #4]
10000428:	2b00      	cmp	r3, #0
1000042a:	d0f9      	beq.n	10000420 <hw_claim_unused_from_range+0x3e>
1000042c:	9808      	ldr	r0, [sp, #32]
1000042e:	f001 fc73 	bl	10001d18 <panic>
	...

10000434 <running_on_fpga>:
10000434:	4b03      	ldr	r3, [pc, #12]	; (10000444 <running_on_fpga+0x10>)
10000436:	681b      	ldr	r3, [r3, #0]
10000438:	2002      	movs	r0, #2
1000043a:	4018      	ands	r0, r3
1000043c:	1e43      	subs	r3, r0, #1
1000043e:	4198      	sbcs	r0, r3
10000440:	b2c0      	uxtb	r0, r0
10000442:	4770      	bx	lr
10000444:	4006c000 	.word	0x4006c000

10000448 <spin_locks_reset>:
10000448:	2300      	movs	r3, #0
1000044a:	2b1f      	cmp	r3, #31
1000044c:	d808      	bhi.n	10000460 <spin_locks_reset+0x18>
1000044e:	4a05      	ldr	r2, [pc, #20]	; (10000464 <spin_locks_reset+0x1c>)
10000450:	189a      	adds	r2, r3, r2
10000452:	0092      	lsls	r2, r2, #2
10000454:	f3bf 8f5f 	dmb	sy
10000458:	2100      	movs	r1, #0
1000045a:	6011      	str	r1, [r2, #0]
1000045c:	3301      	adds	r3, #1
1000045e:	e7f4      	b.n	1000044a <spin_locks_reset+0x2>
10000460:	4770      	bx	lr
10000462:	46c0      	nop			; (mov r8, r8)
10000464:	34000040 	.word	0x34000040

10000468 <next_striped_spin_lock_num>:
10000468:	4a05      	ldr	r2, [pc, #20]	; (10000480 <next_striped_spin_lock_num+0x18>)
1000046a:	7810      	ldrb	r0, [r2, #0]
1000046c:	1c43      	adds	r3, r0, #1
1000046e:	b2db      	uxtb	r3, r3
10000470:	7013      	strb	r3, [r2, #0]
10000472:	2b17      	cmp	r3, #23
10000474:	d902      	bls.n	1000047c <next_striped_spin_lock_num+0x14>
10000476:	0013      	movs	r3, r2
10000478:	2210      	movs	r2, #16
1000047a:	701a      	strb	r2, [r3, #0]
1000047c:	4770      	bx	lr
1000047e:	46c0      	nop			; (mov r8, r8)
10000480:	20000420 	.word	0x20000420

10000484 <spin_lock_claim_unused>:
10000484:	b500      	push	{lr}
10000486:	b083      	sub	sp, #12
10000488:	0001      	movs	r1, r0
1000048a:	4b04      	ldr	r3, [pc, #16]	; (1000049c <spin_lock_claim_unused+0x18>)
1000048c:	9300      	str	r3, [sp, #0]
1000048e:	231f      	movs	r3, #31
10000490:	2218      	movs	r2, #24
10000492:	4803      	ldr	r0, [pc, #12]	; (100004a0 <spin_lock_claim_unused+0x1c>)
10000494:	f7ff ffa5 	bl	100003e2 <hw_claim_unused_from_range>
10000498:	b003      	add	sp, #12
1000049a:	bd00      	pop	{pc}
1000049c:	100070a8 	.word	0x100070a8
100004a0:	20000ae8 	.word	0x20000ae8

100004a4 <set_raw_irq_handler_and_unlock>:
100004a4:	4b07      	ldr	r3, [pc, #28]	; (100004c4 <set_raw_irq_handler_and_unlock+0x20>)
100004a6:	689b      	ldr	r3, [r3, #8]
100004a8:	3010      	adds	r0, #16
100004aa:	0080      	lsls	r0, r0, #2
100004ac:	5019      	str	r1, [r3, r0]
100004ae:	f3bf 8f5f 	dmb	sy
100004b2:	f3bf 8f5f 	dmb	sy
100004b6:	4b04      	ldr	r3, [pc, #16]	; (100004c8 <set_raw_irq_handler_and_unlock+0x24>)
100004b8:	2100      	movs	r1, #0
100004ba:	6019      	str	r1, [r3, #0]
100004bc:	f382 8810 	msr	PRIMASK, r2
100004c0:	4770      	bx	lr
100004c2:	46c0      	nop			; (mov r8, r8)
100004c4:	e000ed00 	.word	0xe000ed00
100004c8:	d0000124 	.word	0xd0000124

100004cc <make_branch>:
100004cc:	b510      	push	{r4, lr}
100004ce:	1a09      	subs	r1, r1, r0
100004d0:	1f0b      	subs	r3, r1, #4
100004d2:	4a0a      	ldr	r2, [pc, #40]	; (100004fc <make_branch+0x30>)
100004d4:	4694      	mov	ip, r2
100004d6:	4461      	add	r1, ip
100004d8:	4a09      	ldr	r2, [pc, #36]	; (10000500 <make_branch+0x34>)
100004da:	4291      	cmp	r1, r2
100004dc:	d808      	bhi.n	100004f0 <make_branch+0x24>
100004de:	07da      	lsls	r2, r3, #31
100004e0:	d406      	bmi.n	100004f0 <make_branch+0x24>
100004e2:	105b      	asrs	r3, r3, #1
100004e4:	055b      	lsls	r3, r3, #21
100004e6:	0d5b      	lsrs	r3, r3, #21
100004e8:	4806      	ldr	r0, [pc, #24]	; (10000504 <make_branch+0x38>)
100004ea:	4318      	orrs	r0, r3
100004ec:	b280      	uxth	r0, r0
100004ee:	bd10      	pop	{r4, pc}
100004f0:	4b05      	ldr	r3, [pc, #20]	; (10000508 <make_branch+0x3c>)
100004f2:	4a06      	ldr	r2, [pc, #24]	; (1000050c <make_branch+0x40>)
100004f4:	2199      	movs	r1, #153	; 0x99
100004f6:	4806      	ldr	r0, [pc, #24]	; (10000510 <make_branch+0x44>)
100004f8:	f001 fb74 	bl	10001be4 <__assert_func>
100004fc:	000007fc 	.word	0x000007fc
10000500:	00000ffe 	.word	0x00000ffe
10000504:	ffffe000 	.word	0xffffe000
10000508:	100072e8 	.word	0x100072e8
1000050c:	100070e0 	.word	0x100070e0
10000510:	10007318 	.word	0x10007318

10000514 <insert_branch_and_link>:
10000514:	b510      	push	{r4, lr}
10000516:	1a09      	subs	r1, r1, r0
10000518:	3904      	subs	r1, #4
1000051a:	084c      	lsrs	r4, r1, #1
1000051c:	0b09      	lsrs	r1, r1, #12
1000051e:	d108      	bne.n	10000532 <insert_branch_and_link+0x1e>
10000520:	0549      	lsls	r1, r1, #21
10000522:	0d49      	lsrs	r1, r1, #21
10000524:	4a06      	ldr	r2, [pc, #24]	; (10000540 <insert_branch_and_link+0x2c>)
10000526:	4311      	orrs	r1, r2
10000528:	8001      	strh	r1, [r0, #0]
1000052a:	4b06      	ldr	r3, [pc, #24]	; (10000544 <insert_branch_and_link+0x30>)
1000052c:	4323      	orrs	r3, r4
1000052e:	8043      	strh	r3, [r0, #2]
10000530:	bd10      	pop	{r4, pc}
10000532:	4b05      	ldr	r3, [pc, #20]	; (10000548 <insert_branch_and_link+0x34>)
10000534:	4a05      	ldr	r2, [pc, #20]	; (1000054c <insert_branch_and_link+0x38>)
10000536:	21a1      	movs	r1, #161	; 0xa1
10000538:	4805      	ldr	r0, [pc, #20]	; (10000550 <insert_branch_and_link+0x3c>)
1000053a:	f001 fb53 	bl	10001be4 <__assert_func>
1000053e:	46c0      	nop			; (mov r8, r8)
10000540:	fffff000 	.word	0xfffff000
10000544:	fffff800 	.word	0xfffff800
10000548:	1000715c 	.word	0x1000715c
1000054c:	100070ec 	.word	0x100070ec
10000550:	10007318 	.word	0x10007318

10000554 <irq_is_enabled>:
10000554:	2301      	movs	r3, #1
10000556:	4083      	lsls	r3, r0
10000558:	4a03      	ldr	r2, [pc, #12]	; (10000568 <irq_is_enabled+0x14>)
1000055a:	6810      	ldr	r0, [r2, #0]
1000055c:	4018      	ands	r0, r3
1000055e:	1e43      	subs	r3, r0, #1
10000560:	4198      	sbcs	r0, r3
10000562:	b2c0      	uxtb	r0, r0
10000564:	4770      	bx	lr
10000566:	46c0      	nop			; (mov r8, r8)
10000568:	e000e100 	.word	0xe000e100

1000056c <irq_set_mask_enabled>:
1000056c:	2900      	cmp	r1, #0
1000056e:	d004      	beq.n	1000057a <irq_set_mask_enabled+0xe>
10000570:	4b03      	ldr	r3, [pc, #12]	; (10000580 <irq_set_mask_enabled+0x14>)
10000572:	6018      	str	r0, [r3, #0]
10000574:	4b03      	ldr	r3, [pc, #12]	; (10000584 <irq_set_mask_enabled+0x18>)
10000576:	6018      	str	r0, [r3, #0]
10000578:	4770      	bx	lr
1000057a:	4b03      	ldr	r3, [pc, #12]	; (10000588 <irq_set_mask_enabled+0x1c>)
1000057c:	6018      	str	r0, [r3, #0]
1000057e:	e7fb      	b.n	10000578 <irq_set_mask_enabled+0xc>
10000580:	e000e280 	.word	0xe000e280
10000584:	e000e100 	.word	0xe000e100
10000588:	e000e180 	.word	0xe000e180

1000058c <irq_set_enabled>:
1000058c:	b510      	push	{r4, lr}
1000058e:	2301      	movs	r3, #1
10000590:	4083      	lsls	r3, r0
10000592:	0018      	movs	r0, r3
10000594:	f7ff ffea 	bl	1000056c <irq_set_mask_enabled>
10000598:	bd10      	pop	{r4, pc}
	...

1000059c <irq_set_pending>:
1000059c:	2301      	movs	r3, #1
1000059e:	4083      	lsls	r3, r0
100005a0:	4a01      	ldr	r2, [pc, #4]	; (100005a8 <irq_set_pending+0xc>)
100005a2:	6013      	str	r3, [r2, #0]
100005a4:	4770      	bx	lr
100005a6:	46c0      	nop			; (mov r8, r8)
100005a8:	e000e200 	.word	0xe000e200

100005ac <irq_get_vtable_handler>:
100005ac:	4b02      	ldr	r3, [pc, #8]	; (100005b8 <irq_get_vtable_handler+0xc>)
100005ae:	689b      	ldr	r3, [r3, #8]
100005b0:	3010      	adds	r0, #16
100005b2:	0080      	lsls	r0, r0, #2
100005b4:	58c0      	ldr	r0, [r0, r3]
100005b6:	4770      	bx	lr
100005b8:	e000ed00 	.word	0xe000ed00

100005bc <irq_has_shared_handler>:
100005bc:	b510      	push	{r4, lr}
100005be:	f7ff fff5 	bl	100005ac <irq_get_vtable_handler>
100005c2:	2800      	cmp	r0, #0
100005c4:	d005      	beq.n	100005d2 <irq_has_shared_handler+0x16>
100005c6:	4b05      	ldr	r3, [pc, #20]	; (100005dc <irq_has_shared_handler+0x20>)
100005c8:	1ac0      	subs	r0, r0, r3
100005ca:	282f      	cmp	r0, #47	; 0x2f
100005cc:	d803      	bhi.n	100005d6 <irq_has_shared_handler+0x1a>
100005ce:	2001      	movs	r0, #1
100005d0:	bd10      	pop	{r4, pc}
100005d2:	2000      	movs	r0, #0
100005d4:	e7fc      	b.n	100005d0 <irq_has_shared_handler+0x14>
100005d6:	2000      	movs	r0, #0
100005d8:	e7fa      	b.n	100005d0 <irq_has_shared_handler+0x14>
100005da:	46c0      	nop			; (mov r8, r8)
100005dc:	20000424 	.word	0x20000424

100005e0 <irq_set_exclusive_handler>:
100005e0:	b570      	push	{r4, r5, r6, lr}
100005e2:	0004      	movs	r4, r0
100005e4:	000d      	movs	r5, r1
100005e6:	f3ef 8610 	mrs	r6, PRIMASK
100005ea:	b672      	cpsid	i
100005ec:	4b0c      	ldr	r3, [pc, #48]	; (10000620 <irq_set_exclusive_handler+0x40>)
100005ee:	681b      	ldr	r3, [r3, #0]
100005f0:	2b00      	cmp	r3, #0
100005f2:	d0fb      	beq.n	100005ec <irq_set_exclusive_handler+0xc>
100005f4:	f3bf 8f5f 	dmb	sy
100005f8:	0020      	movs	r0, r4
100005fa:	f7ff ffd7 	bl	100005ac <irq_get_vtable_handler>
100005fe:	4b09      	ldr	r3, [pc, #36]	; (10000624 <irq_set_exclusive_handler+0x44>)
10000600:	4298      	cmp	r0, r3
10000602:	d001      	beq.n	10000608 <irq_set_exclusive_handler+0x28>
10000604:	42a8      	cmp	r0, r5
10000606:	d105      	bne.n	10000614 <irq_set_exclusive_handler+0x34>
10000608:	0032      	movs	r2, r6
1000060a:	0029      	movs	r1, r5
1000060c:	0020      	movs	r0, r4
1000060e:	f7ff ff49 	bl	100004a4 <set_raw_irq_handler_and_unlock>
10000612:	bd70      	pop	{r4, r5, r6, pc}
10000614:	4b04      	ldr	r3, [pc, #16]	; (10000628 <irq_set_exclusive_handler+0x48>)
10000616:	4a05      	ldr	r2, [pc, #20]	; (1000062c <irq_set_exclusive_handler+0x4c>)
10000618:	217c      	movs	r1, #124	; 0x7c
1000061a:	4805      	ldr	r0, [pc, #20]	; (10000630 <irq_set_exclusive_handler+0x50>)
1000061c:	f001 fae2 	bl	10001be4 <__assert_func>
10000620:	d0000124 	.word	0xd0000124
10000624:	100001cd 	.word	0x100001cd
10000628:	100072b0 	.word	0x100072b0
1000062c:	100070c4 	.word	0x100070c4
10000630:	10007318 	.word	0x10007318

10000634 <irq_add_shared_handler>:
10000634:	b5f0      	push	{r4, r5, r6, r7, lr}
10000636:	46de      	mov	lr, fp
10000638:	4657      	mov	r7, sl
1000063a:	464e      	mov	r6, r9
1000063c:	4645      	mov	r5, r8
1000063e:	b5e0      	push	{r5, r6, r7, lr}
10000640:	b089      	sub	sp, #36	; 0x24
10000642:	9001      	str	r0, [sp, #4]
10000644:	9103      	str	r1, [sp, #12]
10000646:	0017      	movs	r7, r2
10000648:	f3ef 8b10 	mrs	fp, PRIMASK
1000064c:	b672      	cpsid	i
1000064e:	4b71      	ldr	r3, [pc, #452]	; (10000814 <irq_add_shared_handler+0x1e0>)
10000650:	681b      	ldr	r3, [r3, #0]
10000652:	2b00      	cmp	r3, #0
10000654:	d0fb      	beq.n	1000064e <irq_add_shared_handler+0x1a>
10000656:	f3bf 8f5f 	dmb	sy
1000065a:	4b6f      	ldr	r3, [pc, #444]	; (10000818 <irq_add_shared_handler+0x1e4>)
1000065c:	2500      	movs	r5, #0
1000065e:	575d      	ldrsb	r5, [r3, r5]
10000660:	2d00      	cmp	r5, #0
10000662:	db40      	blt.n	100006e6 <irq_add_shared_handler+0xb2>
10000664:	006b      	lsls	r3, r5, #1
10000666:	195b      	adds	r3, r3, r5
10000668:	009a      	lsls	r2, r3, #2
1000066a:	486c      	ldr	r0, [pc, #432]	; (1000081c <irq_add_shared_handler+0x1e8>)
1000066c:	1813      	adds	r3, r2, r0
1000066e:	9302      	str	r3, [sp, #8]
10000670:	2206      	movs	r2, #6
10000672:	569a      	ldrsb	r2, [r3, r2]
10000674:	4b68      	ldr	r3, [pc, #416]	; (10000818 <irq_add_shared_handler+0x1e4>)
10000676:	701a      	strb	r2, [r3, #0]
10000678:	4b69      	ldr	r3, [pc, #420]	; (10000820 <irq_add_shared_handler+0x1ec>)
1000067a:	689a      	ldr	r2, [r3, #8]
1000067c:	9b01      	ldr	r3, [sp, #4]
1000067e:	3310      	adds	r3, #16
10000680:	009b      	lsls	r3, r3, #2
10000682:	58d6      	ldr	r6, [r2, r3]
10000684:	0034      	movs	r4, r6
10000686:	1a33      	subs	r3, r6, r0
10000688:	2b2f      	cmp	r3, #47	; 0x2f
1000068a:	d938      	bls.n	100006fe <irq_add_shared_handler+0xca>
1000068c:	4b65      	ldr	r3, [pc, #404]	; (10000824 <irq_add_shared_handler+0x1f0>)
1000068e:	429e      	cmp	r6, r3
10000690:	d12f      	bne.n	100006f2 <irq_add_shared_handler+0xbe>
10000692:	ac05      	add	r4, sp, #20
10000694:	4b64      	ldr	r3, [pc, #400]	; (10000828 <irq_add_shared_handler+0x1f4>)
10000696:	8023      	strh	r3, [r4, #0]
10000698:	006b      	lsls	r3, r5, #1
1000069a:	469a      	mov	sl, r3
1000069c:	195b      	adds	r3, r3, r5
1000069e:	0098      	lsls	r0, r3, #2
100006a0:	4e5e      	ldr	r6, [pc, #376]	; (1000081c <irq_add_shared_handler+0x1e8>)
100006a2:	1980      	adds	r0, r0, r6
100006a4:	3002      	adds	r0, #2
100006a6:	4961      	ldr	r1, [pc, #388]	; (1000082c <irq_add_shared_handler+0x1f8>)
100006a8:	f7ff ff10 	bl	100004cc <make_branch>
100006ac:	8060      	strh	r0, [r4, #2]
100006ae:	4b60      	ldr	r3, [pc, #384]	; (10000830 <irq_add_shared_handler+0x1fc>)
100006b0:	80a3      	strh	r3, [r4, #4]
100006b2:	23ff      	movs	r3, #255	; 0xff
100006b4:	71a3      	strb	r3, [r4, #6]
100006b6:	71e7      	strb	r7, [r4, #7]
100006b8:	9b03      	ldr	r3, [sp, #12]
100006ba:	60a3      	str	r3, [r4, #8]
100006bc:	4455      	add	r5, sl
100006be:	00ab      	lsls	r3, r5, #2
100006c0:	18f6      	adds	r6, r6, r3
100006c2:	cc0e      	ldmia	r4!, {r1, r2, r3}
100006c4:	c60e      	stmia	r6!, {r1, r2, r3}
100006c6:	2601      	movs	r6, #1
100006c8:	9b02      	ldr	r3, [sp, #8]
100006ca:	4333      	orrs	r3, r6
100006cc:	001e      	movs	r6, r3
100006ce:	465a      	mov	r2, fp
100006d0:	0031      	movs	r1, r6
100006d2:	9801      	ldr	r0, [sp, #4]
100006d4:	f7ff fee6 	bl	100004a4 <set_raw_irq_handler_and_unlock>
100006d8:	b009      	add	sp, #36	; 0x24
100006da:	bc3c      	pop	{r2, r3, r4, r5}
100006dc:	4690      	mov	r8, r2
100006de:	4699      	mov	r9, r3
100006e0:	46a2      	mov	sl, r4
100006e2:	46ab      	mov	fp, r5
100006e4:	bdf0      	pop	{r4, r5, r6, r7, pc}
100006e6:	4b53      	ldr	r3, [pc, #332]	; (10000834 <irq_add_shared_handler+0x200>)
100006e8:	4a53      	ldr	r2, [pc, #332]	; (10000838 <irq_add_shared_handler+0x204>)
100006ea:	21cd      	movs	r1, #205	; 0xcd
100006ec:	4853      	ldr	r0, [pc, #332]	; (1000083c <irq_add_shared_handler+0x208>)
100006ee:	f001 fa79 	bl	10001be4 <__assert_func>
100006f2:	4b53      	ldr	r3, [pc, #332]	; (10000840 <irq_add_shared_handler+0x20c>)
100006f4:	4a50      	ldr	r2, [pc, #320]	; (10000838 <irq_add_shared_handler+0x204>)
100006f6:	21d4      	movs	r1, #212	; 0xd4
100006f8:	4850      	ldr	r0, [pc, #320]	; (1000083c <irq_add_shared_handler+0x208>)
100006fa:	f001 fa73 	bl	10001be4 <__assert_func>
100006fe:	43c0      	mvns	r0, r0
10000700:	1830      	adds	r0, r6, r0
10000702:	210c      	movs	r1, #12
10000704:	f002 fe14 	bl	10003330 <__wrap___aeabi_uidiv>
10000708:	2900      	cmp	r1, #0
1000070a:	d112      	bne.n	10000732 <irq_add_shared_handler+0xfe>
1000070c:	2301      	movs	r3, #1
1000070e:	439c      	bics	r4, r3
10000710:	46a2      	mov	sl, r4
10000712:	0023      	movs	r3, r4
10000714:	2400      	movs	r4, #0
10000716:	79da      	ldrb	r2, [r3, #7]
10000718:	42ba      	cmp	r2, r7
1000071a:	d911      	bls.n	10000740 <irq_add_shared_handler+0x10c>
1000071c:	2106      	movs	r1, #6
1000071e:	5659      	ldrsb	r1, [r3, r1]
10000720:	2900      	cmp	r1, #0
10000722:	db0c      	blt.n	1000073e <irq_add_shared_handler+0x10a>
10000724:	004a      	lsls	r2, r1, #1
10000726:	1852      	adds	r2, r2, r1
10000728:	0091      	lsls	r1, r2, #2
1000072a:	001c      	movs	r4, r3
1000072c:	4b3b      	ldr	r3, [pc, #236]	; (1000081c <irq_add_shared_handler+0x1e8>)
1000072e:	185b      	adds	r3, r3, r1
10000730:	e7f1      	b.n	10000716 <irq_add_shared_handler+0xe2>
10000732:	4b44      	ldr	r3, [pc, #272]	; (10000844 <irq_add_shared_handler+0x210>)
10000734:	4a40      	ldr	r2, [pc, #256]	; (10000838 <irq_add_shared_handler+0x204>)
10000736:	21e0      	movs	r1, #224	; 0xe0
10000738:	4840      	ldr	r0, [pc, #256]	; (1000083c <irq_add_shared_handler+0x208>)
1000073a:	f001 fa53 	bl	10001be4 <__assert_func>
1000073e:	001c      	movs	r4, r3
10000740:	2c00      	cmp	r4, #0
10000742:	d03b      	beq.n	100007bc <irq_add_shared_handler+0x188>
10000744:	ab05      	add	r3, sp, #20
10000746:	4a40      	ldr	r2, [pc, #256]	; (10000848 <irq_add_shared_handler+0x214>)
10000748:	801a      	strh	r2, [r3, #0]
1000074a:	3a81      	subs	r2, #129	; 0x81
1000074c:	805a      	strh	r2, [r3, #2]
1000074e:	2306      	movs	r3, #6
10000750:	56e3      	ldrsb	r3, [r4, r3]
10000752:	4698      	mov	r8, r3
10000754:	2b00      	cmp	r3, #0
10000756:	da18      	bge.n	1000078a <irq_add_shared_handler+0x156>
10000758:	20bd      	movs	r0, #189	; 0xbd
1000075a:	0200      	lsls	r0, r0, #8
1000075c:	ab05      	add	r3, sp, #20
1000075e:	469a      	mov	sl, r3
10000760:	8098      	strh	r0, [r3, #4]
10000762:	4642      	mov	r2, r8
10000764:	719a      	strb	r2, [r3, #6]
10000766:	71df      	strb	r7, [r3, #7]
10000768:	9a03      	ldr	r2, [sp, #12]
1000076a:	9207      	str	r2, [sp, #28]
1000076c:	1d20      	adds	r0, r4, #4
1000076e:	9902      	ldr	r1, [sp, #8]
10000770:	f7ff feac 	bl	100004cc <make_branch>
10000774:	80a0      	strh	r0, [r4, #4]
10000776:	71a5      	strb	r5, [r4, #6]
10000778:	006b      	lsls	r3, r5, #1
1000077a:	195d      	adds	r5, r3, r5
1000077c:	00aa      	lsls	r2, r5, #2
1000077e:	4b27      	ldr	r3, [pc, #156]	; (1000081c <irq_add_shared_handler+0x1e8>)
10000780:	189b      	adds	r3, r3, r2
10000782:	4652      	mov	r2, sl
10000784:	ca13      	ldmia	r2!, {r0, r1, r4}
10000786:	c313      	stmia	r3!, {r0, r1, r4}
10000788:	e7a1      	b.n	100006ce <irq_add_shared_handler+0x9a>
1000078a:	006b      	lsls	r3, r5, #1
1000078c:	195b      	adds	r3, r3, r5
1000078e:	0098      	lsls	r0, r3, #2
10000790:	4b22      	ldr	r3, [pc, #136]	; (1000081c <irq_add_shared_handler+0x1e8>)
10000792:	18c0      	adds	r0, r0, r3
10000794:	3004      	adds	r0, #4
10000796:	1d22      	adds	r2, r4, #4
10000798:	88a3      	ldrh	r3, [r4, #4]
1000079a:	0ad9      	lsrs	r1, r3, #11
1000079c:	291c      	cmp	r1, #28
1000079e:	d107      	bne.n	100007b0 <irq_add_shared_handler+0x17c>
100007a0:	0559      	lsls	r1, r3, #21
100007a2:	1549      	asrs	r1, r1, #21
100007a4:	3102      	adds	r1, #2
100007a6:	0049      	lsls	r1, r1, #1
100007a8:	1851      	adds	r1, r2, r1
100007aa:	f7ff fe8f 	bl	100004cc <make_branch>
100007ae:	e7d5      	b.n	1000075c <irq_add_shared_handler+0x128>
100007b0:	4b26      	ldr	r3, [pc, #152]	; (1000084c <irq_add_shared_handler+0x218>)
100007b2:	4a27      	ldr	r2, [pc, #156]	; (10000850 <irq_add_shared_handler+0x21c>)
100007b4:	21a7      	movs	r1, #167	; 0xa7
100007b6:	4821      	ldr	r0, [pc, #132]	; (1000083c <irq_add_shared_handler+0x208>)
100007b8:	f001 fa14 	bl	10001be4 <__assert_func>
100007bc:	ac05      	add	r4, sp, #20
100007be:	4b1a      	ldr	r3, [pc, #104]	; (10000828 <irq_add_shared_handler+0x1f4>)
100007c0:	8023      	strh	r3, [r4, #0]
100007c2:	006b      	lsls	r3, r5, #1
100007c4:	195b      	adds	r3, r3, r5
100007c6:	0098      	lsls	r0, r3, #2
100007c8:	4e14      	ldr	r6, [pc, #80]	; (1000081c <irq_add_shared_handler+0x1e8>)
100007ca:	4680      	mov	r8, r0
100007cc:	44b0      	add	r8, r6
100007ce:	4643      	mov	r3, r8
100007d0:	1c98      	adds	r0, r3, #2
100007d2:	4916      	ldr	r1, [pc, #88]	; (1000082c <irq_add_shared_handler+0x1f8>)
100007d4:	f7ff fe7a 	bl	100004cc <make_branch>
100007d8:	8060      	strh	r0, [r4, #2]
100007da:	4643      	mov	r3, r8
100007dc:	1d18      	adds	r0, r3, #4
100007de:	4651      	mov	r1, sl
100007e0:	f7ff fe74 	bl	100004cc <make_branch>
100007e4:	80a0      	strh	r0, [r4, #4]
100007e6:	4b1b      	ldr	r3, [pc, #108]	; (10000854 <irq_add_shared_handler+0x220>)
100007e8:	4652      	mov	r2, sl
100007ea:	1b92      	subs	r2, r2, r6
100007ec:	4152      	adcs	r2, r2
100007ee:	4353      	muls	r3, r2
100007f0:	0d1b      	lsrs	r3, r3, #20
100007f2:	71a3      	strb	r3, [r4, #6]
100007f4:	71e7      	strb	r7, [r4, #7]
100007f6:	9b03      	ldr	r3, [sp, #12]
100007f8:	60a3      	str	r3, [r4, #8]
100007fa:	4646      	mov	r6, r8
100007fc:	cc0e      	ldmia	r4!, {r1, r2, r3}
100007fe:	c60e      	stmia	r6!, {r1, r2, r3}
10000800:	4b11      	ldr	r3, [pc, #68]	; (10000848 <irq_add_shared_handler+0x214>)
10000802:	4652      	mov	r2, sl
10000804:	8013      	strh	r3, [r2, #0]
10000806:	3b81      	subs	r3, #129	; 0x81
10000808:	8053      	strh	r3, [r2, #2]
1000080a:	2601      	movs	r6, #1
1000080c:	9b02      	ldr	r3, [sp, #8]
1000080e:	4333      	orrs	r3, r6
10000810:	001e      	movs	r6, r3
10000812:	e75c      	b.n	100006ce <irq_add_shared_handler+0x9a>
10000814:	d0000124 	.word	0xd0000124
10000818:	20000fde 	.word	0x20000fde
1000081c:	20000424 	.word	0x20000424
10000820:	e000ed00 	.word	0xe000ed00
10000824:	100001cd 	.word	0x100001cd
10000828:	ffffa100 	.word	0xffffa100
1000082c:	20000454 	.word	0x20000454
10000830:	ffffbd00 	.word	0xffffbd00
10000834:	1000716c 	.word	0x1000716c
10000838:	10007114 	.word	0x10007114
1000083c:	10007318 	.word	0x10007318
10000840:	10007194 	.word	0x10007194
10000844:	100071bc 	.word	0x100071bc
10000848:	00004801 	.word	0x00004801
1000084c:	10007230 	.word	0x10007230
10000850:	10007104 	.word	0x10007104
10000854:	0000aaaa 	.word	0x0000aaaa

10000858 <irq_remove_handler>:
10000858:	b5f0      	push	{r4, r5, r6, r7, lr}
1000085a:	46c6      	mov	lr, r8
1000085c:	b500      	push	{lr}
1000085e:	b084      	sub	sp, #16
10000860:	9001      	str	r0, [sp, #4]
10000862:	000d      	movs	r5, r1
10000864:	f3ef 8610 	mrs	r6, PRIMASK
10000868:	b672      	cpsid	i
1000086a:	4b55      	ldr	r3, [pc, #340]	; (100009c0 <irq_remove_handler+0x168>)
1000086c:	681b      	ldr	r3, [r3, #0]
1000086e:	2b00      	cmp	r3, #0
10000870:	d0fb      	beq.n	1000086a <irq_remove_handler+0x12>
10000872:	f3bf 8f5f 	dmb	sy
10000876:	4b53      	ldr	r3, [pc, #332]	; (100009c4 <irq_remove_handler+0x16c>)
10000878:	689a      	ldr	r2, [r3, #8]
1000087a:	9c01      	ldr	r4, [sp, #4]
1000087c:	3410      	adds	r4, #16
1000087e:	00a3      	lsls	r3, r4, #2
10000880:	58d7      	ldr	r7, [r2, r3]
10000882:	4b51      	ldr	r3, [pc, #324]	; (100009c8 <irq_remove_handler+0x170>)
10000884:	429f      	cmp	r7, r3
10000886:	d007      	beq.n	10000898 <irq_remove_handler+0x40>
10000888:	42af      	cmp	r7, r5
1000088a:	d100      	bne.n	1000088e <irq_remove_handler+0x36>
1000088c:	e096      	b.n	100009bc <irq_remove_handler+0x164>
1000088e:	9702      	str	r7, [sp, #8]
10000890:	4b4e      	ldr	r3, [pc, #312]	; (100009cc <irq_remove_handler+0x174>)
10000892:	1afb      	subs	r3, r7, r3
10000894:	2b2f      	cmp	r3, #47	; 0x2f
10000896:	d908      	bls.n	100008aa <irq_remove_handler+0x52>
10000898:	0032      	movs	r2, r6
1000089a:	0039      	movs	r1, r7
1000089c:	9801      	ldr	r0, [sp, #4]
1000089e:	f7ff fe01 	bl	100004a4 <set_raw_irq_handler_and_unlock>
100008a2:	b004      	add	sp, #16
100008a4:	bc04      	pop	{r2}
100008a6:	4690      	mov	r8, r2
100008a8:	bdf0      	pop	{r4, r5, r6, r7, pc}
100008aa:	9801      	ldr	r0, [sp, #4]
100008ac:	f7ff fe52 	bl	10000554 <irq_is_enabled>
100008b0:	9003      	str	r0, [sp, #12]
100008b2:	2100      	movs	r1, #0
100008b4:	9801      	ldr	r0, [sp, #4]
100008b6:	f7ff fe69 	bl	1000058c <irq_set_enabled>
100008ba:	f3bf 8f5f 	dmb	sy
100008be:	f7ff fcd2 	bl	10000266 <__get_current_exception>
100008c2:	1e01      	subs	r1, r0, #0
100008c4:	d001      	beq.n	100008ca <irq_remove_handler+0x72>
100008c6:	4284      	cmp	r4, r0
100008c8:	d111      	bne.n	100008ee <irq_remove_handler+0x96>
100008ca:	2301      	movs	r3, #1
100008cc:	9c02      	ldr	r4, [sp, #8]
100008ce:	439c      	bics	r4, r3
100008d0:	2000      	movs	r0, #0
100008d2:	68a3      	ldr	r3, [r4, #8]
100008d4:	42ab      	cmp	r3, r5
100008d6:	d012      	beq.n	100008fe <irq_remove_handler+0xa6>
100008d8:	2206      	movs	r2, #6
100008da:	56a2      	ldrsb	r2, [r4, r2]
100008dc:	2a00      	cmp	r2, #0
100008de:	db0d      	blt.n	100008fc <irq_remove_handler+0xa4>
100008e0:	0053      	lsls	r3, r2, #1
100008e2:	189b      	adds	r3, r3, r2
100008e4:	009a      	lsls	r2, r3, #2
100008e6:	0020      	movs	r0, r4
100008e8:	4c38      	ldr	r4, [pc, #224]	; (100009cc <irq_remove_handler+0x174>)
100008ea:	18a4      	adds	r4, r4, r2
100008ec:	e7f1      	b.n	100008d2 <irq_remove_handler+0x7a>
100008ee:	212c      	movs	r1, #44	; 0x2c
100008f0:	4b37      	ldr	r3, [pc, #220]	; (100009d0 <irq_remove_handler+0x178>)
100008f2:	4a38      	ldr	r2, [pc, #224]	; (100009d4 <irq_remove_handler+0x17c>)
100008f4:	31ff      	adds	r1, #255	; 0xff
100008f6:	4838      	ldr	r0, [pc, #224]	; (100009d8 <irq_remove_handler+0x180>)
100008f8:	f001 f974 	bl	10001be4 <__assert_func>
100008fc:	0020      	movs	r0, r4
100008fe:	42ab      	cmp	r3, r5
10000900:	d155      	bne.n	100009ae <irq_remove_handler+0x156>
10000902:	2306      	movs	r3, #6
10000904:	56e3      	ldrsb	r3, [r4, r3]
10000906:	4698      	mov	r8, r3
10000908:	2b00      	cmp	r3, #0
1000090a:	db36      	blt.n	1000097a <irq_remove_handler+0x122>
1000090c:	005a      	lsls	r2, r3, #1
1000090e:	4442      	add	r2, r8
10000910:	0091      	lsls	r1, r2, #2
10000912:	4b2e      	ldr	r3, [pc, #184]	; (100009cc <irq_remove_handler+0x174>)
10000914:	185b      	adds	r3, r3, r1
10000916:	689a      	ldr	r2, [r3, #8]
10000918:	60a2      	str	r2, [r4, #8]
1000091a:	79da      	ldrb	r2, [r3, #7]
1000091c:	71e2      	strb	r2, [r4, #7]
1000091e:	799b      	ldrb	r3, [r3, #6]
10000920:	b25b      	sxtb	r3, r3
10000922:	71a3      	strb	r3, [r4, #6]
10000924:	2b00      	cmp	r3, #0
10000926:	da12      	bge.n	1000094e <irq_remove_handler+0xf6>
10000928:	20bd      	movs	r0, #189	; 0xbd
1000092a:	0200      	lsls	r0, r0, #8
1000092c:	80a0      	strh	r0, [r4, #4]
1000092e:	4643      	mov	r3, r8
10000930:	005b      	lsls	r3, r3, #1
10000932:	4443      	add	r3, r8
10000934:	009a      	lsls	r2, r3, #2
10000936:	4b25      	ldr	r3, [pc, #148]	; (100009cc <irq_remove_handler+0x174>)
10000938:	189b      	adds	r3, r3, r2
1000093a:	4a28      	ldr	r2, [pc, #160]	; (100009dc <irq_remove_handler+0x184>)
1000093c:	7811      	ldrb	r1, [r2, #0]
1000093e:	7199      	strb	r1, [r3, #6]
10000940:	4643      	mov	r3, r8
10000942:	7013      	strb	r3, [r2, #0]
10000944:	9903      	ldr	r1, [sp, #12]
10000946:	9801      	ldr	r0, [sp, #4]
10000948:	f7ff fe20 	bl	1000058c <irq_set_enabled>
1000094c:	e7a4      	b.n	10000898 <irq_remove_handler+0x40>
1000094e:	1d20      	adds	r0, r4, #4
10000950:	4a1e      	ldr	r2, [pc, #120]	; (100009cc <irq_remove_handler+0x174>)
10000952:	188b      	adds	r3, r1, r2
10000954:	1d1a      	adds	r2, r3, #4
10000956:	889b      	ldrh	r3, [r3, #4]
10000958:	0ad9      	lsrs	r1, r3, #11
1000095a:	291c      	cmp	r1, #28
1000095c:	d107      	bne.n	1000096e <irq_remove_handler+0x116>
1000095e:	0559      	lsls	r1, r3, #21
10000960:	1549      	asrs	r1, r1, #21
10000962:	3102      	adds	r1, #2
10000964:	0049      	lsls	r1, r1, #1
10000966:	1851      	adds	r1, r2, r1
10000968:	f7ff fdb0 	bl	100004cc <make_branch>
1000096c:	e7de      	b.n	1000092c <irq_remove_handler+0xd4>
1000096e:	4b1c      	ldr	r3, [pc, #112]	; (100009e0 <irq_remove_handler+0x188>)
10000970:	4a1c      	ldr	r2, [pc, #112]	; (100009e4 <irq_remove_handler+0x18c>)
10000972:	21a7      	movs	r1, #167	; 0xa7
10000974:	4818      	ldr	r0, [pc, #96]	; (100009d8 <irq_remove_handler+0x180>)
10000976:	f001 f935 	bl	10001be4 <__assert_func>
1000097a:	2900      	cmp	r1, #0
1000097c:	d112      	bne.n	100009a4 <irq_remove_handler+0x14c>
1000097e:	2800      	cmp	r0, #0
10000980:	d00e      	beq.n	100009a0 <irq_remove_handler+0x148>
10000982:	23ff      	movs	r3, #255	; 0xff
10000984:	7183      	strb	r3, [r0, #6]
10000986:	4b18      	ldr	r3, [pc, #96]	; (100009e8 <irq_remove_handler+0x190>)
10000988:	8083      	strh	r3, [r0, #4]
1000098a:	4a14      	ldr	r2, [pc, #80]	; (100009dc <irq_remove_handler+0x184>)
1000098c:	7813      	ldrb	r3, [r2, #0]
1000098e:	71a3      	strb	r3, [r4, #6]
10000990:	4b16      	ldr	r3, [pc, #88]	; (100009ec <irq_remove_handler+0x194>)
10000992:	490e      	ldr	r1, [pc, #56]	; (100009cc <irq_remove_handler+0x174>)
10000994:	1a64      	subs	r4, r4, r1
10000996:	4164      	adcs	r4, r4
10000998:	4363      	muls	r3, r4
1000099a:	0d1b      	lsrs	r3, r3, #20
1000099c:	7013      	strb	r3, [r2, #0]
1000099e:	e7d1      	b.n	10000944 <irq_remove_handler+0xec>
100009a0:	4f09      	ldr	r7, [pc, #36]	; (100009c8 <irq_remove_handler+0x170>)
100009a2:	e7f2      	b.n	1000098a <irq_remove_handler+0x132>
100009a4:	1d20      	adds	r0, r4, #4
100009a6:	4912      	ldr	r1, [pc, #72]	; (100009f0 <irq_remove_handler+0x198>)
100009a8:	f7ff fdb4 	bl	10000514 <insert_branch_and_link>
100009ac:	e7ca      	b.n	10000944 <irq_remove_handler+0xec>
100009ae:	2160      	movs	r1, #96	; 0x60
100009b0:	4b10      	ldr	r3, [pc, #64]	; (100009f4 <irq_remove_handler+0x19c>)
100009b2:	4a08      	ldr	r2, [pc, #32]	; (100009d4 <irq_remove_handler+0x17c>)
100009b4:	31ff      	adds	r1, #255	; 0xff
100009b6:	4808      	ldr	r0, [pc, #32]	; (100009d8 <irq_remove_handler+0x180>)
100009b8:	f001 f914 	bl	10001be4 <__assert_func>
100009bc:	4f02      	ldr	r7, [pc, #8]	; (100009c8 <irq_remove_handler+0x170>)
100009be:	e76b      	b.n	10000898 <irq_remove_handler+0x40>
100009c0:	d0000124 	.word	0xd0000124
100009c4:	e000ed00 	.word	0xe000ed00
100009c8:	100001cd 	.word	0x100001cd
100009cc:	20000424 	.word	0x20000424
100009d0:	10007284 	.word	0x10007284
100009d4:	1000712c 	.word	0x1000712c
100009d8:	10007318 	.word	0x10007318
100009dc:	20000fde 	.word	0x20000fde
100009e0:	10007230 	.word	0x10007230
100009e4:	10007104 	.word	0x10007104
100009e8:	ffffbd00 	.word	0xffffbd00
100009ec:	0000aaaa 	.word	0x0000aaaa
100009f0:	2000045e 	.word	0x2000045e
100009f4:	100072a8 	.word	0x100072a8

100009f8 <irq_add_tail_to_free_list>:
100009f8:	b5f8      	push	{r3, r4, r5, r6, r7, lr}
100009fa:	0004      	movs	r4, r0
100009fc:	2601      	movs	r6, #1
100009fe:	4306      	orrs	r6, r0
10000a00:	4b2d      	ldr	r3, [pc, #180]	; (10000ab8 <irq_add_tail_to_free_list+0xc0>)
10000a02:	1af3      	subs	r3, r6, r3
10000a04:	2b2f      	cmp	r3, #47	; 0x2f
10000a06:	d828      	bhi.n	10000a5a <irq_add_tail_to_free_list+0x62>
10000a08:	f7ff fc2d 	bl	10000266 <__get_current_exception>
10000a0c:	2800      	cmp	r0, #0
10000a0e:	d02b      	beq.n	10000a68 <irq_add_tail_to_free_list+0x70>
10000a10:	f3ef 8710 	mrs	r7, PRIMASK
10000a14:	b672      	cpsid	i
10000a16:	4b29      	ldr	r3, [pc, #164]	; (10000abc <irq_add_tail_to_free_list+0xc4>)
10000a18:	681b      	ldr	r3, [r3, #0]
10000a1a:	2b00      	cmp	r3, #0
10000a1c:	d0fb      	beq.n	10000a16 <irq_add_tail_to_free_list+0x1e>
10000a1e:	f3bf 8f5f 	dmb	sy
10000a22:	4d27      	ldr	r5, [pc, #156]	; (10000ac0 <irq_add_tail_to_free_list+0xc8>)
10000a24:	0022      	movs	r2, r4
10000a26:	4924      	ldr	r1, [pc, #144]	; (10000ab8 <irq_add_tail_to_free_list+0xc0>)
10000a28:	1a52      	subs	r2, r2, r1
10000a2a:	4152      	adcs	r2, r2
10000a2c:	4355      	muls	r5, r2
10000a2e:	0d2d      	lsrs	r5, r5, #20
10000a30:	b26d      	sxtb	r5, r5
10000a32:	4b24      	ldr	r3, [pc, #144]	; (10000ac4 <irq_add_tail_to_free_list+0xcc>)
10000a34:	689b      	ldr	r3, [r3, #8]
10000a36:	0080      	lsls	r0, r0, #2
10000a38:	581b      	ldr	r3, [r3, r0]
10000a3a:	42b3      	cmp	r3, r6
10000a3c:	d01b      	beq.n	10000a76 <irq_add_tail_to_free_list+0x7e>
10000a3e:	2300      	movs	r3, #0
10000a40:	2b03      	cmp	r3, #3
10000a42:	d832      	bhi.n	10000aaa <irq_add_tail_to_free_list+0xb2>
10000a44:	005a      	lsls	r2, r3, #1
10000a46:	18d2      	adds	r2, r2, r3
10000a48:	0091      	lsls	r1, r2, #2
10000a4a:	4a1b      	ldr	r2, [pc, #108]	; (10000ab8 <irq_add_tail_to_free_list+0xc0>)
10000a4c:	1852      	adds	r2, r2, r1
10000a4e:	7992      	ldrb	r2, [r2, #6]
10000a50:	b252      	sxtb	r2, r2
10000a52:	42aa      	cmp	r2, r5
10000a54:	d01f      	beq.n	10000a96 <irq_add_tail_to_free_list+0x9e>
10000a56:	3301      	adds	r3, #1
10000a58:	e7f2      	b.n	10000a40 <irq_add_tail_to_free_list+0x48>
10000a5a:	21c2      	movs	r1, #194	; 0xc2
10000a5c:	4b1a      	ldr	r3, [pc, #104]	; (10000ac8 <irq_add_tail_to_free_list+0xd0>)
10000a5e:	4a1b      	ldr	r2, [pc, #108]	; (10000acc <irq_add_tail_to_free_list+0xd4>)
10000a60:	0049      	lsls	r1, r1, #1
10000a62:	481b      	ldr	r0, [pc, #108]	; (10000ad0 <irq_add_tail_to_free_list+0xd8>)
10000a64:	f001 f8be 	bl	10001be4 <__assert_func>
10000a68:	2188      	movs	r1, #136	; 0x88
10000a6a:	4b1a      	ldr	r3, [pc, #104]	; (10000ad4 <irq_add_tail_to_free_list+0xdc>)
10000a6c:	4a17      	ldr	r2, [pc, #92]	; (10000acc <irq_add_tail_to_free_list+0xd4>)
10000a6e:	31ff      	adds	r1, #255	; 0xff
10000a70:	4817      	ldr	r0, [pc, #92]	; (10000ad0 <irq_add_tail_to_free_list+0xd8>)
10000a72:	f001 f8b7 	bl	10001be4 <__assert_func>
10000a76:	4b13      	ldr	r3, [pc, #76]	; (10000ac4 <irq_add_tail_to_free_list+0xcc>)
10000a78:	689b      	ldr	r3, [r3, #8]
10000a7a:	4a17      	ldr	r2, [pc, #92]	; (10000ad8 <irq_add_tail_to_free_list+0xe0>)
10000a7c:	501a      	str	r2, [r3, r0]
10000a7e:	4b17      	ldr	r3, [pc, #92]	; (10000adc <irq_add_tail_to_free_list+0xe4>)
10000a80:	781a      	ldrb	r2, [r3, #0]
10000a82:	71a2      	strb	r2, [r4, #6]
10000a84:	701d      	strb	r5, [r3, #0]
10000a86:	f3bf 8f5f 	dmb	sy
10000a8a:	4b0c      	ldr	r3, [pc, #48]	; (10000abc <irq_add_tail_to_free_list+0xc4>)
10000a8c:	2200      	movs	r2, #0
10000a8e:	601a      	str	r2, [r3, #0]
10000a90:	f387 8810 	msr	PRIMASK, r7
10000a94:	bdf8      	pop	{r3, r4, r5, r6, r7, pc}
10000a96:	4908      	ldr	r1, [pc, #32]	; (10000ab8 <irq_add_tail_to_free_list+0xc0>)
10000a98:	005a      	lsls	r2, r3, #1
10000a9a:	18d6      	adds	r6, r2, r3
10000a9c:	00b0      	lsls	r0, r6, #2
10000a9e:	1808      	adds	r0, r1, r0
10000aa0:	26ff      	movs	r6, #255	; 0xff
10000aa2:	7186      	strb	r6, [r0, #6]
10000aa4:	4b0e      	ldr	r3, [pc, #56]	; (10000ae0 <irq_add_tail_to_free_list+0xe8>)
10000aa6:	8083      	strh	r3, [r0, #4]
10000aa8:	e7e9      	b.n	10000a7e <irq_add_tail_to_free_list+0x86>
10000aaa:	21cc      	movs	r1, #204	; 0xcc
10000aac:	4b0d      	ldr	r3, [pc, #52]	; (10000ae4 <irq_add_tail_to_free_list+0xec>)
10000aae:	4a07      	ldr	r2, [pc, #28]	; (10000acc <irq_add_tail_to_free_list+0xd4>)
10000ab0:	0049      	lsls	r1, r1, #1
10000ab2:	4807      	ldr	r0, [pc, #28]	; (10000ad0 <irq_add_tail_to_free_list+0xd8>)
10000ab4:	f001 f896 	bl	10001be4 <__assert_func>
10000ab8:	20000424 	.word	0x20000424
10000abc:	d0000124 	.word	0xd0000124
10000ac0:	0000aaaa 	.word	0x0000aaaa
10000ac4:	e000ed00 	.word	0xe000ed00
10000ac8:	10007248 	.word	0x10007248
10000acc:	10007140 	.word	0x10007140
10000ad0:	10007318 	.word	0x10007318
10000ad4:	10007270 	.word	0x10007270
10000ad8:	100001cd 	.word	0x100001cd
10000adc:	20000fde 	.word	0x20000fde
10000ae0:	ffffbd00 	.word	0xffffbd00
10000ae4:	1000727c 	.word	0x1000727c

10000ae8 <irq_init_priorities>:
10000ae8:	2200      	movs	r2, #0
10000aea:	4b04      	ldr	r3, [pc, #16]	; (10000afc <irq_init_priorities+0x14>)
10000aec:	e002      	b.n	10000af4 <irq_init_priorities+0xc>
10000aee:	4904      	ldr	r1, [pc, #16]	; (10000b00 <irq_init_priorities+0x18>)
10000af0:	c302      	stmia	r3!, {r1}
10000af2:	3201      	adds	r2, #1
10000af4:	2a07      	cmp	r2, #7
10000af6:	d9fa      	bls.n	10000aee <irq_init_priorities+0x6>
10000af8:	4770      	bx	lr
10000afa:	46c0      	nop			; (mov r8, r8)
10000afc:	e000e400 	.word	0xe000e400
10000b00:	80808080 	.word	0x80808080

10000b04 <user_irq_claim_unused>:
10000b04:	b500      	push	{lr}
10000b06:	b083      	sub	sp, #12
10000b08:	0001      	movs	r1, r0
10000b0a:	23d0      	movs	r3, #208	; 0xd0
10000b0c:	061b      	lsls	r3, r3, #24
10000b0e:	6818      	ldr	r0, [r3, #0]
10000b10:	4b06      	ldr	r3, [pc, #24]	; (10000b2c <user_irq_claim_unused+0x28>)
10000b12:	1818      	adds	r0, r3, r0
10000b14:	4b06      	ldr	r3, [pc, #24]	; (10000b30 <user_irq_claim_unused+0x2c>)
10000b16:	9300      	str	r3, [sp, #0]
10000b18:	2305      	movs	r3, #5
10000b1a:	2200      	movs	r2, #0
10000b1c:	f7ff fc61 	bl	100003e2 <hw_claim_unused_from_range>
10000b20:	2800      	cmp	r0, #0
10000b22:	db01      	blt.n	10000b28 <user_irq_claim_unused+0x24>
10000b24:	231f      	movs	r3, #31
10000b26:	1a18      	subs	r0, r3, r0
10000b28:	b003      	add	sp, #12
10000b2a:	bd00      	pop	{pc}
10000b2c:	20000fd8 	.word	0x20000fd8
10000b30:	10007358 	.word	0x10007358

10000b34 <lock_init>:
10000b34:	4b02      	ldr	r3, [pc, #8]	; (10000b40 <lock_init+0xc>)
10000b36:	469c      	mov	ip, r3
10000b38:	4461      	add	r1, ip
10000b3a:	0089      	lsls	r1, r1, #2
10000b3c:	6001      	str	r1, [r0, #0]
10000b3e:	4770      	bx	lr
10000b40:	34000040 	.word	0x34000040

10000b44 <sleep_until_callback>:
10000b44:	4b0a      	ldr	r3, [pc, #40]	; (10000b70 <sleep_until_callback+0x2c>)
10000b46:	681a      	ldr	r2, [r3, #0]
10000b48:	f3ef 8110 	mrs	r1, PRIMASK
10000b4c:	b672      	cpsid	i
10000b4e:	6813      	ldr	r3, [r2, #0]
10000b50:	2b00      	cmp	r3, #0
10000b52:	d0fc      	beq.n	10000b4e <sleep_until_callback+0xa>
10000b54:	f3bf 8f5f 	dmb	sy
10000b58:	4b05      	ldr	r3, [pc, #20]	; (10000b70 <sleep_until_callback+0x2c>)
10000b5a:	681b      	ldr	r3, [r3, #0]
10000b5c:	f3bf 8f5f 	dmb	sy
10000b60:	2200      	movs	r2, #0
10000b62:	601a      	str	r2, [r3, #0]
10000b64:	f381 8810 	msr	PRIMASK, r1
10000b68:	bf40      	sev
10000b6a:	2000      	movs	r0, #0
10000b6c:	2100      	movs	r1, #0
10000b6e:	4770      	bx	lr
10000b70:	20000fa8 	.word	0x20000fa8

10000b74 <alarm_pool_post_alloc_init>:
10000b74:	b570      	push	{r4, r5, r6, lr}
10000b76:	0005      	movs	r5, r0
10000b78:	000c      	movs	r4, r1
10000b7a:	0008      	movs	r0, r1
10000b7c:	f000 fcf6 	bl	1000156c <hardware_alarm_claim>
10000b80:	0020      	movs	r0, r4
10000b82:	f000 fdc7 	bl	10001714 <hardware_alarm_cancel>
10000b86:	4908      	ldr	r1, [pc, #32]	; (10000ba8 <alarm_pool_post_alloc_init+0x34>)
10000b88:	0020      	movs	r0, r4
10000b8a:	f000 fd07 	bl	1000159c <hardware_alarm_set_callback>
10000b8e:	f7ff fc6b 	bl	10000468 <next_striped_spin_lock_num>
10000b92:	4b06      	ldr	r3, [pc, #24]	; (10000bac <alarm_pool_post_alloc_init+0x38>)
10000b94:	469c      	mov	ip, r3
10000b96:	4460      	add	r0, ip
10000b98:	0080      	lsls	r0, r0, #2
10000b9a:	6068      	str	r0, [r5, #4]
10000b9c:	752c      	strb	r4, [r5, #20]
10000b9e:	00a4      	lsls	r4, r4, #2
10000ba0:	4b03      	ldr	r3, [pc, #12]	; (10000bb0 <alarm_pool_post_alloc_init+0x3c>)
10000ba2:	50e5      	str	r5, [r4, r3]
10000ba4:	bd70      	pop	{r4, r5, r6, pc}
10000ba6:	46c0      	nop			; (mov r8, r8)
10000ba8:	10000e95 	.word	0x10000e95
10000bac:	34000040 	.word	0x34000040
10000bb0:	20000f8c 	.word	0x20000f8c

10000bb4 <timer_pool_entry_comparator>:
10000bb4:	b510      	push	{r4, lr}
10000bb6:	2900      	cmp	r1, #0
10000bb8:	d022      	beq.n	10000c00 <timer_pool_entry_comparator+0x4c>
10000bba:	6803      	ldr	r3, [r0, #0]
10000bbc:	7b1b      	ldrb	r3, [r3, #12]
10000bbe:	4299      	cmp	r1, r3
10000bc0:	d81e      	bhi.n	10000c00 <timer_pool_entry_comparator+0x4c>
10000bc2:	4b17      	ldr	r3, [pc, #92]	; (10000c20 <timer_pool_entry_comparator+0x6c>)
10000bc4:	469c      	mov	ip, r3
10000bc6:	4461      	add	r1, ip
10000bc8:	0109      	lsls	r1, r1, #4
10000bca:	6883      	ldr	r3, [r0, #8]
10000bcc:	469c      	mov	ip, r3
10000bce:	4461      	add	r1, ip
10000bd0:	680c      	ldr	r4, [r1, #0]
10000bd2:	6849      	ldr	r1, [r1, #4]
10000bd4:	2a00      	cmp	r2, #0
10000bd6:	d019      	beq.n	10000c0c <timer_pool_entry_comparator+0x58>
10000bd8:	6803      	ldr	r3, [r0, #0]
10000bda:	7b1b      	ldrb	r3, [r3, #12]
10000bdc:	429a      	cmp	r2, r3
10000bde:	d815      	bhi.n	10000c0c <timer_pool_entry_comparator+0x58>
10000be0:	6883      	ldr	r3, [r0, #8]
10000be2:	480f      	ldr	r0, [pc, #60]	; (10000c20 <timer_pool_entry_comparator+0x6c>)
10000be4:	4684      	mov	ip, r0
10000be6:	4462      	add	r2, ip
10000be8:	0112      	lsls	r2, r2, #4
10000bea:	189a      	adds	r2, r3, r2
10000bec:	6810      	ldr	r0, [r2, #0]
10000bee:	6853      	ldr	r3, [r2, #4]
10000bf0:	0002      	movs	r2, r0
10000bf2:	2001      	movs	r0, #1
10000bf4:	428b      	cmp	r3, r1
10000bf6:	d801      	bhi.n	10000bfc <timer_pool_entry_comparator+0x48>
10000bf8:	d00e      	beq.n	10000c18 <timer_pool_entry_comparator+0x64>
10000bfa:	2000      	movs	r0, #0
10000bfc:	b2c0      	uxtb	r0, r0
10000bfe:	bd10      	pop	{r4, pc}
10000c00:	4b08      	ldr	r3, [pc, #32]	; (10000c24 <timer_pool_entry_comparator+0x70>)
10000c02:	4a09      	ldr	r2, [pc, #36]	; (10000c28 <timer_pool_entry_comparator+0x74>)
10000c04:	213b      	movs	r1, #59	; 0x3b
10000c06:	4809      	ldr	r0, [pc, #36]	; (10000c2c <timer_pool_entry_comparator+0x78>)
10000c08:	f000 ffec 	bl	10001be4 <__assert_func>
10000c0c:	4b05      	ldr	r3, [pc, #20]	; (10000c24 <timer_pool_entry_comparator+0x70>)
10000c0e:	4a06      	ldr	r2, [pc, #24]	; (10000c28 <timer_pool_entry_comparator+0x74>)
10000c10:	213b      	movs	r1, #59	; 0x3b
10000c12:	4806      	ldr	r0, [pc, #24]	; (10000c2c <timer_pool_entry_comparator+0x78>)
10000c14:	f000 ffe6 	bl	10001be4 <__assert_func>
10000c18:	42a2      	cmp	r2, r4
10000c1a:	d8ef      	bhi.n	10000bfc <timer_pool_entry_comparator+0x48>
10000c1c:	e7ed      	b.n	10000bfa <timer_pool_entry_comparator+0x46>
10000c1e:	46c0      	nop			; (mov r8, r8)
10000c20:	0fffffff 	.word	0x0fffffff
10000c24:	10007588 	.word	0x10007588
10000c28:	100073cc 	.word	0x100073cc
10000c2c:	1000768c 	.word	0x1000768c

10000c30 <ph_add_child_node>:
10000c30:	b510      	push	{r4, lr}
10000c32:	2900      	cmp	r1, #0
10000c34:	d01e      	beq.n	10000c74 <ph_add_child_node+0x44>
10000c36:	7b03      	ldrb	r3, [r0, #12]
10000c38:	4299      	cmp	r1, r3
10000c3a:	d81b      	bhi.n	10000c74 <ph_add_child_node+0x44>
10000c3c:	004b      	lsls	r3, r1, #1
10000c3e:	185b      	adds	r3, r3, r1
10000c40:	3b03      	subs	r3, #3
10000c42:	6804      	ldr	r4, [r0, #0]
10000c44:	46a4      	mov	ip, r4
10000c46:	4463      	add	r3, ip
10000c48:	2900      	cmp	r1, #0
10000c4a:	d019      	beq.n	10000c80 <ph_add_child_node+0x50>
10000c4c:	2a00      	cmp	r2, #0
10000c4e:	d01d      	beq.n	10000c8c <ph_add_child_node+0x5c>
10000c50:	4291      	cmp	r1, r2
10000c52:	d021      	beq.n	10000c98 <ph_add_child_node+0x68>
10000c54:	2a00      	cmp	r2, #0
10000c56:	d025      	beq.n	10000ca4 <ph_add_child_node+0x74>
10000c58:	7b04      	ldrb	r4, [r0, #12]
10000c5a:	42a2      	cmp	r2, r4
10000c5c:	d822      	bhi.n	10000ca4 <ph_add_child_node+0x74>
10000c5e:	6804      	ldr	r4, [r0, #0]
10000c60:	0050      	lsls	r0, r2, #1
10000c62:	1880      	adds	r0, r0, r2
10000c64:	3803      	subs	r0, #3
10000c66:	1820      	adds	r0, r4, r0
10000c68:	7081      	strb	r1, [r0, #2]
10000c6a:	7819      	ldrb	r1, [r3, #0]
10000c6c:	2900      	cmp	r1, #0
10000c6e:	d11f      	bne.n	10000cb0 <ph_add_child_node+0x80>
10000c70:	701a      	strb	r2, [r3, #0]
10000c72:	bd10      	pop	{r4, pc}
10000c74:	4b10      	ldr	r3, [pc, #64]	; (10000cb8 <ph_add_child_node+0x88>)
10000c76:	4a11      	ldr	r2, [pc, #68]	; (10000cbc <ph_add_child_node+0x8c>)
10000c78:	2168      	movs	r1, #104	; 0x68
10000c7a:	4811      	ldr	r0, [pc, #68]	; (10000cc0 <ph_add_child_node+0x90>)
10000c7c:	f000 ffb2 	bl	10001be4 <__assert_func>
10000c80:	4b10      	ldr	r3, [pc, #64]	; (10000cc4 <ph_add_child_node+0x94>)
10000c82:	4a11      	ldr	r2, [pc, #68]	; (10000cc8 <ph_add_child_node+0x98>)
10000c84:	316f      	adds	r1, #111	; 0x6f
10000c86:	480e      	ldr	r0, [pc, #56]	; (10000cc0 <ph_add_child_node+0x90>)
10000c88:	f000 ffac 	bl	10001be4 <__assert_func>
10000c8c:	4b0f      	ldr	r3, [pc, #60]	; (10000ccc <ph_add_child_node+0x9c>)
10000c8e:	4a0e      	ldr	r2, [pc, #56]	; (10000cc8 <ph_add_child_node+0x98>)
10000c90:	2170      	movs	r1, #112	; 0x70
10000c92:	480b      	ldr	r0, [pc, #44]	; (10000cc0 <ph_add_child_node+0x90>)
10000c94:	f000 ffa6 	bl	10001be4 <__assert_func>
10000c98:	4b0d      	ldr	r3, [pc, #52]	; (10000cd0 <ph_add_child_node+0xa0>)
10000c9a:	4a0b      	ldr	r2, [pc, #44]	; (10000cc8 <ph_add_child_node+0x98>)
10000c9c:	2171      	movs	r1, #113	; 0x71
10000c9e:	4808      	ldr	r0, [pc, #32]	; (10000cc0 <ph_add_child_node+0x90>)
10000ca0:	f000 ffa0 	bl	10001be4 <__assert_func>
10000ca4:	4b04      	ldr	r3, [pc, #16]	; (10000cb8 <ph_add_child_node+0x88>)
10000ca6:	4a05      	ldr	r2, [pc, #20]	; (10000cbc <ph_add_child_node+0x8c>)
10000ca8:	2168      	movs	r1, #104	; 0x68
10000caa:	4805      	ldr	r0, [pc, #20]	; (10000cc0 <ph_add_child_node+0x90>)
10000cac:	f000 ff9a 	bl	10001be4 <__assert_func>
10000cb0:	7041      	strb	r1, [r0, #1]
10000cb2:	701a      	strb	r2, [r3, #0]
10000cb4:	e7dd      	b.n	10000c72 <ph_add_child_node+0x42>
10000cb6:	46c0      	nop			; (mov r8, r8)
10000cb8:	100075e0 	.word	0x100075e0
10000cbc:	1000738c 	.word	0x1000738c
10000cc0:	100075fc 	.word	0x100075fc
10000cc4:	10007648 	.word	0x10007648
10000cc8:	10007398 	.word	0x10007398
10000ccc:	10007654 	.word	0x10007654
10000cd0:	10007660 	.word	0x10007660

10000cd4 <ph_merge_nodes>:
10000cd4:	b570      	push	{r4, r5, r6, lr}
10000cd6:	0006      	movs	r6, r0
10000cd8:	000d      	movs	r5, r1
10000cda:	0014      	movs	r4, r2
10000cdc:	2900      	cmp	r1, #0
10000cde:	d014      	beq.n	10000d0a <ph_merge_nodes+0x36>
10000ce0:	2a00      	cmp	r2, #0
10000ce2:	d014      	beq.n	10000d0e <ph_merge_nodes+0x3a>
10000ce4:	6880      	ldr	r0, [r0, #8]
10000ce6:	6873      	ldr	r3, [r6, #4]
10000ce8:	4798      	blx	r3
10000cea:	2800      	cmp	r0, #0
10000cec:	d006      	beq.n	10000cfc <ph_merge_nodes+0x28>
10000cee:	0022      	movs	r2, r4
10000cf0:	0029      	movs	r1, r5
10000cf2:	0030      	movs	r0, r6
10000cf4:	f7ff ff9c 	bl	10000c30 <ph_add_child_node>
10000cf8:	0028      	movs	r0, r5
10000cfa:	e007      	b.n	10000d0c <ph_merge_nodes+0x38>
10000cfc:	002a      	movs	r2, r5
10000cfe:	0021      	movs	r1, r4
10000d00:	0030      	movs	r0, r6
10000d02:	f7ff ff95 	bl	10000c30 <ph_add_child_node>
10000d06:	0020      	movs	r0, r4
10000d08:	e000      	b.n	10000d0c <ph_merge_nodes+0x38>
10000d0a:	0010      	movs	r0, r2
10000d0c:	bd70      	pop	{r4, r5, r6, pc}
10000d0e:	0008      	movs	r0, r1
10000d10:	e7fc      	b.n	10000d0c <ph_merge_nodes+0x38>
	...

10000d14 <add_alarm_under_lock>:
10000d14:	b570      	push	{r4, r5, r6, lr}
10000d16:	46ce      	mov	lr, r9
10000d18:	b500      	push	{lr}
10000d1a:	b083      	sub	sp, #12
10000d1c:	0005      	movs	r5, r0
10000d1e:	9200      	str	r2, [sp, #0]
10000d20:	9301      	str	r3, [sp, #4]
10000d22:	ab0a      	add	r3, sp, #40	; 0x28
10000d24:	781c      	ldrb	r4, [r3, #0]
10000d26:	ab0b      	add	r3, sp, #44	; 0x2c
10000d28:	781b      	ldrb	r3, [r3, #0]
10000d2a:	4699      	mov	r9, r3
10000d2c:	2c00      	cmp	r4, #0
10000d2e:	d028      	beq.n	10000d82 <add_alarm_under_lock+0x6e>
10000d30:	6803      	ldr	r3, [r0, #0]
10000d32:	7b5a      	ldrb	r2, [r3, #13]
10000d34:	4294      	cmp	r4, r2
10000d36:	d109      	bne.n	10000d4c <add_alarm_under_lock+0x38>
10000d38:	2301      	movs	r3, #1
10000d3a:	2b00      	cmp	r3, #0
10000d3c:	d11b      	bne.n	10000d76 <add_alarm_under_lock+0x62>
10000d3e:	2c00      	cmp	r4, #0
10000d40:	d13d      	bne.n	10000dbe <add_alarm_under_lock+0xaa>
10000d42:	0020      	movs	r0, r4
10000d44:	b003      	add	sp, #12
10000d46:	bc04      	pop	{r2}
10000d48:	4691      	mov	r9, r2
10000d4a:	bd70      	pop	{r4, r5, r6, pc}
10000d4c:	2c00      	cmp	r4, #0
10000d4e:	d00c      	beq.n	10000d6a <add_alarm_under_lock+0x56>
10000d50:	7b1a      	ldrb	r2, [r3, #12]
10000d52:	4294      	cmp	r4, r2
10000d54:	d809      	bhi.n	10000d6a <add_alarm_under_lock+0x56>
10000d56:	681a      	ldr	r2, [r3, #0]
10000d58:	0063      	lsls	r3, r4, #1
10000d5a:	191b      	adds	r3, r3, r4
10000d5c:	3b03      	subs	r3, #3
10000d5e:	18d3      	adds	r3, r2, r3
10000d60:	789b      	ldrb	r3, [r3, #2]
10000d62:	2b00      	cmp	r3, #0
10000d64:	d0e9      	beq.n	10000d3a <add_alarm_under_lock+0x26>
10000d66:	2301      	movs	r3, #1
10000d68:	e7e7      	b.n	10000d3a <add_alarm_under_lock+0x26>
10000d6a:	4b3f      	ldr	r3, [pc, #252]	; (10000e68 <add_alarm_under_lock+0x154>)
10000d6c:	4a3f      	ldr	r2, [pc, #252]	; (10000e6c <add_alarm_under_lock+0x158>)
10000d6e:	2168      	movs	r1, #104	; 0x68
10000d70:	483f      	ldr	r0, [pc, #252]	; (10000e70 <add_alarm_under_lock+0x15c>)
10000d72:	f000 ff37 	bl	10001be4 <__assert_func>
10000d76:	4b3f      	ldr	r3, [pc, #252]	; (10000e74 <add_alarm_under_lock+0x160>)
10000d78:	4a3f      	ldr	r2, [pc, #252]	; (10000e78 <add_alarm_under_lock+0x164>)
10000d7a:	2165      	movs	r1, #101	; 0x65
10000d7c:	483f      	ldr	r0, [pc, #252]	; (10000e7c <add_alarm_under_lock+0x168>)
10000d7e:	f000 ff31 	bl	10001be4 <__assert_func>
10000d82:	6803      	ldr	r3, [r0, #0]
10000d84:	7b9c      	ldrb	r4, [r3, #14]
10000d86:	2c00      	cmp	r4, #0
10000d88:	d0d9      	beq.n	10000d3e <add_alarm_under_lock+0x2a>
10000d8a:	d012      	beq.n	10000db2 <add_alarm_under_lock+0x9e>
10000d8c:	7b1a      	ldrb	r2, [r3, #12]
10000d8e:	4294      	cmp	r4, r2
10000d90:	d80f      	bhi.n	10000db2 <add_alarm_under_lock+0x9e>
10000d92:	0062      	lsls	r2, r4, #1
10000d94:	1912      	adds	r2, r2, r4
10000d96:	3a03      	subs	r2, #3
10000d98:	6819      	ldr	r1, [r3, #0]
10000d9a:	468c      	mov	ip, r1
10000d9c:	4462      	add	r2, ip
10000d9e:	7851      	ldrb	r1, [r2, #1]
10000da0:	7399      	strb	r1, [r3, #14]
10000da2:	2900      	cmp	r1, #0
10000da4:	d100      	bne.n	10000da8 <add_alarm_under_lock+0x94>
10000da6:	73d9      	strb	r1, [r3, #15]
10000da8:	2300      	movs	r3, #0
10000daa:	7093      	strb	r3, [r2, #2]
10000dac:	7053      	strb	r3, [r2, #1]
10000dae:	7013      	strb	r3, [r2, #0]
10000db0:	e7c5      	b.n	10000d3e <add_alarm_under_lock+0x2a>
10000db2:	4b2d      	ldr	r3, [pc, #180]	; (10000e68 <add_alarm_under_lock+0x154>)
10000db4:	4a2d      	ldr	r2, [pc, #180]	; (10000e6c <add_alarm_under_lock+0x158>)
10000db6:	2168      	movs	r1, #104	; 0x68
10000db8:	482d      	ldr	r0, [pc, #180]	; (10000e70 <add_alarm_under_lock+0x15c>)
10000dba:	f000 ff13 	bl	10001be4 <__assert_func>
10000dbe:	2c00      	cmp	r4, #0
10000dc0:	d03b      	beq.n	10000e3a <add_alarm_under_lock+0x126>
10000dc2:	682b      	ldr	r3, [r5, #0]
10000dc4:	7b1b      	ldrb	r3, [r3, #12]
10000dc6:	429c      	cmp	r4, r3
10000dc8:	d837      	bhi.n	10000e3a <add_alarm_under_lock+0x126>
10000dca:	4b2d      	ldr	r3, [pc, #180]	; (10000e80 <add_alarm_under_lock+0x16c>)
10000dcc:	18e3      	adds	r3, r4, r3
10000dce:	011b      	lsls	r3, r3, #4
10000dd0:	68aa      	ldr	r2, [r5, #8]
10000dd2:	4694      	mov	ip, r2
10000dd4:	4463      	add	r3, ip
10000dd6:	9900      	ldr	r1, [sp, #0]
10000dd8:	9a01      	ldr	r2, [sp, #4]
10000dda:	6019      	str	r1, [r3, #0]
10000ddc:	605a      	str	r2, [r3, #4]
10000dde:	9a08      	ldr	r2, [sp, #32]
10000de0:	609a      	str	r2, [r3, #8]
10000de2:	9a09      	ldr	r2, [sp, #36]	; 0x24
10000de4:	60da      	str	r2, [r3, #12]
10000de6:	682e      	ldr	r6, [r5, #0]
10000de8:	2c00      	cmp	r4, #0
10000dea:	d02c      	beq.n	10000e46 <add_alarm_under_lock+0x132>
10000dec:	d031      	beq.n	10000e52 <add_alarm_under_lock+0x13e>
10000dee:	7b33      	ldrb	r3, [r6, #12]
10000df0:	429c      	cmp	r4, r3
10000df2:	d82e      	bhi.n	10000e52 <add_alarm_under_lock+0x13e>
10000df4:	0063      	lsls	r3, r4, #1
10000df6:	191b      	adds	r3, r3, r4
10000df8:	3b03      	subs	r3, #3
10000dfa:	6832      	ldr	r2, [r6, #0]
10000dfc:	4694      	mov	ip, r2
10000dfe:	4463      	add	r3, ip
10000e00:	2200      	movs	r2, #0
10000e02:	709a      	strb	r2, [r3, #2]
10000e04:	705a      	strb	r2, [r3, #1]
10000e06:	701a      	strb	r2, [r3, #0]
10000e08:	7b71      	ldrb	r1, [r6, #13]
10000e0a:	0022      	movs	r2, r4
10000e0c:	0030      	movs	r0, r6
10000e0e:	f7ff ff61 	bl	10000cd4 <ph_merge_nodes>
10000e12:	7370      	strb	r0, [r6, #13]
10000e14:	4284      	cmp	r4, r0
10000e16:	d000      	beq.n	10000e1a <add_alarm_under_lock+0x106>
10000e18:	e793      	b.n	10000d42 <add_alarm_under_lock+0x2e>
10000e1a:	7d28      	ldrb	r0, [r5, #20]
10000e1c:	9a00      	ldr	r2, [sp, #0]
10000e1e:	9b01      	ldr	r3, [sp, #4]
10000e20:	f000 fc04 	bl	1000162c <hardware_alarm_set_target>
10000e24:	1e06      	subs	r6, r0, #0
10000e26:	d002      	beq.n	10000e2e <add_alarm_under_lock+0x11a>
10000e28:	464b      	mov	r3, r9
10000e2a:	2b00      	cmp	r3, #0
10000e2c:	d017      	beq.n	10000e5e <add_alarm_under_lock+0x14a>
10000e2e:	9b0c      	ldr	r3, [sp, #48]	; 0x30
10000e30:	2b00      	cmp	r3, #0
10000e32:	d100      	bne.n	10000e36 <add_alarm_under_lock+0x122>
10000e34:	e785      	b.n	10000d42 <add_alarm_under_lock+0x2e>
10000e36:	701e      	strb	r6, [r3, #0]
10000e38:	e783      	b.n	10000d42 <add_alarm_under_lock+0x2e>
10000e3a:	4b12      	ldr	r3, [pc, #72]	; (10000e84 <add_alarm_under_lock+0x170>)
10000e3c:	4a12      	ldr	r2, [pc, #72]	; (10000e88 <add_alarm_under_lock+0x174>)
10000e3e:	213b      	movs	r1, #59	; 0x3b
10000e40:	480e      	ldr	r0, [pc, #56]	; (10000e7c <add_alarm_under_lock+0x168>)
10000e42:	f000 fecf 	bl	10001be4 <__assert_func>
10000e46:	4b11      	ldr	r3, [pc, #68]	; (10000e8c <add_alarm_under_lock+0x178>)
10000e48:	4a11      	ldr	r2, [pc, #68]	; (10000e90 <add_alarm_under_lock+0x17c>)
10000e4a:	21a5      	movs	r1, #165	; 0xa5
10000e4c:	4808      	ldr	r0, [pc, #32]	; (10000e70 <add_alarm_under_lock+0x15c>)
10000e4e:	f000 fec9 	bl	10001be4 <__assert_func>
10000e52:	4b05      	ldr	r3, [pc, #20]	; (10000e68 <add_alarm_under_lock+0x154>)
10000e54:	4a05      	ldr	r2, [pc, #20]	; (10000e6c <add_alarm_under_lock+0x158>)
10000e56:	2168      	movs	r1, #104	; 0x68
10000e58:	4805      	ldr	r0, [pc, #20]	; (10000e70 <add_alarm_under_lock+0x15c>)
10000e5a:	f000 fec3 	bl	10001be4 <__assert_func>
10000e5e:	6828      	ldr	r0, [r5, #0]
10000e60:	0021      	movs	r1, r4
10000e62:	f000 fe0d 	bl	10001a80 <ph_remove_and_free_node>
10000e66:	e7e2      	b.n	10000e2e <add_alarm_under_lock+0x11a>
10000e68:	100075e0 	.word	0x100075e0
10000e6c:	1000738c 	.word	0x1000738c
10000e70:	100075fc 	.word	0x100075fc
10000e74:	10007450 	.word	0x10007450
10000e78:	10007404 	.word	0x10007404
10000e7c:	1000768c 	.word	0x1000768c
10000e80:	0fffffff 	.word	0x0fffffff
10000e84:	10007588 	.word	0x10007588
10000e88:	100073cc 	.word	0x100073cc
10000e8c:	10007688 	.word	0x10007688
10000e90:	100073ac 	.word	0x100073ac

10000e94 <alarm_pool_alarm_callback>:
10000e94:	b5f0      	push	{r4, r5, r6, r7, lr}
10000e96:	46de      	mov	lr, fp
10000e98:	4657      	mov	r7, sl
10000e9a:	464e      	mov	r6, r9
10000e9c:	4645      	mov	r5, r8
10000e9e:	b5e0      	push	{r5, r6, r7, lr}
10000ea0:	b08b      	sub	sp, #44	; 0x2c
10000ea2:	9009      	str	r0, [sp, #36]	; 0x24
10000ea4:	2300      	movs	r3, #0
10000ea6:	9308      	str	r3, [sp, #32]
10000ea8:	0082      	lsls	r2, r0, #2
10000eaa:	4bb2      	ldr	r3, [pc, #712]	; (10001174 <alarm_pool_alarm_callback+0x2e0>)
10000eac:	58d7      	ldr	r7, [r2, r3]
10000eae:	003d      	movs	r5, r7
10000eb0:	e052      	b.n	10000f58 <alarm_pool_alarm_callback+0xc4>
10000eb2:	4bb1      	ldr	r3, [pc, #708]	; (10001178 <alarm_pool_alarm_callback+0x2e4>)
10000eb4:	4ab1      	ldr	r2, [pc, #708]	; (1000117c <alarm_pool_alarm_callback+0x2e8>)
10000eb6:	213f      	movs	r1, #63	; 0x3f
10000eb8:	48b1      	ldr	r0, [pc, #708]	; (10001180 <alarm_pool_alarm_callback+0x2ec>)
10000eba:	f000 fe93 	bl	10001be4 <__assert_func>
10000ebe:	4bb1      	ldr	r3, [pc, #708]	; (10001184 <alarm_pool_alarm_callback+0x2f0>)
10000ec0:	4ab1      	ldr	r2, [pc, #708]	; (10001188 <alarm_pool_alarm_callback+0x2f4>)
10000ec2:	213b      	movs	r1, #59	; 0x3b
10000ec4:	48b1      	ldr	r0, [pc, #708]	; (1000118c <alarm_pool_alarm_callback+0x2f8>)
10000ec6:	f000 fe8d 	bl	10001be4 <__assert_func>
10000eca:	2b00      	cmp	r3, #0
10000ecc:	d101      	bne.n	10000ed2 <alarm_pool_alarm_callback+0x3e>
10000ece:	2a00      	cmp	r2, #0
10000ed0:	d168      	bne.n	10000fa4 <alarm_pool_alarm_callback+0x110>
10000ed2:	2100      	movs	r1, #0
10000ed4:	4660      	mov	r0, ip
10000ed6:	f000 fdc9 	bl	10001a6c <ph_remove_head>
10000eda:	42a0      	cmp	r0, r4
10000edc:	d119      	bne.n	10000f12 <alarm_pool_alarm_callback+0x7e>
10000ede:	6832      	ldr	r2, [r6, #0]
10000ee0:	6873      	ldr	r3, [r6, #4]
10000ee2:	9206      	str	r2, [sp, #24]
10000ee4:	9307      	str	r3, [sp, #28]
10000ee6:	68b3      	ldr	r3, [r6, #8]
10000ee8:	4698      	mov	r8, r3
10000eea:	68f3      	ldr	r3, [r6, #12]
10000eec:	469a      	mov	sl, r3
10000eee:	4643      	mov	r3, r8
10000ef0:	2b00      	cmp	r3, #0
10000ef2:	d014      	beq.n	10000f1e <alarm_pool_alarm_callback+0x8a>
10000ef4:	2c00      	cmp	r4, #0
10000ef6:	d018      	beq.n	10000f2a <alarm_pool_alarm_callback+0x96>
10000ef8:	682b      	ldr	r3, [r5, #0]
10000efa:	7b1b      	ldrb	r3, [r3, #12]
10000efc:	429c      	cmp	r4, r3
10000efe:	d814      	bhi.n	10000f2a <alarm_pool_alarm_callback+0x96>
10000f00:	1e63      	subs	r3, r4, #1
10000f02:	68ea      	ldr	r2, [r5, #12]
10000f04:	5cd3      	ldrb	r3, [r2, r3]
10000f06:	9308      	str	r3, [sp, #32]
10000f08:	021b      	lsls	r3, r3, #8
10000f0a:	4318      	orrs	r0, r3
10000f0c:	6128      	str	r0, [r5, #16]
10000f0e:	2000      	movs	r0, #0
10000f10:	e015      	b.n	10000f3e <alarm_pool_alarm_callback+0xaa>
10000f12:	4b9f      	ldr	r3, [pc, #636]	; (10001190 <alarm_pool_alarm_callback+0x2fc>)
10000f14:	4a9f      	ldr	r2, [pc, #636]	; (10001194 <alarm_pool_alarm_callback+0x300>)
10000f16:	218c      	movs	r1, #140	; 0x8c
10000f18:	489c      	ldr	r0, [pc, #624]	; (1000118c <alarm_pool_alarm_callback+0x2f8>)
10000f1a:	f000 fe63 	bl	10001be4 <__assert_func>
10000f1e:	4b9e      	ldr	r3, [pc, #632]	; (10001198 <alarm_pool_alarm_callback+0x304>)
10000f20:	4a9c      	ldr	r2, [pc, #624]	; (10001194 <alarm_pool_alarm_callback+0x300>)
10000f22:	2190      	movs	r1, #144	; 0x90
10000f24:	4899      	ldr	r0, [pc, #612]	; (1000118c <alarm_pool_alarm_callback+0x2f8>)
10000f26:	f000 fe5d 	bl	10001be4 <__assert_func>
10000f2a:	4b96      	ldr	r3, [pc, #600]	; (10001184 <alarm_pool_alarm_callback+0x2f0>)
10000f2c:	4a9b      	ldr	r2, [pc, #620]	; (1000119c <alarm_pool_alarm_callback+0x308>)
10000f2e:	2140      	movs	r1, #64	; 0x40
10000f30:	4896      	ldr	r0, [pc, #600]	; (1000118c <alarm_pool_alarm_callback+0x2f8>)
10000f32:	f000 fe57 	bl	10001be4 <__assert_func>
10000f36:	2300      	movs	r3, #0
10000f38:	469a      	mov	sl, r3
10000f3a:	4698      	mov	r8, r3
10000f3c:	2000      	movs	r0, #0
10000f3e:	686b      	ldr	r3, [r5, #4]
10000f40:	f3bf 8f5f 	dmb	sy
10000f44:	2200      	movs	r2, #0
10000f46:	601a      	str	r2, [r3, #0]
10000f48:	f387 8810 	msr	PRIMASK, r7
10000f4c:	4643      	mov	r3, r8
10000f4e:	2b00      	cmp	r3, #0
10000f50:	d131      	bne.n	10000fb6 <alarm_pool_alarm_callback+0x122>
10000f52:	2800      	cmp	r0, #0
10000f54:	d100      	bne.n	10000f58 <alarm_pool_alarm_callback+0xc4>
10000f56:	e105      	b.n	10001164 <alarm_pool_alarm_callback+0x2d0>
10000f58:	f000 fb14 	bl	10001584 <time_us_64>
10000f5c:	2900      	cmp	r1, #0
10000f5e:	dba8      	blt.n	10000eb2 <alarm_pool_alarm_callback+0x1e>
10000f60:	2300      	movs	r3, #0
10000f62:	2400      	movs	r4, #0
10000f64:	9306      	str	r3, [sp, #24]
10000f66:	9407      	str	r4, [sp, #28]
10000f68:	686a      	ldr	r2, [r5, #4]
10000f6a:	f3ef 8710 	mrs	r7, PRIMASK
10000f6e:	b672      	cpsid	i
10000f70:	6813      	ldr	r3, [r2, #0]
10000f72:	2b00      	cmp	r3, #0
10000f74:	d0fc      	beq.n	10000f70 <alarm_pool_alarm_callback+0xdc>
10000f76:	f3bf 8f5f 	dmb	sy
10000f7a:	682b      	ldr	r3, [r5, #0]
10000f7c:	469c      	mov	ip, r3
10000f7e:	7b5c      	ldrb	r4, [r3, #13]
10000f80:	2c00      	cmp	r4, #0
10000f82:	d0d8      	beq.n	10000f36 <alarm_pool_alarm_callback+0xa2>
10000f84:	d09b      	beq.n	10000ebe <alarm_pool_alarm_callback+0x2a>
10000f86:	7b1b      	ldrb	r3, [r3, #12]
10000f88:	429c      	cmp	r4, r3
10000f8a:	d898      	bhi.n	10000ebe <alarm_pool_alarm_callback+0x2a>
10000f8c:	4b84      	ldr	r3, [pc, #528]	; (100011a0 <alarm_pool_alarm_callback+0x30c>)
10000f8e:	18e6      	adds	r6, r4, r3
10000f90:	0136      	lsls	r6, r6, #4
10000f92:	68ab      	ldr	r3, [r5, #8]
10000f94:	4698      	mov	r8, r3
10000f96:	4446      	add	r6, r8
10000f98:	6832      	ldr	r2, [r6, #0]
10000f9a:	6873      	ldr	r3, [r6, #4]
10000f9c:	1a12      	subs	r2, r2, r0
10000f9e:	418b      	sbcs	r3, r1
10000fa0:	2b00      	cmp	r3, #0
10000fa2:	dd92      	ble.n	10000eca <alarm_pool_alarm_callback+0x36>
10000fa4:	6832      	ldr	r2, [r6, #0]
10000fa6:	6873      	ldr	r3, [r6, #4]
10000fa8:	9809      	ldr	r0, [sp, #36]	; 0x24
10000faa:	f000 fb3f 	bl	1000162c <hardware_alarm_set_target>
10000fae:	2300      	movs	r3, #0
10000fb0:	469a      	mov	sl, r3
10000fb2:	4698      	mov	r8, r3
10000fb4:	e7c3      	b.n	10000f3e <alarm_pool_alarm_callback+0xaa>
10000fb6:	9b08      	ldr	r3, [sp, #32]
10000fb8:	021b      	lsls	r3, r3, #8
10000fba:	4323      	orrs	r3, r4
10000fbc:	4699      	mov	r9, r3
10000fbe:	4651      	mov	r1, sl
10000fc0:	0018      	movs	r0, r3
10000fc2:	47c0      	blx	r8
10000fc4:	0006      	movs	r6, r0
10000fc6:	000f      	movs	r7, r1
10000fc8:	686a      	ldr	r2, [r5, #4]
10000fca:	f3ef 8b10 	mrs	fp, PRIMASK
10000fce:	b672      	cpsid	i
10000fd0:	6813      	ldr	r3, [r2, #0]
10000fd2:	2b00      	cmp	r3, #0
10000fd4:	d0fc      	beq.n	10000fd0 <alarm_pool_alarm_callback+0x13c>
10000fd6:	f3bf 8f5f 	dmb	sy
10000fda:	2f00      	cmp	r7, #0
10000fdc:	db26      	blt.n	1000102c <alarm_pool_alarm_callback+0x198>
10000fde:	2f00      	cmp	r7, #0
10000fe0:	dd52      	ble.n	10001088 <alarm_pool_alarm_callback+0x1f4>
10000fe2:	692b      	ldr	r3, [r5, #16]
10000fe4:	2b00      	cmp	r3, #0
10000fe6:	d053      	beq.n	10001090 <alarm_pool_alarm_callback+0x1fc>
10000fe8:	454b      	cmp	r3, r9
10000fea:	d174      	bne.n	100010d6 <alarm_pool_alarm_callback+0x242>
10000fec:	f000 faca 	bl	10001584 <time_us_64>
10000ff0:	0002      	movs	r2, r0
10000ff2:	1e0b      	subs	r3, r1, #0
10000ff4:	db75      	blt.n	100010e2 <alarm_pool_alarm_callback+0x24e>
10000ff6:	0001      	movs	r1, r0
10000ff8:	0018      	movs	r0, r3
10000ffa:	1992      	adds	r2, r2, r6
10000ffc:	417b      	adcs	r3, r7
10000ffe:	4298      	cmp	r0, r3
10001000:	d802      	bhi.n	10001008 <alarm_pool_alarm_callback+0x174>
10001002:	d104      	bne.n	1000100e <alarm_pool_alarm_callback+0x17a>
10001004:	4291      	cmp	r1, r2
10001006:	d902      	bls.n	1000100e <alarm_pool_alarm_callback+0x17a>
10001008:	2201      	movs	r2, #1
1000100a:	4252      	negs	r2, r2
1000100c:	17d3      	asrs	r3, r2, #31
1000100e:	2b00      	cmp	r3, #0
10001010:	db6d      	blt.n	100010ee <alarm_pool_alarm_callback+0x25a>
10001012:	2100      	movs	r1, #0
10001014:	9104      	str	r1, [sp, #16]
10001016:	3101      	adds	r1, #1
10001018:	9103      	str	r1, [sp, #12]
1000101a:	9402      	str	r4, [sp, #8]
1000101c:	4651      	mov	r1, sl
1000101e:	9101      	str	r1, [sp, #4]
10001020:	4641      	mov	r1, r8
10001022:	9100      	str	r1, [sp, #0]
10001024:	0028      	movs	r0, r5
10001026:	f7ff fe75 	bl	10000d14 <add_alarm_under_lock>
1000102a:	e04b      	b.n	100010c4 <alarm_pool_alarm_callback+0x230>
1000102c:	692b      	ldr	r3, [r5, #16]
1000102e:	2b00      	cmp	r3, #0
10001030:	d0d5      	beq.n	10000fde <alarm_pool_alarm_callback+0x14a>
10001032:	454b      	cmp	r3, r9
10001034:	d11c      	bne.n	10001070 <alarm_pool_alarm_callback+0x1dc>
10001036:	9a06      	ldr	r2, [sp, #24]
10001038:	9b07      	ldr	r3, [sp, #28]
1000103a:	0010      	movs	r0, r2
1000103c:	0019      	movs	r1, r3
1000103e:	1b92      	subs	r2, r2, r6
10001040:	41bb      	sbcs	r3, r7
10001042:	4299      	cmp	r1, r3
10001044:	d802      	bhi.n	1000104c <alarm_pool_alarm_callback+0x1b8>
10001046:	d104      	bne.n	10001052 <alarm_pool_alarm_callback+0x1be>
10001048:	4290      	cmp	r0, r2
1000104a:	d902      	bls.n	10001052 <alarm_pool_alarm_callback+0x1be>
1000104c:	2201      	movs	r2, #1
1000104e:	4252      	negs	r2, r2
10001050:	17d3      	asrs	r3, r2, #31
10001052:	2b00      	cmp	r3, #0
10001054:	db12      	blt.n	1000107c <alarm_pool_alarm_callback+0x1e8>
10001056:	2100      	movs	r1, #0
10001058:	9104      	str	r1, [sp, #16]
1000105a:	3101      	adds	r1, #1
1000105c:	9103      	str	r1, [sp, #12]
1000105e:	9402      	str	r4, [sp, #8]
10001060:	4651      	mov	r1, sl
10001062:	9101      	str	r1, [sp, #4]
10001064:	4641      	mov	r1, r8
10001066:	9100      	str	r1, [sp, #0]
10001068:	0028      	movs	r0, r5
1000106a:	f7ff fe53 	bl	10000d14 <add_alarm_under_lock>
1000106e:	e029      	b.n	100010c4 <alarm_pool_alarm_callback+0x230>
10001070:	4b4c      	ldr	r3, [pc, #304]	; (100011a4 <alarm_pool_alarm_callback+0x310>)
10001072:	4a48      	ldr	r2, [pc, #288]	; (10001194 <alarm_pool_alarm_callback+0x300>)
10001074:	219f      	movs	r1, #159	; 0x9f
10001076:	4845      	ldr	r0, [pc, #276]	; (1000118c <alarm_pool_alarm_callback+0x2f8>)
10001078:	f000 fdb4 	bl	10001be4 <__assert_func>
1000107c:	4b3e      	ldr	r3, [pc, #248]	; (10001178 <alarm_pool_alarm_callback+0x2e4>)
1000107e:	4a3f      	ldr	r2, [pc, #252]	; (1000117c <alarm_pool_alarm_callback+0x2e8>)
10001080:	213f      	movs	r1, #63	; 0x3f
10001082:	483f      	ldr	r0, [pc, #252]	; (10001180 <alarm_pool_alarm_callback+0x2ec>)
10001084:	f000 fdae 	bl	10001be4 <__assert_func>
10001088:	2f00      	cmp	r7, #0
1000108a:	d101      	bne.n	10001090 <alarm_pool_alarm_callback+0x1fc>
1000108c:	2e00      	cmp	r6, #0
1000108e:	d1a8      	bne.n	10000fe2 <alarm_pool_alarm_callback+0x14e>
10001090:	682a      	ldr	r2, [r5, #0]
10001092:	2c00      	cmp	r4, #0
10001094:	d047      	beq.n	10001126 <alarm_pool_alarm_callback+0x292>
10001096:	7b53      	ldrb	r3, [r2, #13]
10001098:	429c      	cmp	r4, r3
1000109a:	d12e      	bne.n	100010fa <alarm_pool_alarm_callback+0x266>
1000109c:	2301      	movs	r3, #1
1000109e:	2b00      	cmp	r3, #0
100010a0:	d141      	bne.n	10001126 <alarm_pool_alarm_callback+0x292>
100010a2:	7bd3      	ldrb	r3, [r2, #15]
100010a4:	2b00      	cmp	r3, #0
100010a6:	d144      	bne.n	10001132 <alarm_pool_alarm_callback+0x29e>
100010a8:	73d4      	strb	r4, [r2, #15]
100010aa:	2c00      	cmp	r4, #0
100010ac:	d054      	beq.n	10001158 <alarm_pool_alarm_callback+0x2c4>
100010ae:	682b      	ldr	r3, [r5, #0]
100010b0:	7b1b      	ldrb	r3, [r3, #12]
100010b2:	429c      	cmp	r4, r3
100010b4:	d850      	bhi.n	10001158 <alarm_pool_alarm_callback+0x2c4>
100010b6:	3c01      	subs	r4, #1
100010b8:	68eb      	ldr	r3, [r5, #12]
100010ba:	469c      	mov	ip, r3
100010bc:	4464      	add	r4, ip
100010be:	7823      	ldrb	r3, [r4, #0]
100010c0:	3301      	adds	r3, #1
100010c2:	7023      	strb	r3, [r4, #0]
100010c4:	2300      	movs	r3, #0
100010c6:	612b      	str	r3, [r5, #16]
100010c8:	686a      	ldr	r2, [r5, #4]
100010ca:	f3bf 8f5f 	dmb	sy
100010ce:	6013      	str	r3, [r2, #0]
100010d0:	f38b 8810 	msr	PRIMASK, fp
100010d4:	e740      	b.n	10000f58 <alarm_pool_alarm_callback+0xc4>
100010d6:	4b33      	ldr	r3, [pc, #204]	; (100011a4 <alarm_pool_alarm_callback+0x310>)
100010d8:	4a2e      	ldr	r2, [pc, #184]	; (10001194 <alarm_pool_alarm_callback+0x300>)
100010da:	21a2      	movs	r1, #162	; 0xa2
100010dc:	482b      	ldr	r0, [pc, #172]	; (1000118c <alarm_pool_alarm_callback+0x2f8>)
100010de:	f000 fd81 	bl	10001be4 <__assert_func>
100010e2:	4b25      	ldr	r3, [pc, #148]	; (10001178 <alarm_pool_alarm_callback+0x2e4>)
100010e4:	4a25      	ldr	r2, [pc, #148]	; (1000117c <alarm_pool_alarm_callback+0x2e8>)
100010e6:	213f      	movs	r1, #63	; 0x3f
100010e8:	4825      	ldr	r0, [pc, #148]	; (10001180 <alarm_pool_alarm_callback+0x2ec>)
100010ea:	f000 fd7b 	bl	10001be4 <__assert_func>
100010ee:	4b22      	ldr	r3, [pc, #136]	; (10001178 <alarm_pool_alarm_callback+0x2e4>)
100010f0:	4a22      	ldr	r2, [pc, #136]	; (1000117c <alarm_pool_alarm_callback+0x2e8>)
100010f2:	213f      	movs	r1, #63	; 0x3f
100010f4:	4822      	ldr	r0, [pc, #136]	; (10001180 <alarm_pool_alarm_callback+0x2ec>)
100010f6:	f000 fd75 	bl	10001be4 <__assert_func>
100010fa:	2c00      	cmp	r4, #0
100010fc:	d00d      	beq.n	1000111a <alarm_pool_alarm_callback+0x286>
100010fe:	7b13      	ldrb	r3, [r2, #12]
10001100:	429c      	cmp	r4, r3
10001102:	d80a      	bhi.n	1000111a <alarm_pool_alarm_callback+0x286>
10001104:	0063      	lsls	r3, r4, #1
10001106:	191b      	adds	r3, r3, r4
10001108:	3b03      	subs	r3, #3
1000110a:	6811      	ldr	r1, [r2, #0]
1000110c:	468c      	mov	ip, r1
1000110e:	4463      	add	r3, ip
10001110:	789b      	ldrb	r3, [r3, #2]
10001112:	2b00      	cmp	r3, #0
10001114:	d0c3      	beq.n	1000109e <alarm_pool_alarm_callback+0x20a>
10001116:	2301      	movs	r3, #1
10001118:	e7c1      	b.n	1000109e <alarm_pool_alarm_callback+0x20a>
1000111a:	4b23      	ldr	r3, [pc, #140]	; (100011a8 <alarm_pool_alarm_callback+0x314>)
1000111c:	4a23      	ldr	r2, [pc, #140]	; (100011ac <alarm_pool_alarm_callback+0x318>)
1000111e:	2168      	movs	r1, #104	; 0x68
10001120:	4823      	ldr	r0, [pc, #140]	; (100011b0 <alarm_pool_alarm_callback+0x31c>)
10001122:	f000 fd5f 	bl	10001be4 <__assert_func>
10001126:	4b23      	ldr	r3, [pc, #140]	; (100011b4 <alarm_pool_alarm_callback+0x320>)
10001128:	4a23      	ldr	r2, [pc, #140]	; (100011b8 <alarm_pool_alarm_callback+0x324>)
1000112a:	21f6      	movs	r1, #246	; 0xf6
1000112c:	4820      	ldr	r0, [pc, #128]	; (100011b0 <alarm_pool_alarm_callback+0x31c>)
1000112e:	f000 fd59 	bl	10001be4 <__assert_func>
10001132:	2b00      	cmp	r3, #0
10001134:	d00a      	beq.n	1000114c <alarm_pool_alarm_callback+0x2b8>
10001136:	7b11      	ldrb	r1, [r2, #12]
10001138:	428b      	cmp	r3, r1
1000113a:	d807      	bhi.n	1000114c <alarm_pool_alarm_callback+0x2b8>
1000113c:	0059      	lsls	r1, r3, #1
1000113e:	18cb      	adds	r3, r1, r3
10001140:	3b03      	subs	r3, #3
10001142:	6811      	ldr	r1, [r2, #0]
10001144:	468c      	mov	ip, r1
10001146:	4463      	add	r3, ip
10001148:	705c      	strb	r4, [r3, #1]
1000114a:	e7ad      	b.n	100010a8 <alarm_pool_alarm_callback+0x214>
1000114c:	4b16      	ldr	r3, [pc, #88]	; (100011a8 <alarm_pool_alarm_callback+0x314>)
1000114e:	4a17      	ldr	r2, [pc, #92]	; (100011ac <alarm_pool_alarm_callback+0x318>)
10001150:	2168      	movs	r1, #104	; 0x68
10001152:	4817      	ldr	r0, [pc, #92]	; (100011b0 <alarm_pool_alarm_callback+0x31c>)
10001154:	f000 fd46 	bl	10001be4 <__assert_func>
10001158:	4b0a      	ldr	r3, [pc, #40]	; (10001184 <alarm_pool_alarm_callback+0x2f0>)
1000115a:	4a10      	ldr	r2, [pc, #64]	; (1000119c <alarm_pool_alarm_callback+0x308>)
1000115c:	2140      	movs	r1, #64	; 0x40
1000115e:	480b      	ldr	r0, [pc, #44]	; (1000118c <alarm_pool_alarm_callback+0x2f8>)
10001160:	f000 fd40 	bl	10001be4 <__assert_func>
10001164:	b00b      	add	sp, #44	; 0x2c
10001166:	bc3c      	pop	{r2, r3, r4, r5}
10001168:	4690      	mov	r8, r2
1000116a:	4699      	mov	r9, r3
1000116c:	46a2      	mov	sl, r4
1000116e:	46ab      	mov	fp, r5
10001170:	bdf0      	pop	{r4, r5, r6, r7, pc}
10001172:	46c0      	nop			; (mov r8, r8)
10001174:	20000f8c 	.word	0x20000f8c
10001178:	10007478 	.word	0x10007478
1000117c:	10007374 	.word	0x10007374
10001180:	10007494 	.word	0x10007494
10001184:	10007588 	.word	0x10007588
10001188:	100073cc 	.word	0x100073cc
1000118c:	1000768c 	.word	0x1000768c
10001190:	100074dc 	.word	0x100074dc
10001194:	1000741c 	.word	0x1000741c
10001198:	100074f4 	.word	0x100074f4
1000119c:	100073d8 	.word	0x100073d8
100011a0:	0fffffff 	.word	0x0fffffff
100011a4:	10007500 	.word	0x10007500
100011a8:	100075e0 	.word	0x100075e0
100011ac:	1000738c 	.word	0x1000738c
100011b0:	100075fc 	.word	0x100075fc
100011b4:	1000753c 	.word	0x1000753c
100011b8:	100073bc 	.word	0x100073bc

100011bc <alarm_pool_init_default>:
100011bc:	b510      	push	{r4, lr}
100011be:	4b0a      	ldr	r3, [pc, #40]	; (100011e8 <alarm_pool_init_default+0x2c>)
100011c0:	685b      	ldr	r3, [r3, #4]
100011c2:	2b00      	cmp	r3, #0
100011c4:	d004      	beq.n	100011d0 <alarm_pool_init_default+0x14>
100011c6:	210a      	movs	r1, #10
100011c8:	4808      	ldr	r0, [pc, #32]	; (100011ec <alarm_pool_init_default+0x30>)
100011ca:	f7ff fcb3 	bl	10000b34 <lock_init>
100011ce:	bd10      	pop	{r4, pc}
100011d0:	4c05      	ldr	r4, [pc, #20]	; (100011e8 <alarm_pool_init_default+0x2c>)
100011d2:	0023      	movs	r3, r4
100011d4:	4a06      	ldr	r2, [pc, #24]	; (100011f0 <alarm_pool_init_default+0x34>)
100011d6:	2110      	movs	r1, #16
100011d8:	6820      	ldr	r0, [r4, #0]
100011da:	f000 fb65 	bl	100018a8 <ph_post_alloc_init>
100011de:	2103      	movs	r1, #3
100011e0:	0020      	movs	r0, r4
100011e2:	f7ff fcc7 	bl	10000b74 <alarm_pool_post_alloc_init>
100011e6:	e7ee      	b.n	100011c6 <alarm_pool_init_default+0xa>
100011e8:	2000046c 	.word	0x2000046c
100011ec:	20000fa8 	.word	0x20000fa8
100011f0:	10000bb5 	.word	0x10000bb5

100011f4 <alarm_pool_get_default>:
100011f4:	b510      	push	{r4, lr}
100011f6:	4b06      	ldr	r3, [pc, #24]	; (10001210 <alarm_pool_get_default+0x1c>)
100011f8:	685b      	ldr	r3, [r3, #4]
100011fa:	2b00      	cmp	r3, #0
100011fc:	d001      	beq.n	10001202 <alarm_pool_get_default+0xe>
100011fe:	4804      	ldr	r0, [pc, #16]	; (10001210 <alarm_pool_get_default+0x1c>)
10001200:	bd10      	pop	{r4, pc}
10001202:	4b04      	ldr	r3, [pc, #16]	; (10001214 <alarm_pool_get_default+0x20>)
10001204:	4a04      	ldr	r2, [pc, #16]	; (10001218 <alarm_pool_get_default+0x24>)
10001206:	215c      	movs	r1, #92	; 0x5c
10001208:	4804      	ldr	r0, [pc, #16]	; (1000121c <alarm_pool_get_default+0x28>)
1000120a:	f000 fceb 	bl	10001be4 <__assert_func>
1000120e:	46c0      	nop			; (mov r8, r8)
10001210:	2000046c 	.word	0x2000046c
10001214:	100075bc 	.word	0x100075bc
10001218:	100073ec 	.word	0x100073ec
1000121c:	1000768c 	.word	0x1000768c

10001220 <alarm_pool_add_alarm_at>:
10001220:	b5f0      	push	{r4, r5, r6, r7, lr}
10001222:	46d6      	mov	lr, sl
10001224:	464f      	mov	r7, r9
10001226:	4646      	mov	r6, r8
10001228:	b5c0      	push	{r6, r7, lr}
1000122a:	b088      	sub	sp, #32
1000122c:	4680      	mov	r8, r0
1000122e:	0016      	movs	r6, r2
10001230:	001f      	movs	r7, r3
10001232:	9b10      	ldr	r3, [sp, #64]	; 0x40
10001234:	4699      	mov	r9, r3
10001236:	ab12      	add	r3, sp, #72	; 0x48
10001238:	781b      	ldrb	r3, [r3, #0]
1000123a:	469a      	mov	sl, r3
1000123c:	231f      	movs	r3, #31
1000123e:	446b      	add	r3, sp
10001240:	2200      	movs	r2, #0
10001242:	701a      	strb	r2, [r3, #0]
10001244:	e032      	b.n	100012ac <alarm_pool_add_alarm_at+0x8c>
10001246:	2800      	cmp	r0, #0
10001248:	d009      	beq.n	1000125e <alarm_pool_add_alarm_at+0x3e>
1000124a:	4642      	mov	r2, r8
1000124c:	6812      	ldr	r2, [r2, #0]
1000124e:	7b12      	ldrb	r2, [r2, #12]
10001250:	4290      	cmp	r0, r2
10001252:	d804      	bhi.n	1000125e <alarm_pool_add_alarm_at+0x3e>
10001254:	1e42      	subs	r2, r0, #1
10001256:	4641      	mov	r1, r8
10001258:	68c9      	ldr	r1, [r1, #12]
1000125a:	5c8a      	ldrb	r2, [r1, r2]
1000125c:	e042      	b.n	100012e4 <alarm_pool_add_alarm_at+0xc4>
1000125e:	4b3f      	ldr	r3, [pc, #252]	; (1000135c <alarm_pool_add_alarm_at+0x13c>)
10001260:	4a3f      	ldr	r2, [pc, #252]	; (10001360 <alarm_pool_add_alarm_at+0x140>)
10001262:	2140      	movs	r1, #64	; 0x40
10001264:	483f      	ldr	r0, [pc, #252]	; (10001364 <alarm_pool_add_alarm_at+0x144>)
10001266:	f000 fcbd 	bl	10001be4 <__assert_func>
1000126a:	2000      	movs	r0, #0
1000126c:	2b00      	cmp	r3, #0
1000126e:	d06d      	beq.n	1000134c <alarm_pool_add_alarm_at+0x12c>
10001270:	4653      	mov	r3, sl
10001272:	2b00      	cmp	r3, #0
10001274:	d06a      	beq.n	1000134c <alarm_pool_add_alarm_at+0x12c>
10001276:	9911      	ldr	r1, [sp, #68]	; 0x44
10001278:	47c8      	blx	r9
1000127a:	0004      	movs	r4, r0
1000127c:	000d      	movs	r5, r1
1000127e:	0003      	movs	r3, r0
10001280:	430b      	orrs	r3, r1
10001282:	d069      	beq.n	10001358 <alarm_pool_add_alarm_at+0x138>
10001284:	2900      	cmp	r1, #0
10001286:	db3f      	blt.n	10001308 <alarm_pool_add_alarm_at+0xe8>
10001288:	f000 f97c 	bl	10001584 <time_us_64>
1000128c:	2900      	cmp	r1, #0
1000128e:	db4f      	blt.n	10001330 <alarm_pool_add_alarm_at+0x110>
10001290:	1824      	adds	r4, r4, r0
10001292:	414d      	adcs	r5, r1
10001294:	42a9      	cmp	r1, r5
10001296:	d802      	bhi.n	1000129e <alarm_pool_add_alarm_at+0x7e>
10001298:	d104      	bne.n	100012a4 <alarm_pool_add_alarm_at+0x84>
1000129a:	42a0      	cmp	r0, r4
1000129c:	d902      	bls.n	100012a4 <alarm_pool_add_alarm_at+0x84>
1000129e:	2401      	movs	r4, #1
100012a0:	4264      	negs	r4, r4
100012a2:	17e5      	asrs	r5, r4, #31
100012a4:	2d00      	cmp	r5, #0
100012a6:	db49      	blt.n	1000133c <alarm_pool_add_alarm_at+0x11c>
100012a8:	0026      	movs	r6, r4
100012aa:	002f      	movs	r7, r5
100012ac:	4643      	mov	r3, r8
100012ae:	685a      	ldr	r2, [r3, #4]
100012b0:	f3ef 8410 	mrs	r4, PRIMASK
100012b4:	b672      	cpsid	i
100012b6:	6813      	ldr	r3, [r2, #0]
100012b8:	2b00      	cmp	r3, #0
100012ba:	d0fc      	beq.n	100012b6 <alarm_pool_add_alarm_at+0x96>
100012bc:	f3bf 8f5f 	dmb	sy
100012c0:	231f      	movs	r3, #31
100012c2:	446b      	add	r3, sp
100012c4:	9304      	str	r3, [sp, #16]
100012c6:	2300      	movs	r3, #0
100012c8:	9303      	str	r3, [sp, #12]
100012ca:	9302      	str	r3, [sp, #8]
100012cc:	9b11      	ldr	r3, [sp, #68]	; 0x44
100012ce:	9301      	str	r3, [sp, #4]
100012d0:	464b      	mov	r3, r9
100012d2:	9300      	str	r3, [sp, #0]
100012d4:	0032      	movs	r2, r6
100012d6:	003b      	movs	r3, r7
100012d8:	4640      	mov	r0, r8
100012da:	f7ff fd1b 	bl	10000d14 <add_alarm_under_lock>
100012de:	1e03      	subs	r3, r0, #0
100012e0:	d1b1      	bne.n	10001246 <alarm_pool_add_alarm_at+0x26>
100012e2:	0002      	movs	r2, r0
100012e4:	4641      	mov	r1, r8
100012e6:	6849      	ldr	r1, [r1, #4]
100012e8:	f3bf 8f5f 	dmb	sy
100012ec:	2500      	movs	r5, #0
100012ee:	600d      	str	r5, [r1, #0]
100012f0:	f384 8810 	msr	PRIMASK, r4
100012f4:	2b00      	cmp	r3, #0
100012f6:	d027      	beq.n	10001348 <alarm_pool_add_alarm_at+0x128>
100012f8:	231f      	movs	r3, #31
100012fa:	446b      	add	r3, sp
100012fc:	781b      	ldrb	r3, [r3, #0]
100012fe:	2b00      	cmp	r3, #0
10001300:	d1b3      	bne.n	1000126a <alarm_pool_add_alarm_at+0x4a>
10001302:	0212      	lsls	r2, r2, #8
10001304:	4310      	orrs	r0, r2
10001306:	e7b1      	b.n	1000126c <alarm_pool_add_alarm_at+0x4c>
10001308:	0032      	movs	r2, r6
1000130a:	003b      	movs	r3, r7
1000130c:	1b36      	subs	r6, r6, r4
1000130e:	41af      	sbcs	r7, r5
10001310:	42bb      	cmp	r3, r7
10001312:	d802      	bhi.n	1000131a <alarm_pool_add_alarm_at+0xfa>
10001314:	d104      	bne.n	10001320 <alarm_pool_add_alarm_at+0x100>
10001316:	42b2      	cmp	r2, r6
10001318:	d902      	bls.n	10001320 <alarm_pool_add_alarm_at+0x100>
1000131a:	2601      	movs	r6, #1
1000131c:	4276      	negs	r6, r6
1000131e:	17f7      	asrs	r7, r6, #31
10001320:	2f00      	cmp	r7, #0
10001322:	dac3      	bge.n	100012ac <alarm_pool_add_alarm_at+0x8c>
10001324:	4b10      	ldr	r3, [pc, #64]	; (10001368 <alarm_pool_add_alarm_at+0x148>)
10001326:	4a11      	ldr	r2, [pc, #68]	; (1000136c <alarm_pool_add_alarm_at+0x14c>)
10001328:	213f      	movs	r1, #63	; 0x3f
1000132a:	4811      	ldr	r0, [pc, #68]	; (10001370 <alarm_pool_add_alarm_at+0x150>)
1000132c:	f000 fc5a 	bl	10001be4 <__assert_func>
10001330:	4b0d      	ldr	r3, [pc, #52]	; (10001368 <alarm_pool_add_alarm_at+0x148>)
10001332:	4a0e      	ldr	r2, [pc, #56]	; (1000136c <alarm_pool_add_alarm_at+0x14c>)
10001334:	213f      	movs	r1, #63	; 0x3f
10001336:	480e      	ldr	r0, [pc, #56]	; (10001370 <alarm_pool_add_alarm_at+0x150>)
10001338:	f000 fc54 	bl	10001be4 <__assert_func>
1000133c:	4b0a      	ldr	r3, [pc, #40]	; (10001368 <alarm_pool_add_alarm_at+0x148>)
1000133e:	4a0b      	ldr	r2, [pc, #44]	; (1000136c <alarm_pool_add_alarm_at+0x14c>)
10001340:	213f      	movs	r1, #63	; 0x3f
10001342:	480b      	ldr	r0, [pc, #44]	; (10001370 <alarm_pool_add_alarm_at+0x150>)
10001344:	f000 fc4e 	bl	10001be4 <__assert_func>
10001348:	2001      	movs	r0, #1
1000134a:	4240      	negs	r0, r0
1000134c:	b008      	add	sp, #32
1000134e:	bc1c      	pop	{r2, r3, r4}
10001350:	4690      	mov	r8, r2
10001352:	4699      	mov	r9, r3
10001354:	46a2      	mov	sl, r4
10001356:	bdf0      	pop	{r4, r5, r6, r7, pc}
10001358:	2000      	movs	r0, #0
1000135a:	e7f7      	b.n	1000134c <alarm_pool_add_alarm_at+0x12c>
1000135c:	10007588 	.word	0x10007588
10001360:	100073d8 	.word	0x100073d8
10001364:	1000768c 	.word	0x1000768c
10001368:	10007478 	.word	0x10007478
1000136c:	10007374 	.word	0x10007374
10001370:	10007494 	.word	0x10007494

10001374 <alarm_pool_cancel_alarm>:
10001374:	b570      	push	{r4, r5, r6, lr}
10001376:	0004      	movs	r4, r0
10001378:	6842      	ldr	r2, [r0, #4]
1000137a:	f3ef 8510 	mrs	r5, PRIMASK
1000137e:	b672      	cpsid	i
10001380:	6813      	ldr	r3, [r2, #0]
10001382:	2b00      	cmp	r3, #0
10001384:	d0fc      	beq.n	10001380 <alarm_pool_cancel_alarm+0xc>
10001386:	f3bf 8f5f 	dmb	sy
1000138a:	b2ca      	uxtb	r2, r1
1000138c:	6826      	ldr	r6, [r4, #0]
1000138e:	7b73      	ldrb	r3, [r6, #13]
10001390:	429a      	cmp	r2, r3
10001392:	d11b      	bne.n	100013cc <alarm_pool_cancel_alarm+0x58>
10001394:	2001      	movs	r0, #1
10001396:	2800      	cmp	r0, #0
10001398:	d04a      	beq.n	10001430 <alarm_pool_cancel_alarm+0xbc>
1000139a:	6923      	ldr	r3, [r4, #16]
1000139c:	428b      	cmp	r3, r1
1000139e:	d02d      	beq.n	100013fc <alarm_pool_cancel_alarm+0x88>
100013a0:	0a09      	lsrs	r1, r1, #8
100013a2:	b2c9      	uxtb	r1, r1
100013a4:	2a00      	cmp	r2, #0
100013a6:	d030      	beq.n	1000140a <alarm_pool_cancel_alarm+0x96>
100013a8:	6823      	ldr	r3, [r4, #0]
100013aa:	7b1b      	ldrb	r3, [r3, #12]
100013ac:	429a      	cmp	r2, r3
100013ae:	d82c      	bhi.n	1000140a <alarm_pool_cancel_alarm+0x96>
100013b0:	1e53      	subs	r3, r2, #1
100013b2:	68e0      	ldr	r0, [r4, #12]
100013b4:	5cc3      	ldrb	r3, [r0, r3]
100013b6:	428b      	cmp	r3, r1
100013b8:	d02d      	beq.n	10001416 <alarm_pool_cancel_alarm+0xa2>
100013ba:	2000      	movs	r0, #0
100013bc:	6863      	ldr	r3, [r4, #4]
100013be:	f3bf 8f5f 	dmb	sy
100013c2:	2200      	movs	r2, #0
100013c4:	601a      	str	r2, [r3, #0]
100013c6:	f385 8810 	msr	PRIMASK, r5
100013ca:	bd70      	pop	{r4, r5, r6, pc}
100013cc:	2a00      	cmp	r2, #0
100013ce:	d00d      	beq.n	100013ec <alarm_pool_cancel_alarm+0x78>
100013d0:	7b33      	ldrb	r3, [r6, #12]
100013d2:	429a      	cmp	r2, r3
100013d4:	d80a      	bhi.n	100013ec <alarm_pool_cancel_alarm+0x78>
100013d6:	0053      	lsls	r3, r2, #1
100013d8:	189b      	adds	r3, r3, r2
100013da:	3b03      	subs	r3, #3
100013dc:	6830      	ldr	r0, [r6, #0]
100013de:	4684      	mov	ip, r0
100013e0:	4463      	add	r3, ip
100013e2:	789b      	ldrb	r3, [r3, #2]
100013e4:	2b00      	cmp	r3, #0
100013e6:	d107      	bne.n	100013f8 <alarm_pool_cancel_alarm+0x84>
100013e8:	2000      	movs	r0, #0
100013ea:	e7d4      	b.n	10001396 <alarm_pool_cancel_alarm+0x22>
100013ec:	4b13      	ldr	r3, [pc, #76]	; (1000143c <alarm_pool_cancel_alarm+0xc8>)
100013ee:	4a14      	ldr	r2, [pc, #80]	; (10001440 <alarm_pool_cancel_alarm+0xcc>)
100013f0:	2168      	movs	r1, #104	; 0x68
100013f2:	4814      	ldr	r0, [pc, #80]	; (10001444 <alarm_pool_cancel_alarm+0xd0>)
100013f4:	f000 fbf6 	bl	10001be4 <__assert_func>
100013f8:	2001      	movs	r0, #1
100013fa:	e7cc      	b.n	10001396 <alarm_pool_cancel_alarm+0x22>
100013fc:	2185      	movs	r1, #133	; 0x85
100013fe:	4b12      	ldr	r3, [pc, #72]	; (10001448 <alarm_pool_cancel_alarm+0xd4>)
10001400:	4a12      	ldr	r2, [pc, #72]	; (1000144c <alarm_pool_cancel_alarm+0xd8>)
10001402:	0049      	lsls	r1, r1, #1
10001404:	4812      	ldr	r0, [pc, #72]	; (10001450 <alarm_pool_cancel_alarm+0xdc>)
10001406:	f000 fbed 	bl	10001be4 <__assert_func>
1000140a:	4b12      	ldr	r3, [pc, #72]	; (10001454 <alarm_pool_cancel_alarm+0xe0>)
1000140c:	4a12      	ldr	r2, [pc, #72]	; (10001458 <alarm_pool_cancel_alarm+0xe4>)
1000140e:	2140      	movs	r1, #64	; 0x40
10001410:	480f      	ldr	r0, [pc, #60]	; (10001450 <alarm_pool_cancel_alarm+0xdc>)
10001412:	f000 fbe7 	bl	10001be4 <__assert_func>
10001416:	0011      	movs	r1, r2
10001418:	0030      	movs	r0, r6
1000141a:	f000 fb31 	bl	10001a80 <ph_remove_and_free_node>
1000141e:	2800      	cmp	r0, #0
10001420:	d1cc      	bne.n	100013bc <alarm_pool_cancel_alarm+0x48>
10001422:	2112      	movs	r1, #18
10001424:	4b0d      	ldr	r3, [pc, #52]	; (1000145c <alarm_pool_cancel_alarm+0xe8>)
10001426:	4a09      	ldr	r2, [pc, #36]	; (1000144c <alarm_pool_cancel_alarm+0xd8>)
10001428:	31ff      	adds	r1, #255	; 0xff
1000142a:	4809      	ldr	r0, [pc, #36]	; (10001450 <alarm_pool_cancel_alarm+0xdc>)
1000142c:	f000 fbda 	bl	10001be4 <__assert_func>
10001430:	6923      	ldr	r3, [r4, #16]
10001432:	428b      	cmp	r3, r1
10001434:	d1c2      	bne.n	100013bc <alarm_pool_cancel_alarm+0x48>
10001436:	2300      	movs	r3, #0
10001438:	6123      	str	r3, [r4, #16]
1000143a:	e7bf      	b.n	100013bc <alarm_pool_cancel_alarm+0x48>
1000143c:	100075e0 	.word	0x100075e0
10001440:	1000738c 	.word	0x1000738c
10001444:	100075fc 	.word	0x100075fc
10001448:	10007560 	.word	0x10007560
1000144c:	10007438 	.word	0x10007438
10001450:	1000768c 	.word	0x1000768c
10001454:	10007588 	.word	0x10007588
10001458:	100073d8 	.word	0x100073d8
1000145c:	10007584 	.word	0x10007584

10001460 <best_effort_wfe_or_timeout>:
10001460:	b570      	push	{r4, r5, r6, lr}
10001462:	b084      	sub	sp, #16
10001464:	0005      	movs	r5, r0
10001466:	000c      	movs	r4, r1
10001468:	f7ff fec4 	bl	100011f4 <alarm_pool_get_default>
1000146c:	2300      	movs	r3, #0
1000146e:	9302      	str	r3, [sp, #8]
10001470:	9301      	str	r3, [sp, #4]
10001472:	4b19      	ldr	r3, [pc, #100]	; (100014d8 <best_effort_wfe_or_timeout+0x78>)
10001474:	9300      	str	r3, [sp, #0]
10001476:	002a      	movs	r2, r5
10001478:	0023      	movs	r3, r4
1000147a:	f7ff fed1 	bl	10001220 <alarm_pool_add_alarm_at>
1000147e:	1e06      	subs	r6, r0, #0
10001480:	dc12      	bgt.n	100014a8 <best_effort_wfe_or_timeout+0x48>
10001482:	4b16      	ldr	r3, [pc, #88]	; (100014dc <best_effort_wfe_or_timeout+0x7c>)
10001484:	6a5b      	ldr	r3, [r3, #36]	; 0x24
10001486:	429c      	cmp	r4, r3
10001488:	d809      	bhi.n	1000149e <best_effort_wfe_or_timeout+0x3e>
1000148a:	4a14      	ldr	r2, [pc, #80]	; (100014dc <best_effort_wfe_or_timeout+0x7c>)
1000148c:	6a92      	ldr	r2, [r2, #40]	; 0x28
1000148e:	42aa      	cmp	r2, r5
10001490:	d208      	bcs.n	100014a4 <best_effort_wfe_or_timeout+0x44>
10001492:	429c      	cmp	r4, r3
10001494:	d001      	beq.n	1000149a <best_effort_wfe_or_timeout+0x3a>
10001496:	2001      	movs	r0, #1
10001498:	e002      	b.n	100014a0 <best_effort_wfe_or_timeout+0x40>
1000149a:	2000      	movs	r0, #0
1000149c:	e000      	b.n	100014a0 <best_effort_wfe_or_timeout+0x40>
1000149e:	2000      	movs	r0, #0
100014a0:	b004      	add	sp, #16
100014a2:	bd70      	pop	{r4, r5, r6, pc}
100014a4:	2001      	movs	r0, #1
100014a6:	e7fb      	b.n	100014a0 <best_effort_wfe_or_timeout+0x40>
100014a8:	bf20      	wfe
100014aa:	f7ff fea3 	bl	100011f4 <alarm_pool_get_default>
100014ae:	0031      	movs	r1, r6
100014b0:	f7ff ff60 	bl	10001374 <alarm_pool_cancel_alarm>
100014b4:	4b09      	ldr	r3, [pc, #36]	; (100014dc <best_effort_wfe_or_timeout+0x7c>)
100014b6:	6a5b      	ldr	r3, [r3, #36]	; 0x24
100014b8:	429c      	cmp	r4, r3
100014ba:	d809      	bhi.n	100014d0 <best_effort_wfe_or_timeout+0x70>
100014bc:	4a07      	ldr	r2, [pc, #28]	; (100014dc <best_effort_wfe_or_timeout+0x7c>)
100014be:	6a92      	ldr	r2, [r2, #40]	; 0x28
100014c0:	42aa      	cmp	r2, r5
100014c2:	d207      	bcs.n	100014d4 <best_effort_wfe_or_timeout+0x74>
100014c4:	429c      	cmp	r4, r3
100014c6:	d001      	beq.n	100014cc <best_effort_wfe_or_timeout+0x6c>
100014c8:	2001      	movs	r0, #1
100014ca:	e7e9      	b.n	100014a0 <best_effort_wfe_or_timeout+0x40>
100014cc:	2000      	movs	r0, #0
100014ce:	e7e7      	b.n	100014a0 <best_effort_wfe_or_timeout+0x40>
100014d0:	2000      	movs	r0, #0
100014d2:	e7e5      	b.n	100014a0 <best_effort_wfe_or_timeout+0x40>
100014d4:	2001      	movs	r0, #1
100014d6:	e7e3      	b.n	100014a0 <best_effort_wfe_or_timeout+0x40>
100014d8:	10000b45 	.word	0x10000b45
100014dc:	40054000 	.word	0x40054000

100014e0 <hardware_alarm_irq_handler>:
100014e0:	b570      	push	{r4, r5, r6, lr}
100014e2:	f3ef 8305 	mrs	r3, IPSR
100014e6:	203f      	movs	r0, #63	; 0x3f
100014e8:	4018      	ands	r0, r3
100014ea:	3810      	subs	r0, #16
100014ec:	f3ef 8410 	mrs	r4, PRIMASK
100014f0:	b672      	cpsid	i
100014f2:	4b19      	ldr	r3, [pc, #100]	; (10001558 <hardware_alarm_irq_handler+0x78>)
100014f4:	681b      	ldr	r3, [r3, #0]
100014f6:	2b00      	cmp	r3, #0
100014f8:	d0fb      	beq.n	100014f2 <hardware_alarm_irq_handler+0x12>
100014fa:	f3bf 8f5f 	dmb	sy
100014fe:	2301      	movs	r3, #1
10001500:	0019      	movs	r1, r3
10001502:	4081      	lsls	r1, r0
10001504:	4a15      	ldr	r2, [pc, #84]	; (1000155c <hardware_alarm_irq_handler+0x7c>)
10001506:	6351      	str	r1, [r2, #52]	; 0x34
10001508:	4a15      	ldr	r2, [pc, #84]	; (10001560 <hardware_alarm_irq_handler+0x80>)
1000150a:	7812      	ldrb	r2, [r2, #0]
1000150c:	0015      	movs	r5, r2
1000150e:	40c5      	lsrs	r5, r0
10001510:	422b      	tst	r3, r5
10001512:	d014      	beq.n	1000153e <hardware_alarm_irq_handler+0x5e>
10001514:	4b11      	ldr	r3, [pc, #68]	; (1000155c <hardware_alarm_irq_handler+0x7c>)
10001516:	6a5d      	ldr	r5, [r3, #36]	; 0x24
10001518:	0083      	lsls	r3, r0, #2
1000151a:	4e12      	ldr	r6, [pc, #72]	; (10001564 <hardware_alarm_irq_handler+0x84>)
1000151c:	599b      	ldr	r3, [r3, r6]
1000151e:	429d      	cmp	r5, r3
10001520:	d306      	bcc.n	10001530 <hardware_alarm_irq_handler+0x50>
10001522:	0083      	lsls	r3, r0, #2
10001524:	4d10      	ldr	r5, [pc, #64]	; (10001568 <hardware_alarm_irq_handler+0x88>)
10001526:	595b      	ldr	r3, [r3, r5]
10001528:	438a      	bics	r2, r1
1000152a:	490d      	ldr	r1, [pc, #52]	; (10001560 <hardware_alarm_irq_handler+0x80>)
1000152c:	700a      	strb	r2, [r1, #0]
1000152e:	e007      	b.n	10001540 <hardware_alarm_irq_handler+0x60>
10001530:	4a0a      	ldr	r2, [pc, #40]	; (1000155c <hardware_alarm_irq_handler+0x7c>)
10001532:	1d03      	adds	r3, r0, #4
10001534:	009b      	lsls	r3, r3, #2
10001536:	5899      	ldr	r1, [r3, r2]
10001538:	5099      	str	r1, [r3, r2]
1000153a:	2300      	movs	r3, #0
1000153c:	e000      	b.n	10001540 <hardware_alarm_irq_handler+0x60>
1000153e:	2300      	movs	r3, #0
10001540:	f3bf 8f5f 	dmb	sy
10001544:	4a04      	ldr	r2, [pc, #16]	; (10001558 <hardware_alarm_irq_handler+0x78>)
10001546:	2100      	movs	r1, #0
10001548:	6011      	str	r1, [r2, #0]
1000154a:	f384 8810 	msr	PRIMASK, r4
1000154e:	2b00      	cmp	r3, #0
10001550:	d000      	beq.n	10001554 <hardware_alarm_irq_handler+0x74>
10001552:	4798      	blx	r3
10001554:	bd70      	pop	{r4, r5, r6, pc}
10001556:	46c0      	nop			; (mov r8, r8)
10001558:	d0000128 	.word	0xd0000128
1000155c:	40054000 	.word	0x40054000
10001560:	20000fe2 	.word	0x20000fe2
10001564:	20000fb4 	.word	0x20000fb4
10001568:	200009d8 	.word	0x200009d8

1000156c <hardware_alarm_claim>:
1000156c:	b510      	push	{r4, lr}
1000156e:	0001      	movs	r1, r0
10001570:	4a02      	ldr	r2, [pc, #8]	; (1000157c <hardware_alarm_claim+0x10>)
10001572:	4803      	ldr	r0, [pc, #12]	; (10001580 <hardware_alarm_claim+0x14>)
10001574:	f7fe ff1c 	bl	100003b0 <hw_claim_or_assert>
10001578:	bd10      	pop	{r4, pc}
1000157a:	46c0      	nop			; (mov r8, r8)
1000157c:	100076e0 	.word	0x100076e0
10001580:	20000fdd 	.word	0x20000fdd

10001584 <time_us_64>:
10001584:	4b04      	ldr	r3, [pc, #16]	; (10001598 <time_us_64+0x14>)
10001586:	6a59      	ldr	r1, [r3, #36]	; 0x24
10001588:	e000      	b.n	1000158c <time_us_64+0x8>
1000158a:	0019      	movs	r1, r3
1000158c:	4b02      	ldr	r3, [pc, #8]	; (10001598 <time_us_64+0x14>)
1000158e:	6a98      	ldr	r0, [r3, #40]	; 0x28
10001590:	6a5b      	ldr	r3, [r3, #36]	; 0x24
10001592:	4299      	cmp	r1, r3
10001594:	d1f9      	bne.n	1000158a <time_us_64+0x6>
10001596:	4770      	bx	lr
10001598:	40054000 	.word	0x40054000

1000159c <hardware_alarm_set_callback>:
1000159c:	b570      	push	{r4, r5, r6, lr}
1000159e:	0004      	movs	r4, r0
100015a0:	000d      	movs	r5, r1
100015a2:	f3ef 8610 	mrs	r6, PRIMASK
100015a6:	b672      	cpsid	i
100015a8:	4b1b      	ldr	r3, [pc, #108]	; (10001618 <hardware_alarm_set_callback+0x7c>)
100015aa:	681b      	ldr	r3, [r3, #0]
100015ac:	2b00      	cmp	r3, #0
100015ae:	d0fb      	beq.n	100015a8 <hardware_alarm_set_callback+0xc>
100015b0:	f3bf 8f5f 	dmb	sy
100015b4:	2d00      	cmp	r5, #0
100015b6:	d01c      	beq.n	100015f2 <hardware_alarm_set_callback+0x56>
100015b8:	0020      	movs	r0, r4
100015ba:	f7fe fff7 	bl	100005ac <irq_get_vtable_handler>
100015be:	4b17      	ldr	r3, [pc, #92]	; (1000161c <hardware_alarm_set_callback+0x80>)
100015c0:	4298      	cmp	r0, r3
100015c2:	d00b      	beq.n	100015dc <hardware_alarm_set_callback+0x40>
100015c4:	0019      	movs	r1, r3
100015c6:	0020      	movs	r0, r4
100015c8:	f7ff f80a 	bl	100005e0 <irq_set_exclusive_handler>
100015cc:	2101      	movs	r1, #1
100015ce:	0020      	movs	r0, r4
100015d0:	f7fe ffdc 	bl	1000058c <irq_set_enabled>
100015d4:	2301      	movs	r3, #1
100015d6:	40a3      	lsls	r3, r4
100015d8:	4a11      	ldr	r2, [pc, #68]	; (10001620 <hardware_alarm_set_callback+0x84>)
100015da:	6013      	str	r3, [r2, #0]
100015dc:	00a4      	lsls	r4, r4, #2
100015de:	4b11      	ldr	r3, [pc, #68]	; (10001624 <hardware_alarm_set_callback+0x88>)
100015e0:	50e5      	str	r5, [r4, r3]
100015e2:	f3bf 8f5f 	dmb	sy
100015e6:	4b0c      	ldr	r3, [pc, #48]	; (10001618 <hardware_alarm_set_callback+0x7c>)
100015e8:	2200      	movs	r2, #0
100015ea:	601a      	str	r2, [r3, #0]
100015ec:	f386 8810 	msr	PRIMASK, r6
100015f0:	bd70      	pop	{r4, r5, r6, pc}
100015f2:	00a2      	lsls	r2, r4, #2
100015f4:	4b0b      	ldr	r3, [pc, #44]	; (10001624 <hardware_alarm_set_callback+0x88>)
100015f6:	2100      	movs	r1, #0
100015f8:	50d1      	str	r1, [r2, r3]
100015fa:	2201      	movs	r2, #1
100015fc:	40a2      	lsls	r2, r4
100015fe:	490a      	ldr	r1, [pc, #40]	; (10001628 <hardware_alarm_set_callback+0x8c>)
10001600:	780b      	ldrb	r3, [r1, #0]
10001602:	4393      	bics	r3, r2
10001604:	700b      	strb	r3, [r1, #0]
10001606:	4905      	ldr	r1, [pc, #20]	; (1000161c <hardware_alarm_set_callback+0x80>)
10001608:	0020      	movs	r0, r4
1000160a:	f7ff f925 	bl	10000858 <irq_remove_handler>
1000160e:	2100      	movs	r1, #0
10001610:	0020      	movs	r0, r4
10001612:	f7fe ffbb 	bl	1000058c <irq_set_enabled>
10001616:	e7e4      	b.n	100015e2 <hardware_alarm_set_callback+0x46>
10001618:	d0000128 	.word	0xd0000128
1000161c:	100014e1 	.word	0x100014e1
10001620:	40056038 	.word	0x40056038
10001624:	200009d8 	.word	0x200009d8
10001628:	20000fe2 	.word	0x20000fe2

1000162c <hardware_alarm_set_target>:
1000162c:	b5f0      	push	{r4, r5, r6, r7, lr}
1000162e:	46de      	mov	lr, fp
10001630:	b500      	push	{lr}
10001632:	b084      	sub	sp, #16
10001634:	0005      	movs	r5, r0
10001636:	0014      	movs	r4, r2
10001638:	9201      	str	r2, [sp, #4]
1000163a:	001e      	movs	r6, r3
1000163c:	9302      	str	r3, [sp, #8]
1000163e:	f7ff ffa1 	bl	10001584 <time_us_64>
10001642:	9403      	str	r4, [sp, #12]
10001644:	428e      	cmp	r6, r1
10001646:	d802      	bhi.n	1000164e <hardware_alarm_set_target+0x22>
10001648:	d14e      	bne.n	100016e8 <hardware_alarm_set_target+0xbc>
1000164a:	4284      	cmp	r4, r0
1000164c:	d94c      	bls.n	100016e8 <hardware_alarm_set_target+0xbc>
1000164e:	f3ef 8b10 	mrs	fp, PRIMASK
10001652:	b672      	cpsid	i
10001654:	4b27      	ldr	r3, [pc, #156]	; (100016f4 <hardware_alarm_set_target+0xc8>)
10001656:	681b      	ldr	r3, [r3, #0]
10001658:	2b00      	cmp	r3, #0
1000165a:	d0fb      	beq.n	10001654 <hardware_alarm_set_target+0x28>
1000165c:	f3bf 8f5f 	dmb	sy
10001660:	4a25      	ldr	r2, [pc, #148]	; (100016f8 <hardware_alarm_set_target+0xcc>)
10001662:	7817      	ldrb	r7, [r2, #0]
10001664:	2401      	movs	r4, #1
10001666:	40ac      	lsls	r4, r5
10001668:	b2e3      	uxtb	r3, r4
1000166a:	433b      	orrs	r3, r7
1000166c:	7013      	strb	r3, [r2, #0]
1000166e:	4b23      	ldr	r3, [pc, #140]	; (100016fc <hardware_alarm_set_target+0xd0>)
10001670:	635c      	str	r4, [r3, #52]	; 0x34
10001672:	1d2a      	adds	r2, r5, #4
10001674:	0092      	lsls	r2, r2, #2
10001676:	9901      	ldr	r1, [sp, #4]
10001678:	50d1      	str	r1, [r2, r3]
1000167a:	00aa      	lsls	r2, r5, #2
1000167c:	4920      	ldr	r1, [pc, #128]	; (10001700 <hardware_alarm_set_target+0xd4>)
1000167e:	9802      	ldr	r0, [sp, #8]
10001680:	5050      	str	r0, [r2, r1]
10001682:	6a1b      	ldr	r3, [r3, #32]
10001684:	4223      	tst	r3, r4
10001686:	d112      	bne.n	100016ae <hardware_alarm_set_target+0x82>
10001688:	4b1c      	ldr	r3, [pc, #112]	; (100016fc <hardware_alarm_set_target+0xd0>)
1000168a:	6c1b      	ldr	r3, [r3, #64]	; 0x40
1000168c:	4223      	tst	r3, r4
1000168e:	d008      	beq.n	100016a2 <hardware_alarm_set_target+0x76>
10001690:	2000      	movs	r0, #0
10001692:	f3bf 8f5f 	dmb	sy
10001696:	4b17      	ldr	r3, [pc, #92]	; (100016f4 <hardware_alarm_set_target+0xc8>)
10001698:	2200      	movs	r2, #0
1000169a:	601a      	str	r2, [r3, #0]
1000169c:	f38b 8810 	msr	PRIMASK, fp
100016a0:	e023      	b.n	100016ea <hardware_alarm_set_target+0xbe>
100016a2:	4b18      	ldr	r3, [pc, #96]	; (10001704 <hardware_alarm_set_target+0xd8>)
100016a4:	4a18      	ldr	r2, [pc, #96]	; (10001708 <hardware_alarm_set_target+0xdc>)
100016a6:	21c1      	movs	r1, #193	; 0xc1
100016a8:	4818      	ldr	r0, [pc, #96]	; (1000170c <hardware_alarm_set_target+0xe0>)
100016aa:	f000 fa9b 	bl	10001be4 <__assert_func>
100016ae:	f7ff ff69 	bl	10001584 <time_us_64>
100016b2:	428e      	cmp	r6, r1
100016b4:	d814      	bhi.n	100016e0 <hardware_alarm_set_target+0xb4>
100016b6:	d102      	bne.n	100016be <hardware_alarm_set_target+0x92>
100016b8:	9b03      	ldr	r3, [sp, #12]
100016ba:	4283      	cmp	r3, r0
100016bc:	d810      	bhi.n	100016e0 <hardware_alarm_set_target+0xb4>
100016be:	4b0e      	ldr	r3, [pc, #56]	; (100016f8 <hardware_alarm_set_target+0xcc>)
100016c0:	781b      	ldrb	r3, [r3, #0]
100016c2:	42bb      	cmp	r3, r7
100016c4:	d00e      	beq.n	100016e4 <hardware_alarm_set_target+0xb8>
100016c6:	4b0d      	ldr	r3, [pc, #52]	; (100016fc <hardware_alarm_set_target+0xd0>)
100016c8:	621c      	str	r4, [r3, #32]
100016ca:	635c      	str	r4, [r3, #52]	; 0x34
100016cc:	221f      	movs	r2, #31
100016ce:	402a      	ands	r2, r5
100016d0:	2301      	movs	r3, #1
100016d2:	4093      	lsls	r3, r2
100016d4:	4a0e      	ldr	r2, [pc, #56]	; (10001710 <hardware_alarm_set_target+0xe4>)
100016d6:	6013      	str	r3, [r2, #0]
100016d8:	4b07      	ldr	r3, [pc, #28]	; (100016f8 <hardware_alarm_set_target+0xcc>)
100016da:	701f      	strb	r7, [r3, #0]
100016dc:	2001      	movs	r0, #1
100016de:	e7d8      	b.n	10001692 <hardware_alarm_set_target+0x66>
100016e0:	2000      	movs	r0, #0
100016e2:	e7d6      	b.n	10001692 <hardware_alarm_set_target+0x66>
100016e4:	2001      	movs	r0, #1
100016e6:	e7d4      	b.n	10001692 <hardware_alarm_set_target+0x66>
100016e8:	2001      	movs	r0, #1
100016ea:	b004      	add	sp, #16
100016ec:	bc04      	pop	{r2}
100016ee:	4693      	mov	fp, r2
100016f0:	bdf0      	pop	{r4, r5, r6, r7, pc}
100016f2:	46c0      	nop			; (mov r8, r8)
100016f4:	d0000128 	.word	0xd0000128
100016f8:	20000fe2 	.word	0x20000fe2
100016fc:	40054000 	.word	0x40054000
10001700:	20000fb4 	.word	0x20000fb4
10001704:	10007704 	.word	0x10007704
10001708:	100076c4 	.word	0x100076c4
1000170c:	10007728 	.word	0x10007728
10001710:	e000e280 	.word	0xe000e280

10001714 <hardware_alarm_cancel>:
10001714:	b510      	push	{r4, lr}
10001716:	f3ef 8410 	mrs	r4, PRIMASK
1000171a:	b672      	cpsid	i
1000171c:	4b0a      	ldr	r3, [pc, #40]	; (10001748 <hardware_alarm_cancel+0x34>)
1000171e:	681b      	ldr	r3, [r3, #0]
10001720:	2b00      	cmp	r3, #0
10001722:	d0fb      	beq.n	1000171c <hardware_alarm_cancel+0x8>
10001724:	f3bf 8f5f 	dmb	sy
10001728:	2301      	movs	r3, #1
1000172a:	4083      	lsls	r3, r0
1000172c:	4a07      	ldr	r2, [pc, #28]	; (1000174c <hardware_alarm_cancel+0x38>)
1000172e:	6213      	str	r3, [r2, #32]
10001730:	4907      	ldr	r1, [pc, #28]	; (10001750 <hardware_alarm_cancel+0x3c>)
10001732:	780a      	ldrb	r2, [r1, #0]
10001734:	439a      	bics	r2, r3
10001736:	700a      	strb	r2, [r1, #0]
10001738:	f3bf 8f5f 	dmb	sy
1000173c:	4b02      	ldr	r3, [pc, #8]	; (10001748 <hardware_alarm_cancel+0x34>)
1000173e:	2200      	movs	r2, #0
10001740:	601a      	str	r2, [r3, #0]
10001742:	f384 8810 	msr	PRIMASK, r4
10001746:	bd10      	pop	{r4, pc}
10001748:	d0000128 	.word	0xd0000128
1000174c:	40054000 	.word	0x40054000
10001750:	20000fe2 	.word	0x20000fe2

10001754 <ph_add_child_node>:
10001754:	b510      	push	{r4, lr}
10001756:	2900      	cmp	r1, #0
10001758:	d01e      	beq.n	10001798 <ph_add_child_node+0x44>
1000175a:	7b03      	ldrb	r3, [r0, #12]
1000175c:	4299      	cmp	r1, r3
1000175e:	d81b      	bhi.n	10001798 <ph_add_child_node+0x44>
10001760:	004b      	lsls	r3, r1, #1
10001762:	185b      	adds	r3, r3, r1
10001764:	3b03      	subs	r3, #3
10001766:	6804      	ldr	r4, [r0, #0]
10001768:	46a4      	mov	ip, r4
1000176a:	4463      	add	r3, ip
1000176c:	2900      	cmp	r1, #0
1000176e:	d019      	beq.n	100017a4 <ph_add_child_node+0x50>
10001770:	2a00      	cmp	r2, #0
10001772:	d01d      	beq.n	100017b0 <ph_add_child_node+0x5c>
10001774:	4291      	cmp	r1, r2
10001776:	d021      	beq.n	100017bc <ph_add_child_node+0x68>
10001778:	2a00      	cmp	r2, #0
1000177a:	d025      	beq.n	100017c8 <ph_add_child_node+0x74>
1000177c:	7b04      	ldrb	r4, [r0, #12]
1000177e:	42a2      	cmp	r2, r4
10001780:	d822      	bhi.n	100017c8 <ph_add_child_node+0x74>
10001782:	6804      	ldr	r4, [r0, #0]
10001784:	0050      	lsls	r0, r2, #1
10001786:	1880      	adds	r0, r0, r2
10001788:	3803      	subs	r0, #3
1000178a:	1820      	adds	r0, r4, r0
1000178c:	7081      	strb	r1, [r0, #2]
1000178e:	7819      	ldrb	r1, [r3, #0]
10001790:	2900      	cmp	r1, #0
10001792:	d11f      	bne.n	100017d4 <ph_add_child_node+0x80>
10001794:	701a      	strb	r2, [r3, #0]
10001796:	bd10      	pop	{r4, pc}
10001798:	4b10      	ldr	r3, [pc, #64]	; (100017dc <ph_add_child_node+0x88>)
1000179a:	4a11      	ldr	r2, [pc, #68]	; (100017e0 <ph_add_child_node+0x8c>)
1000179c:	2168      	movs	r1, #104	; 0x68
1000179e:	4811      	ldr	r0, [pc, #68]	; (100017e4 <ph_add_child_node+0x90>)
100017a0:	f000 fa20 	bl	10001be4 <__assert_func>
100017a4:	4b10      	ldr	r3, [pc, #64]	; (100017e8 <ph_add_child_node+0x94>)
100017a6:	4a11      	ldr	r2, [pc, #68]	; (100017ec <ph_add_child_node+0x98>)
100017a8:	316f      	adds	r1, #111	; 0x6f
100017aa:	480e      	ldr	r0, [pc, #56]	; (100017e4 <ph_add_child_node+0x90>)
100017ac:	f000 fa1a 	bl	10001be4 <__assert_func>
100017b0:	4b0f      	ldr	r3, [pc, #60]	; (100017f0 <ph_add_child_node+0x9c>)
100017b2:	4a0e      	ldr	r2, [pc, #56]	; (100017ec <ph_add_child_node+0x98>)
100017b4:	2170      	movs	r1, #112	; 0x70
100017b6:	480b      	ldr	r0, [pc, #44]	; (100017e4 <ph_add_child_node+0x90>)
100017b8:	f000 fa14 	bl	10001be4 <__assert_func>
100017bc:	4b0d      	ldr	r3, [pc, #52]	; (100017f4 <ph_add_child_node+0xa0>)
100017be:	4a0b      	ldr	r2, [pc, #44]	; (100017ec <ph_add_child_node+0x98>)
100017c0:	2171      	movs	r1, #113	; 0x71
100017c2:	4808      	ldr	r0, [pc, #32]	; (100017e4 <ph_add_child_node+0x90>)
100017c4:	f000 fa0e 	bl	10001be4 <__assert_func>
100017c8:	4b04      	ldr	r3, [pc, #16]	; (100017dc <ph_add_child_node+0x88>)
100017ca:	4a05      	ldr	r2, [pc, #20]	; (100017e0 <ph_add_child_node+0x8c>)
100017cc:	2168      	movs	r1, #104	; 0x68
100017ce:	4805      	ldr	r0, [pc, #20]	; (100017e4 <ph_add_child_node+0x90>)
100017d0:	f000 fa08 	bl	10001be4 <__assert_func>
100017d4:	7041      	strb	r1, [r0, #1]
100017d6:	701a      	strb	r2, [r3, #0]
100017d8:	e7dd      	b.n	10001796 <ph_add_child_node+0x42>
100017da:	46c0      	nop			; (mov r8, r8)
100017dc:	100075e0 	.word	0x100075e0
100017e0:	1000776c 	.word	0x1000776c
100017e4:	100075fc 	.word	0x100075fc
100017e8:	10007648 	.word	0x10007648
100017ec:	10007778 	.word	0x10007778
100017f0:	10007654 	.word	0x10007654
100017f4:	10007660 	.word	0x10007660

100017f8 <ph_merge_nodes>:
100017f8:	b570      	push	{r4, r5, r6, lr}
100017fa:	0006      	movs	r6, r0
100017fc:	000d      	movs	r5, r1
100017fe:	0014      	movs	r4, r2
10001800:	2900      	cmp	r1, #0
10001802:	d014      	beq.n	1000182e <ph_merge_nodes+0x36>
10001804:	2a00      	cmp	r2, #0
10001806:	d014      	beq.n	10001832 <ph_merge_nodes+0x3a>
10001808:	6880      	ldr	r0, [r0, #8]
1000180a:	6873      	ldr	r3, [r6, #4]
1000180c:	4798      	blx	r3
1000180e:	2800      	cmp	r0, #0
10001810:	d006      	beq.n	10001820 <ph_merge_nodes+0x28>
10001812:	0022      	movs	r2, r4
10001814:	0029      	movs	r1, r5
10001816:	0030      	movs	r0, r6
10001818:	f7ff ff9c 	bl	10001754 <ph_add_child_node>
1000181c:	0028      	movs	r0, r5
1000181e:	e007      	b.n	10001830 <ph_merge_nodes+0x38>
10001820:	002a      	movs	r2, r5
10001822:	0021      	movs	r1, r4
10001824:	0030      	movs	r0, r6
10001826:	f7ff ff95 	bl	10001754 <ph_add_child_node>
1000182a:	0020      	movs	r0, r4
1000182c:	e000      	b.n	10001830 <ph_merge_nodes+0x38>
1000182e:	0010      	movs	r0, r2
10001830:	bd70      	pop	{r4, r5, r6, pc}
10001832:	0008      	movs	r0, r1
10001834:	e7fc      	b.n	10001830 <ph_merge_nodes+0x38>
	...

10001838 <ph_clear>:
10001838:	b510      	push	{r4, lr}
1000183a:	2300      	movs	r3, #0
1000183c:	7343      	strb	r3, [r0, #13]
1000183e:	3301      	adds	r3, #1
10001840:	7383      	strb	r3, [r0, #14]
10001842:	7b03      	ldrb	r3, [r0, #12]
10001844:	73c3      	strb	r3, [r0, #15]
10001846:	2301      	movs	r3, #1
10001848:	7b02      	ldrb	r2, [r0, #12]
1000184a:	429a      	cmp	r2, r3
1000184c:	d914      	bls.n	10001878 <ph_clear+0x40>
1000184e:	2b00      	cmp	r3, #0
10001850:	d00c      	beq.n	1000186c <ph_clear+0x34>
10001852:	7b02      	ldrb	r2, [r0, #12]
10001854:	4293      	cmp	r3, r2
10001856:	d809      	bhi.n	1000186c <ph_clear+0x34>
10001858:	005a      	lsls	r2, r3, #1
1000185a:	18d2      	adds	r2, r2, r3
1000185c:	3a03      	subs	r2, #3
1000185e:	6801      	ldr	r1, [r0, #0]
10001860:	468c      	mov	ip, r1
10001862:	4462      	add	r2, ip
10001864:	3301      	adds	r3, #1
10001866:	b2db      	uxtb	r3, r3
10001868:	7053      	strb	r3, [r2, #1]
1000186a:	e7ed      	b.n	10001848 <ph_clear+0x10>
1000186c:	4b0b      	ldr	r3, [pc, #44]	; (1000189c <ph_clear+0x64>)
1000186e:	4a0c      	ldr	r2, [pc, #48]	; (100018a0 <ph_clear+0x68>)
10001870:	2168      	movs	r1, #104	; 0x68
10001872:	480c      	ldr	r0, [pc, #48]	; (100018a4 <ph_clear+0x6c>)
10001874:	f000 f9b6 	bl	10001be4 <__assert_func>
10001878:	2a00      	cmp	r2, #0
1000187a:	d009      	beq.n	10001890 <ph_clear+0x58>
1000187c:	4292      	cmp	r2, r2
1000187e:	d807      	bhi.n	10001890 <ph_clear+0x58>
10001880:	6801      	ldr	r1, [r0, #0]
10001882:	0053      	lsls	r3, r2, #1
10001884:	189a      	adds	r2, r3, r2
10001886:	3a03      	subs	r2, #3
10001888:	188a      	adds	r2, r1, r2
1000188a:	2300      	movs	r3, #0
1000188c:	7053      	strb	r3, [r2, #1]
1000188e:	bd10      	pop	{r4, pc}
10001890:	4b02      	ldr	r3, [pc, #8]	; (1000189c <ph_clear+0x64>)
10001892:	4a03      	ldr	r2, [pc, #12]	; (100018a0 <ph_clear+0x68>)
10001894:	2168      	movs	r1, #104	; 0x68
10001896:	4803      	ldr	r0, [pc, #12]	; (100018a4 <ph_clear+0x6c>)
10001898:	f000 f9a4 	bl	10001be4 <__assert_func>
1000189c:	100075e0 	.word	0x100075e0
100018a0:	1000776c 	.word	0x1000776c
100018a4:	100075fc 	.word	0x100075fc

100018a8 <ph_post_alloc_init>:
100018a8:	b510      	push	{r4, lr}
100018aa:	7301      	strb	r1, [r0, #12]
100018ac:	6042      	str	r2, [r0, #4]
100018ae:	6083      	str	r3, [r0, #8]
100018b0:	f7ff ffc2 	bl	10001838 <ph_clear>
100018b4:	bd10      	pop	{r4, pc}
	...

100018b8 <ph_merge_two_pass>:
100018b8:	b570      	push	{r4, r5, r6, lr}
100018ba:	0004      	movs	r4, r0
100018bc:	2900      	cmp	r1, #0
100018be:	d101      	bne.n	100018c4 <ph_merge_two_pass+0xc>
100018c0:	0008      	movs	r0, r1
100018c2:	bd70      	pop	{r4, r5, r6, pc}
100018c4:	2900      	cmp	r1, #0
100018c6:	d034      	beq.n	10001932 <ph_merge_two_pass+0x7a>
100018c8:	7b03      	ldrb	r3, [r0, #12]
100018ca:	4299      	cmp	r1, r3
100018cc:	d831      	bhi.n	10001932 <ph_merge_two_pass+0x7a>
100018ce:	004b      	lsls	r3, r1, #1
100018d0:	185b      	adds	r3, r3, r1
100018d2:	3b03      	subs	r3, #3
100018d4:	6802      	ldr	r2, [r0, #0]
100018d6:	4694      	mov	ip, r2
100018d8:	4463      	add	r3, ip
100018da:	785a      	ldrb	r2, [r3, #1]
100018dc:	2a00      	cmp	r2, #0
100018de:	d0ef      	beq.n	100018c0 <ph_merge_two_pass+0x8>
100018e0:	d02d      	beq.n	1000193e <ph_merge_two_pass+0x86>
100018e2:	7b03      	ldrb	r3, [r0, #12]
100018e4:	429a      	cmp	r2, r3
100018e6:	d82a      	bhi.n	1000193e <ph_merge_two_pass+0x86>
100018e8:	0053      	lsls	r3, r2, #1
100018ea:	189b      	adds	r3, r3, r2
100018ec:	3b03      	subs	r3, #3
100018ee:	6800      	ldr	r0, [r0, #0]
100018f0:	4684      	mov	ip, r0
100018f2:	4463      	add	r3, ip
100018f4:	785d      	ldrb	r5, [r3, #1]
100018f6:	2000      	movs	r0, #0
100018f8:	7058      	strb	r0, [r3, #1]
100018fa:	2900      	cmp	r1, #0
100018fc:	d025      	beq.n	1000194a <ph_merge_two_pass+0x92>
100018fe:	7b23      	ldrb	r3, [r4, #12]
10001900:	4299      	cmp	r1, r3
10001902:	d822      	bhi.n	1000194a <ph_merge_two_pass+0x92>
10001904:	004b      	lsls	r3, r1, #1
10001906:	185b      	adds	r3, r3, r1
10001908:	3b03      	subs	r3, #3
1000190a:	6820      	ldr	r0, [r4, #0]
1000190c:	4684      	mov	ip, r0
1000190e:	4463      	add	r3, ip
10001910:	2000      	movs	r0, #0
10001912:	7058      	strb	r0, [r3, #1]
10001914:	0020      	movs	r0, r4
10001916:	f7ff ff6f 	bl	100017f8 <ph_merge_nodes>
1000191a:	0006      	movs	r6, r0
1000191c:	0029      	movs	r1, r5
1000191e:	0020      	movs	r0, r4
10001920:	f7ff ffca 	bl	100018b8 <ph_merge_two_pass>
10001924:	0002      	movs	r2, r0
10001926:	0031      	movs	r1, r6
10001928:	0020      	movs	r0, r4
1000192a:	f7ff ff65 	bl	100017f8 <ph_merge_nodes>
1000192e:	0001      	movs	r1, r0
10001930:	e7c6      	b.n	100018c0 <ph_merge_two_pass+0x8>
10001932:	4b09      	ldr	r3, [pc, #36]	; (10001958 <ph_merge_two_pass+0xa0>)
10001934:	4a09      	ldr	r2, [pc, #36]	; (1000195c <ph_merge_two_pass+0xa4>)
10001936:	2168      	movs	r1, #104	; 0x68
10001938:	4809      	ldr	r0, [pc, #36]	; (10001960 <ph_merge_two_pass+0xa8>)
1000193a:	f000 f953 	bl	10001be4 <__assert_func>
1000193e:	4b06      	ldr	r3, [pc, #24]	; (10001958 <ph_merge_two_pass+0xa0>)
10001940:	4a06      	ldr	r2, [pc, #24]	; (1000195c <ph_merge_two_pass+0xa4>)
10001942:	2168      	movs	r1, #104	; 0x68
10001944:	4806      	ldr	r0, [pc, #24]	; (10001960 <ph_merge_two_pass+0xa8>)
10001946:	f000 f94d 	bl	10001be4 <__assert_func>
1000194a:	4b03      	ldr	r3, [pc, #12]	; (10001958 <ph_merge_two_pass+0xa0>)
1000194c:	4a03      	ldr	r2, [pc, #12]	; (1000195c <ph_merge_two_pass+0xa4>)
1000194e:	2168      	movs	r1, #104	; 0x68
10001950:	4803      	ldr	r0, [pc, #12]	; (10001960 <ph_merge_two_pass+0xa8>)
10001952:	f000 f947 	bl	10001be4 <__assert_func>
10001956:	46c0      	nop			; (mov r8, r8)
10001958:	100075e0 	.word	0x100075e0
1000195c:	1000776c 	.word	0x1000776c
10001960:	100075fc 	.word	0x100075fc

10001964 <ph_remove_any_head>:
10001964:	b570      	push	{r4, r5, r6, lr}
10001966:	0005      	movs	r5, r0
10001968:	000c      	movs	r4, r1
1000196a:	0016      	movs	r6, r2
1000196c:	2900      	cmp	r1, #0
1000196e:	d028      	beq.n	100019c2 <ph_remove_any_head+0x5e>
10001970:	d02d      	beq.n	100019ce <ph_remove_any_head+0x6a>
10001972:	7b03      	ldrb	r3, [r0, #12]
10001974:	4299      	cmp	r1, r3
10001976:	d82a      	bhi.n	100019ce <ph_remove_any_head+0x6a>
10001978:	004b      	lsls	r3, r1, #1
1000197a:	185b      	adds	r3, r3, r1
1000197c:	3b03      	subs	r3, #3
1000197e:	6802      	ldr	r2, [r0, #0]
10001980:	4694      	mov	ip, r2
10001982:	4463      	add	r3, ip
10001984:	785a      	ldrb	r2, [r3, #1]
10001986:	2a00      	cmp	r2, #0
10001988:	d127      	bne.n	100019da <ph_remove_any_head+0x76>
1000198a:	789a      	ldrb	r2, [r3, #2]
1000198c:	2a00      	cmp	r2, #0
1000198e:	d12a      	bne.n	100019e6 <ph_remove_any_head+0x82>
10001990:	7819      	ldrb	r1, [r3, #0]
10001992:	f7ff ff91 	bl	100018b8 <ph_merge_two_pass>
10001996:	0003      	movs	r3, r0
10001998:	2e00      	cmp	r6, #0
1000199a:	d003      	beq.n	100019a4 <ph_remove_any_head+0x40>
1000199c:	7bea      	ldrb	r2, [r5, #15]
1000199e:	2a00      	cmp	r2, #0
100019a0:	d127      	bne.n	100019f2 <ph_remove_any_head+0x8e>
100019a2:	73ec      	strb	r4, [r5, #15]
100019a4:	2b00      	cmp	r3, #0
100019a6:	d137      	bne.n	10001a18 <ph_remove_any_head+0xb4>
100019a8:	2c00      	cmp	r4, #0
100019aa:	d049      	beq.n	10001a40 <ph_remove_any_head+0xdc>
100019ac:	7b2b      	ldrb	r3, [r5, #12]
100019ae:	429c      	cmp	r4, r3
100019b0:	d846      	bhi.n	10001a40 <ph_remove_any_head+0xdc>
100019b2:	682a      	ldr	r2, [r5, #0]
100019b4:	0063      	lsls	r3, r4, #1
100019b6:	191c      	adds	r4, r3, r4
100019b8:	3c03      	subs	r4, #3
100019ba:	1914      	adds	r4, r2, r4
100019bc:	2300      	movs	r3, #0
100019be:	7063      	strb	r3, [r4, #1]
100019c0:	bd70      	pop	{r4, r5, r6, pc}
100019c2:	4b22      	ldr	r3, [pc, #136]	; (10001a4c <ph_remove_any_head+0xe8>)
100019c4:	4a22      	ldr	r2, [pc, #136]	; (10001a50 <ph_remove_any_head+0xec>)
100019c6:	2138      	movs	r1, #56	; 0x38
100019c8:	4822      	ldr	r0, [pc, #136]	; (10001a54 <ph_remove_any_head+0xf0>)
100019ca:	f000 f90b 	bl	10001be4 <__assert_func>
100019ce:	4b22      	ldr	r3, [pc, #136]	; (10001a58 <ph_remove_any_head+0xf4>)
100019d0:	4a22      	ldr	r2, [pc, #136]	; (10001a5c <ph_remove_any_head+0xf8>)
100019d2:	2168      	movs	r1, #104	; 0x68
100019d4:	4822      	ldr	r0, [pc, #136]	; (10001a60 <ph_remove_any_head+0xfc>)
100019d6:	f000 f905 	bl	10001be4 <__assert_func>
100019da:	4b22      	ldr	r3, [pc, #136]	; (10001a64 <ph_remove_any_head+0x100>)
100019dc:	4a1c      	ldr	r2, [pc, #112]	; (10001a50 <ph_remove_any_head+0xec>)
100019de:	213a      	movs	r1, #58	; 0x3a
100019e0:	481c      	ldr	r0, [pc, #112]	; (10001a54 <ph_remove_any_head+0xf0>)
100019e2:	f000 f8ff 	bl	10001be4 <__assert_func>
100019e6:	4b20      	ldr	r3, [pc, #128]	; (10001a68 <ph_remove_any_head+0x104>)
100019e8:	4a19      	ldr	r2, [pc, #100]	; (10001a50 <ph_remove_any_head+0xec>)
100019ea:	213b      	movs	r1, #59	; 0x3b
100019ec:	4819      	ldr	r0, [pc, #100]	; (10001a54 <ph_remove_any_head+0xf0>)
100019ee:	f000 f8f9 	bl	10001be4 <__assert_func>
100019f2:	2a00      	cmp	r2, #0
100019f4:	d00a      	beq.n	10001a0c <ph_remove_any_head+0xa8>
100019f6:	7b29      	ldrb	r1, [r5, #12]
100019f8:	428a      	cmp	r2, r1
100019fa:	d807      	bhi.n	10001a0c <ph_remove_any_head+0xa8>
100019fc:	0051      	lsls	r1, r2, #1
100019fe:	188a      	adds	r2, r1, r2
10001a00:	3a03      	subs	r2, #3
10001a02:	6829      	ldr	r1, [r5, #0]
10001a04:	468c      	mov	ip, r1
10001a06:	4462      	add	r2, ip
10001a08:	7054      	strb	r4, [r2, #1]
10001a0a:	e7ca      	b.n	100019a2 <ph_remove_any_head+0x3e>
10001a0c:	4b12      	ldr	r3, [pc, #72]	; (10001a58 <ph_remove_any_head+0xf4>)
10001a0e:	4a13      	ldr	r2, [pc, #76]	; (10001a5c <ph_remove_any_head+0xf8>)
10001a10:	2168      	movs	r1, #104	; 0x68
10001a12:	4813      	ldr	r0, [pc, #76]	; (10001a60 <ph_remove_any_head+0xfc>)
10001a14:	f000 f8e6 	bl	10001be4 <__assert_func>
10001a18:	2b00      	cmp	r3, #0
10001a1a:	d00b      	beq.n	10001a34 <ph_remove_any_head+0xd0>
10001a1c:	7b2a      	ldrb	r2, [r5, #12]
10001a1e:	4293      	cmp	r3, r2
10001a20:	d808      	bhi.n	10001a34 <ph_remove_any_head+0xd0>
10001a22:	0043      	lsls	r3, r0, #1
10001a24:	181b      	adds	r3, r3, r0
10001a26:	3b03      	subs	r3, #3
10001a28:	682a      	ldr	r2, [r5, #0]
10001a2a:	4694      	mov	ip, r2
10001a2c:	4463      	add	r3, ip
10001a2e:	2200      	movs	r2, #0
10001a30:	709a      	strb	r2, [r3, #2]
10001a32:	e7b9      	b.n	100019a8 <ph_remove_any_head+0x44>
10001a34:	4b08      	ldr	r3, [pc, #32]	; (10001a58 <ph_remove_any_head+0xf4>)
10001a36:	4a09      	ldr	r2, [pc, #36]	; (10001a5c <ph_remove_any_head+0xf8>)
10001a38:	2168      	movs	r1, #104	; 0x68
10001a3a:	4809      	ldr	r0, [pc, #36]	; (10001a60 <ph_remove_any_head+0xfc>)
10001a3c:	f000 f8d2 	bl	10001be4 <__assert_func>
10001a40:	4b05      	ldr	r3, [pc, #20]	; (10001a58 <ph_remove_any_head+0xf4>)
10001a42:	4a06      	ldr	r2, [pc, #24]	; (10001a5c <ph_remove_any_head+0xf8>)
10001a44:	2168      	movs	r1, #104	; 0x68
10001a46:	4806      	ldr	r0, [pc, #24]	; (10001a60 <ph_remove_any_head+0xfc>)
10001a48:	f000 f8cc 	bl	10001be4 <__assert_func>
10001a4c:	100077d8 	.word	0x100077d8
10001a50:	1000778c 	.word	0x1000778c
10001a54:	100077e0 	.word	0x100077e0
10001a58:	100075e0 	.word	0x100075e0
10001a5c:	1000776c 	.word	0x1000776c
10001a60:	100075fc 	.word	0x100075fc
10001a64:	1000781c 	.word	0x1000781c
10001a68:	10007844 	.word	0x10007844

10001a6c <ph_remove_head>:
10001a6c:	b570      	push	{r4, r5, r6, lr}
10001a6e:	0004      	movs	r4, r0
10001a70:	000a      	movs	r2, r1
10001a72:	7b45      	ldrb	r5, [r0, #13]
10001a74:	0029      	movs	r1, r5
10001a76:	f7ff ff75 	bl	10001964 <ph_remove_any_head>
10001a7a:	7360      	strb	r0, [r4, #13]
10001a7c:	0028      	movs	r0, r5
10001a7e:	bd70      	pop	{r4, r5, r6, pc}

10001a80 <ph_remove_and_free_node>:
10001a80:	b510      	push	{r4, lr}
10001a82:	0004      	movs	r4, r0
10001a84:	2900      	cmp	r1, #0
10001a86:	d066      	beq.n	10001b56 <ph_remove_and_free_node+0xd6>
10001a88:	7b43      	ldrb	r3, [r0, #13]
10001a8a:	428b      	cmp	r3, r1
10001a8c:	d00e      	beq.n	10001aac <ph_remove_and_free_node+0x2c>
10001a8e:	2900      	cmp	r1, #0
10001a90:	d011      	beq.n	10001ab6 <ph_remove_and_free_node+0x36>
10001a92:	7b03      	ldrb	r3, [r0, #12]
10001a94:	4299      	cmp	r1, r3
10001a96:	d80e      	bhi.n	10001ab6 <ph_remove_and_free_node+0x36>
10001a98:	004b      	lsls	r3, r1, #1
10001a9a:	185b      	adds	r3, r3, r1
10001a9c:	3b03      	subs	r3, #3
10001a9e:	6802      	ldr	r2, [r0, #0]
10001aa0:	18d0      	adds	r0, r2, r3
10001aa2:	7883      	ldrb	r3, [r0, #2]
10001aa4:	2b00      	cmp	r3, #0
10001aa6:	d10c      	bne.n	10001ac2 <ph_remove_and_free_node+0x42>
10001aa8:	2000      	movs	r0, #0
10001aaa:	e055      	b.n	10001b58 <ph_remove_and_free_node+0xd8>
10001aac:	2101      	movs	r1, #1
10001aae:	f7ff ffdd 	bl	10001a6c <ph_remove_head>
10001ab2:	2001      	movs	r0, #1
10001ab4:	e050      	b.n	10001b58 <ph_remove_and_free_node+0xd8>
10001ab6:	4b29      	ldr	r3, [pc, #164]	; (10001b5c <ph_remove_and_free_node+0xdc>)
10001ab8:	4a29      	ldr	r2, [pc, #164]	; (10001b60 <ph_remove_and_free_node+0xe0>)
10001aba:	2168      	movs	r1, #104	; 0x68
10001abc:	4829      	ldr	r0, [pc, #164]	; (10001b64 <ph_remove_and_free_node+0xe4>)
10001abe:	f000 f891 	bl	10001be4 <__assert_func>
10001ac2:	2b00      	cmp	r3, #0
10001ac4:	d01f      	beq.n	10001b06 <ph_remove_and_free_node+0x86>
10001ac6:	7b22      	ldrb	r2, [r4, #12]
10001ac8:	4293      	cmp	r3, r2
10001aca:	d81c      	bhi.n	10001b06 <ph_remove_and_free_node+0x86>
10001acc:	005a      	lsls	r2, r3, #1
10001ace:	18d3      	adds	r3, r2, r3
10001ad0:	3b03      	subs	r3, #3
10001ad2:	6822      	ldr	r2, [r4, #0]
10001ad4:	18d2      	adds	r2, r2, r3
10001ad6:	7813      	ldrb	r3, [r2, #0]
10001ad8:	428b      	cmp	r3, r1
10001ada:	d01a      	beq.n	10001b12 <ph_remove_and_free_node+0x92>
10001adc:	2b00      	cmp	r3, #0
10001ade:	d01b      	beq.n	10001b18 <ph_remove_and_free_node+0x98>
10001ae0:	7b22      	ldrb	r2, [r4, #12]
10001ae2:	4293      	cmp	r3, r2
10001ae4:	d818      	bhi.n	10001b18 <ph_remove_and_free_node+0x98>
10001ae6:	005a      	lsls	r2, r3, #1
10001ae8:	18d3      	adds	r3, r2, r3
10001aea:	3b03      	subs	r3, #3
10001aec:	6822      	ldr	r2, [r4, #0]
10001aee:	18d2      	adds	r2, r2, r3
10001af0:	7853      	ldrb	r3, [r2, #1]
10001af2:	428b      	cmp	r3, r1
10001af4:	d016      	beq.n	10001b24 <ph_remove_and_free_node+0xa4>
10001af6:	2b00      	cmp	r3, #0
10001af8:	d1f0      	bne.n	10001adc <ph_remove_and_free_node+0x5c>
10001afa:	4b1b      	ldr	r3, [pc, #108]	; (10001b68 <ph_remove_and_free_node+0xe8>)
10001afc:	4a1b      	ldr	r2, [pc, #108]	; (10001b6c <ph_remove_and_free_node+0xec>)
10001afe:	2167      	movs	r1, #103	; 0x67
10001b00:	481b      	ldr	r0, [pc, #108]	; (10001b70 <ph_remove_and_free_node+0xf0>)
10001b02:	f000 f86f 	bl	10001be4 <__assert_func>
10001b06:	4b15      	ldr	r3, [pc, #84]	; (10001b5c <ph_remove_and_free_node+0xdc>)
10001b08:	4a15      	ldr	r2, [pc, #84]	; (10001b60 <ph_remove_and_free_node+0xe0>)
10001b0a:	2168      	movs	r1, #104	; 0x68
10001b0c:	4815      	ldr	r0, [pc, #84]	; (10001b64 <ph_remove_and_free_node+0xe4>)
10001b0e:	f000 f869 	bl	10001be4 <__assert_func>
10001b12:	7843      	ldrb	r3, [r0, #1]
10001b14:	7013      	strb	r3, [r2, #0]
10001b16:	e007      	b.n	10001b28 <ph_remove_and_free_node+0xa8>
10001b18:	4b10      	ldr	r3, [pc, #64]	; (10001b5c <ph_remove_and_free_node+0xdc>)
10001b1a:	4a11      	ldr	r2, [pc, #68]	; (10001b60 <ph_remove_and_free_node+0xe0>)
10001b1c:	2168      	movs	r1, #104	; 0x68
10001b1e:	4811      	ldr	r0, [pc, #68]	; (10001b64 <ph_remove_and_free_node+0xe4>)
10001b20:	f000 f860 	bl	10001be4 <__assert_func>
10001b24:	7843      	ldrb	r3, [r0, #1]
10001b26:	7053      	strb	r3, [r2, #1]
10001b28:	2300      	movs	r3, #0
10001b2a:	7083      	strb	r3, [r0, #2]
10001b2c:	7043      	strb	r3, [r0, #1]
10001b2e:	2201      	movs	r2, #1
10001b30:	0020      	movs	r0, r4
10001b32:	f7ff ff17 	bl	10001964 <ph_remove_any_head>
10001b36:	0002      	movs	r2, r0
10001b38:	7b61      	ldrb	r1, [r4, #13]
10001b3a:	4281      	cmp	r1, r0
10001b3c:	d005      	beq.n	10001b4a <ph_remove_and_free_node+0xca>
10001b3e:	0020      	movs	r0, r4
10001b40:	f7ff fe5a 	bl	100017f8 <ph_merge_nodes>
10001b44:	7360      	strb	r0, [r4, #13]
10001b46:	2001      	movs	r0, #1
10001b48:	e006      	b.n	10001b58 <ph_remove_and_free_node+0xd8>
10001b4a:	4b0a      	ldr	r3, [pc, #40]	; (10001b74 <ph_remove_and_free_node+0xf4>)
10001b4c:	4a07      	ldr	r2, [pc, #28]	; (10001b6c <ph_remove_and_free_node+0xec>)
10001b4e:	216d      	movs	r1, #109	; 0x6d
10001b50:	4807      	ldr	r0, [pc, #28]	; (10001b70 <ph_remove_and_free_node+0xf0>)
10001b52:	f000 f847 	bl	10001be4 <__assert_func>
10001b56:	2000      	movs	r0, #0
10001b58:	bd10      	pop	{r4, pc}
10001b5a:	46c0      	nop			; (mov r8, r8)
10001b5c:	100075e0 	.word	0x100075e0
10001b60:	1000776c 	.word	0x1000776c
10001b64:	100075fc 	.word	0x100075fc
10001b68:	1000727c 	.word	0x1000727c
10001b6c:	100077a0 	.word	0x100077a0
10001b70:	100077e0 	.word	0x100077e0
10001b74:	100077b8 	.word	0x100077b8

10001b78 <mutex_init>:
10001b78:	b510      	push	{r4, lr}
10001b7a:	0004      	movs	r4, r0
10001b7c:	f7fe fc74 	bl	10000468 <next_striped_spin_lock_num>
10001b80:	0001      	movs	r1, r0
10001b82:	0020      	movs	r0, r4
10001b84:	f7fe ffd6 	bl	10000b34 <lock_init>
10001b88:	23ff      	movs	r3, #255	; 0xff
10001b8a:	7123      	strb	r3, [r4, #4]
10001b8c:	f3bf 8f5f 	dmb	sy
10001b90:	bd10      	pop	{r4, pc}

10001b92 <recursive_mutex_init>:
10001b92:	b510      	push	{r4, lr}
10001b94:	0004      	movs	r4, r0
10001b96:	f7fe fc67 	bl	10000468 <next_striped_spin_lock_num>
10001b9a:	0001      	movs	r1, r0
10001b9c:	0020      	movs	r0, r4
10001b9e:	f7fe ffc9 	bl	10000b34 <lock_init>
10001ba2:	23ff      	movs	r3, #255	; 0xff
10001ba4:	7123      	strb	r3, [r4, #4]
10001ba6:	2300      	movs	r3, #0
10001ba8:	7163      	strb	r3, [r4, #5]
10001baa:	f3bf 8f5f 	dmb	sy
10001bae:	bd10      	pop	{r4, pc}

10001bb0 <critical_section_init_with_lock_num>:
10001bb0:	4b03      	ldr	r3, [pc, #12]	; (10001bc0 <critical_section_init_with_lock_num+0x10>)
10001bb2:	469c      	mov	ip, r3
10001bb4:	4461      	add	r1, ip
10001bb6:	0089      	lsls	r1, r1, #2
10001bb8:	6001      	str	r1, [r0, #0]
10001bba:	f3bf 8f5f 	dmb	sy
10001bbe:	4770      	bx	lr
10001bc0:	34000040 	.word	0x34000040

10001bc4 <critical_section_init>:
10001bc4:	b510      	push	{r4, lr}
10001bc6:	0004      	movs	r4, r0
10001bc8:	2001      	movs	r0, #1
10001bca:	f7fe fc5b 	bl	10000484 <spin_lock_claim_unused>
10001bce:	0001      	movs	r1, r0
10001bd0:	0020      	movs	r0, r4
10001bd2:	f7ff ffed 	bl	10001bb0 <critical_section_init_with_lock_num>
10001bd6:	bd10      	pop	{r4, pc}

10001bd8 <_exit>:
10001bd8:	be00      	bkpt	0x0000
10001bda:	e7fd      	b.n	10001bd8 <_exit>

10001bdc <exit>:
10001bdc:	b510      	push	{r4, lr}
10001bde:	f7ff fffb 	bl	10001bd8 <_exit>
	...

10001be4 <__assert_func>:
10001be4:	b510      	push	{r4, lr}
10001be6:	b082      	sub	sp, #8
10001be8:	000c      	movs	r4, r1
10001bea:	0019      	movs	r1, r3
10001bec:	2a00      	cmp	r2, #0
10001bee:	d00c      	beq.n	10001c0a <__assert_func+0x26>
10001bf0:	4b08      	ldr	r3, [pc, #32]	; (10001c14 <__assert_func+0x30>)
10001bf2:	2a00      	cmp	r2, #0
10001bf4:	d00b      	beq.n	10001c0e <__assert_func+0x2a>
10001bf6:	9201      	str	r2, [sp, #4]
10001bf8:	9300      	str	r3, [sp, #0]
10001bfa:	0023      	movs	r3, r4
10001bfc:	0002      	movs	r2, r0
10001bfe:	4806      	ldr	r0, [pc, #24]	; (10001c18 <__assert_func+0x34>)
10001c00:	f002 fbdc 	bl	100043bc <__wrap_printf>
10001c04:	2001      	movs	r0, #1
10001c06:	f7ff ffe7 	bl	10001bd8 <_exit>
10001c0a:	4b04      	ldr	r3, [pc, #16]	; (10001c1c <__assert_func+0x38>)
10001c0c:	e7f1      	b.n	10001bf2 <__assert_func+0xe>
10001c0e:	4a03      	ldr	r2, [pc, #12]	; (10001c1c <__assert_func+0x38>)
10001c10:	e7f1      	b.n	10001bf6 <__assert_func+0x12>
10001c12:	46c0      	nop			; (mov r8, r8)
10001c14:	10007934 	.word	0x10007934
10001c18:	10007944 	.word	0x10007944
10001c1c:	10007940 	.word	0x10007940

10001c20 <runtime_init>:
10001c20:	b570      	push	{r4, r5, r6, lr}
10001c22:	4b2b      	ldr	r3, [pc, #172]	; (10001cd0 <runtime_init+0xb0>)
10001c24:	4a2b      	ldr	r2, [pc, #172]	; (10001cd4 <runtime_init+0xb4>)
10001c26:	601a      	str	r2, [r3, #0]
10001c28:	4b2b      	ldr	r3, [pc, #172]	; (10001cd8 <runtime_init+0xb8>)
10001c2a:	4a2c      	ldr	r2, [pc, #176]	; (10001cdc <runtime_init+0xbc>)
10001c2c:	601a      	str	r2, [r3, #0]
10001c2e:	4b2c      	ldr	r3, [pc, #176]	; (10001ce0 <runtime_init+0xc0>)
10001c30:	689a      	ldr	r2, [r3, #8]
10001c32:	4b2a      	ldr	r3, [pc, #168]	; (10001cdc <runtime_init+0xbc>)
10001c34:	4393      	bics	r3, r2
10001c36:	d1fa      	bne.n	10001c2e <runtime_init+0xe>
10001c38:	4c2a      	ldr	r4, [pc, #168]	; (10001ce4 <runtime_init+0xc4>)
10001c3a:	e001      	b.n	10001c40 <runtime_init+0x20>
10001c3c:	cc08      	ldmia	r4!, {r3}
10001c3e:	4798      	blx	r3
10001c40:	4b29      	ldr	r3, [pc, #164]	; (10001ce8 <runtime_init+0xc8>)
10001c42:	429c      	cmp	r4, r3
10001c44:	d3fa      	bcc.n	10001c3c <runtime_init+0x1c>
10001c46:	f000 f8fd 	bl	10001e44 <clocks_init>
10001c4a:	4b23      	ldr	r3, [pc, #140]	; (10001cd8 <runtime_init+0xb8>)
10001c4c:	4a27      	ldr	r2, [pc, #156]	; (10001cec <runtime_init+0xcc>)
10001c4e:	601a      	str	r2, [r3, #0]
10001c50:	4b23      	ldr	r3, [pc, #140]	; (10001ce0 <runtime_init+0xc0>)
10001c52:	689b      	ldr	r3, [r3, #8]
10001c54:	43db      	mvns	r3, r3
10001c56:	01db      	lsls	r3, r3, #7
10001c58:	d1fa      	bne.n	10001c50 <runtime_init+0x30>
10001c5a:	4b25      	ldr	r3, [pc, #148]	; (10001cf0 <runtime_init+0xd0>)
10001c5c:	2240      	movs	r2, #64	; 0x40
10001c5e:	679a      	str	r2, [r3, #120]	; 0x78
10001c60:	675a      	str	r2, [r3, #116]	; 0x74
10001c62:	671a      	str	r2, [r3, #112]	; 0x70
10001c64:	66da      	str	r2, [r3, #108]	; 0x6c
10001c66:	4c23      	ldr	r4, [pc, #140]	; (10001cf4 <runtime_init+0xd4>)
10001c68:	e009      	b.n	10001c7e <runtime_init+0x5e>
10001c6a:	4b23      	ldr	r3, [pc, #140]	; (10001cf8 <runtime_init+0xd8>)
10001c6c:	4a23      	ldr	r2, [pc, #140]	; (10001cfc <runtime_init+0xdc>)
10001c6e:	2183      	movs	r1, #131	; 0x83
10001c70:	4823      	ldr	r0, [pc, #140]	; (10001d00 <runtime_init+0xe0>)
10001c72:	f7ff ffb7 	bl	10001be4 <__assert_func>
10001c76:	0020      	movs	r0, r4
10001c78:	f7ff ff7e 	bl	10001b78 <mutex_init>
10001c7c:	3408      	adds	r4, #8
10001c7e:	4b21      	ldr	r3, [pc, #132]	; (10001d04 <runtime_init+0xe4>)
10001c80:	429c      	cmp	r4, r3
10001c82:	d209      	bcs.n	10001c98 <runtime_init+0x78>
10001c84:	6823      	ldr	r3, [r4, #0]
10001c86:	2b00      	cmp	r3, #0
10001c88:	d0f5      	beq.n	10001c76 <runtime_init+0x56>
10001c8a:	2b01      	cmp	r3, #1
10001c8c:	d1ed      	bne.n	10001c6a <runtime_init+0x4a>
10001c8e:	0020      	movs	r0, r4
10001c90:	f7ff ff7f 	bl	10001b92 <recursive_mutex_init>
10001c94:	3408      	adds	r4, #8
10001c96:	e7f2      	b.n	10001c7e <runtime_init+0x5e>
10001c98:	4c1b      	ldr	r4, [pc, #108]	; (10001d08 <runtime_init+0xe8>)
10001c9a:	68a1      	ldr	r1, [r4, #8]
10001c9c:	4d1b      	ldr	r5, [pc, #108]	; (10001d0c <runtime_init+0xec>)
10001c9e:	22c0      	movs	r2, #192	; 0xc0
10001ca0:	0028      	movs	r0, r5
10001ca2:	f002 fa49 	bl	10004138 <__wrap___aeabi_memcpy>
10001ca6:	60a5      	str	r5, [r4, #8]
10001ca8:	f7fe fadd 	bl	10000266 <__get_current_exception>
10001cac:	2800      	cmp	r0, #0
10001cae:	d000      	beq.n	10001cb2 <runtime_init+0x92>
10001cb0:	be00      	bkpt	0x0000
10001cb2:	f7fe fbc9 	bl	10000448 <spin_locks_reset>
10001cb6:	f7fe ff17 	bl	10000ae8 <irq_init_priorities>
10001cba:	f7ff fa7f 	bl	100011bc <alarm_pool_init_default>
10001cbe:	4c14      	ldr	r4, [pc, #80]	; (10001d10 <runtime_init+0xf0>)
10001cc0:	e001      	b.n	10001cc6 <runtime_init+0xa6>
10001cc2:	cc08      	ldmia	r4!, {r3}
10001cc4:	4798      	blx	r3
10001cc6:	4b13      	ldr	r3, [pc, #76]	; (10001d14 <runtime_init+0xf4>)
10001cc8:	429c      	cmp	r4, r3
10001cca:	d3fa      	bcc.n	10001cc2 <runtime_init+0xa2>
10001ccc:	bd70      	pop	{r4, r5, r6, pc}
10001cce:	46c0      	nop			; (mov r8, r8)
10001cd0:	4000e000 	.word	0x4000e000
10001cd4:	fefbcdbf 	.word	0xfefbcdbf
10001cd8:	4000f000 	.word	0x4000f000
10001cdc:	003c7ffe 	.word	0x003c7ffe
10001ce0:	4000c000 	.word	0x4000c000
10001ce4:	20000508 	.word	0x20000508
10001ce8:	20000518 	.word	0x20000518
10001cec:	01ffffff 	.word	0x01ffffff
10001cf0:	4001f000 	.word	0x4001f000
10001cf4:	20000500 	.word	0x20000500
10001cf8:	10007998 	.word	0x10007998
10001cfc:	10007974 	.word	0x10007974
10001d00:	100079b8 	.word	0x100079b8
10001d04:	20000508 	.word	0x20000508
10001d08:	e000ed00 	.word	0xe000ed00
10001d0c:	20000000 	.word	0x20000000
10001d10:	20000518 	.word	0x20000518
10001d14:	20000520 	.word	0x20000520

10001d18 <panic>:
10001d18:	b40f      	push	{r0, r1, r2, r3}
10001d1a:	b500      	push	{lr}
10001d1c:	b083      	sub	sp, #12
10001d1e:	4808      	ldr	r0, [pc, #32]	; (10001d40 <panic+0x28>)
10001d20:	f002 fb1a 	bl	10004358 <__wrap_puts>
10001d24:	9b04      	ldr	r3, [sp, #16]
10001d26:	2b00      	cmp	r3, #0
10001d28:	d007      	beq.n	10001d3a <panic+0x22>
10001d2a:	a905      	add	r1, sp, #20
10001d2c:	9101      	str	r1, [sp, #4]
10001d2e:	0018      	movs	r0, r3
10001d30:	f002 fb22 	bl	10004378 <__wrap_vprintf>
10001d34:	4803      	ldr	r0, [pc, #12]	; (10001d44 <panic+0x2c>)
10001d36:	f002 fb0f 	bl	10004358 <__wrap_puts>
10001d3a:	2001      	movs	r0, #1
10001d3c:	f7ff ff4c 	bl	10001bd8 <_exit>
10001d40:	10007984 	.word	0x10007984
10001d44:	10007994 	.word	0x10007994

10001d48 <clock_configure>:
10001d48:	b5f0      	push	{r4, r5, r6, r7, lr}
10001d4a:	46de      	mov	lr, fp
10001d4c:	4657      	mov	r7, sl
10001d4e:	b580      	push	{r7, lr}
10001d50:	b083      	sub	sp, #12
10001d52:	0007      	movs	r7, r0
10001d54:	000e      	movs	r6, r1
10001d56:	4692      	mov	sl, r2
10001d58:	9a0a      	ldr	r2, [sp, #40]	; 0x28
10001d5a:	4293      	cmp	r3, r2
10001d5c:	d34c      	bcc.n	10001df8 <clock_configure+0xb0>
10001d5e:	0e19      	lsrs	r1, r3, #24
10001d60:	9101      	str	r1, [sp, #4]
10001d62:	021b      	lsls	r3, r3, #8
10001d64:	0018      	movs	r0, r3
10001d66:	9300      	str	r3, [sp, #0]
10001d68:	9a0a      	ldr	r2, [sp, #40]	; 0x28
10001d6a:	2300      	movs	r3, #0
10001d6c:	f001 fb22 	bl	100033b4 <__wrap___aeabi_uldivmod>
10001d70:	0005      	movs	r5, r0
10001d72:	007b      	lsls	r3, r7, #1
10001d74:	19db      	adds	r3, r3, r7
10001d76:	009c      	lsls	r4, r3, #2
10001d78:	4b2d      	ldr	r3, [pc, #180]	; (10001e30 <clock_configure+0xe8>)
10001d7a:	469c      	mov	ip, r3
10001d7c:	4464      	add	r4, ip
10001d7e:	6863      	ldr	r3, [r4, #4]
10001d80:	4283      	cmp	r3, r0
10001d82:	d200      	bcs.n	10001d86 <clock_configure+0x3e>
10001d84:	6060      	str	r0, [r4, #4]
10001d86:	1f3b      	subs	r3, r7, #4
10001d88:	b2db      	uxtb	r3, r3
10001d8a:	469b      	mov	fp, r3
10001d8c:	2b01      	cmp	r3, #1
10001d8e:	d939      	bls.n	10001e04 <clock_configure+0xbc>
10001d90:	23c0      	movs	r3, #192	; 0xc0
10001d92:	019b      	lsls	r3, r3, #6
10001d94:	4323      	orrs	r3, r4
10001d96:	2280      	movs	r2, #128	; 0x80
10001d98:	0112      	lsls	r2, r2, #4
10001d9a:	601a      	str	r2, [r3, #0]
10001d9c:	00bb      	lsls	r3, r7, #2
10001d9e:	4a25      	ldr	r2, [pc, #148]	; (10001e34 <clock_configure+0xec>)
10001da0:	5899      	ldr	r1, [r3, r2]
10001da2:	2900      	cmp	r1, #0
10001da4:	d005      	beq.n	10001db2 <clock_configure+0x6a>
10001da6:	6950      	ldr	r0, [r2, #20]
10001da8:	f001 fac2 	bl	10003330 <__wrap___aeabi_uidiv>
10001dac:	3001      	adds	r0, #1
10001dae:	3801      	subs	r0, #1
10001db0:	d1fd      	bne.n	10001dae <clock_configure+0x66>
10001db2:	4653      	mov	r3, sl
10001db4:	015b      	lsls	r3, r3, #5
10001db6:	6822      	ldr	r2, [r4, #0]
10001db8:	4053      	eors	r3, r2
10001dba:	22e0      	movs	r2, #224	; 0xe0
10001dbc:	4013      	ands	r3, r2
10001dbe:	2280      	movs	r2, #128	; 0x80
10001dc0:	0152      	lsls	r2, r2, #5
10001dc2:	4322      	orrs	r2, r4
10001dc4:	6013      	str	r3, [r2, #0]
10001dc6:	465b      	mov	r3, fp
10001dc8:	2b01      	cmp	r3, #1
10001dca:	d926      	bls.n	10001e1a <clock_configure+0xd2>
10001dcc:	2380      	movs	r3, #128	; 0x80
10001dce:	019b      	lsls	r3, r3, #6
10001dd0:	4323      	orrs	r3, r4
10001dd2:	2280      	movs	r2, #128	; 0x80
10001dd4:	0112      	lsls	r2, r2, #4
10001dd6:	601a      	str	r2, [r3, #0]
10001dd8:	6065      	str	r5, [r4, #4]
10001dda:	002a      	movs	r2, r5
10001ddc:	2300      	movs	r3, #0
10001dde:	9800      	ldr	r0, [sp, #0]
10001de0:	9901      	ldr	r1, [sp, #4]
10001de2:	f001 fae7 	bl	100033b4 <__wrap___aeabi_uldivmod>
10001de6:	00bf      	lsls	r7, r7, #2
10001de8:	4b12      	ldr	r3, [pc, #72]	; (10001e34 <clock_configure+0xec>)
10001dea:	50f8      	str	r0, [r7, r3]
10001dec:	2001      	movs	r0, #1
10001dee:	b003      	add	sp, #12
10001df0:	bc0c      	pop	{r2, r3}
10001df2:	4692      	mov	sl, r2
10001df4:	469b      	mov	fp, r3
10001df6:	bdf0      	pop	{r4, r5, r6, r7, pc}
10001df8:	4b0f      	ldr	r3, [pc, #60]	; (10001e38 <clock_configure+0xf0>)
10001dfa:	4a10      	ldr	r2, [pc, #64]	; (10001e3c <clock_configure+0xf4>)
10001dfc:	212d      	movs	r1, #45	; 0x2d
10001dfe:	4810      	ldr	r0, [pc, #64]	; (10001e40 <clock_configure+0xf8>)
10001e00:	f7ff fef0 	bl	10001be4 <__assert_func>
10001e04:	2e01      	cmp	r6, #1
10001e06:	d1c3      	bne.n	10001d90 <clock_configure+0x48>
10001e08:	23c0      	movs	r3, #192	; 0xc0
10001e0a:	019b      	lsls	r3, r3, #6
10001e0c:	4323      	orrs	r3, r4
10001e0e:	2203      	movs	r2, #3
10001e10:	601a      	str	r2, [r3, #0]
10001e12:	68a3      	ldr	r3, [r4, #8]
10001e14:	07db      	lsls	r3, r3, #31
10001e16:	d5fc      	bpl.n	10001e12 <clock_configure+0xca>
10001e18:	e7cb      	b.n	10001db2 <clock_configure+0x6a>
10001e1a:	6821      	ldr	r1, [r4, #0]
10001e1c:	4071      	eors	r1, r6
10001e1e:	2303      	movs	r3, #3
10001e20:	400b      	ands	r3, r1
10001e22:	6013      	str	r3, [r2, #0]
10001e24:	68a3      	ldr	r3, [r4, #8]
10001e26:	2201      	movs	r2, #1
10001e28:	40b2      	lsls	r2, r6
10001e2a:	421a      	tst	r2, r3
10001e2c:	d0fa      	beq.n	10001e24 <clock_configure+0xdc>
10001e2e:	e7cd      	b.n	10001dcc <clock_configure+0x84>
10001e30:	40008000 	.word	0x40008000
10001e34:	20000aec 	.word	0x20000aec
10001e38:	10007a0c 	.word	0x10007a0c
10001e3c:	100079fc 	.word	0x100079fc
10001e40:	10007a20 	.word	0x10007a20

10001e44 <clocks_init>:
10001e44:	b530      	push	{r4, r5, lr}
10001e46:	b083      	sub	sp, #12
10001e48:	200c      	movs	r0, #12
10001e4a:	f000 f91b 	bl	10002084 <watchdog_start_tick>
10001e4e:	f7fe faf1 	bl	10000434 <running_on_fpga>
10001e52:	2800      	cmp	r0, #0
10001e54:	d00d      	beq.n	10001e72 <clocks_init+0x2e>
10001e56:	2300      	movs	r3, #0
10001e58:	2b09      	cmp	r3, #9
10001e5a:	d805      	bhi.n	10001e68 <clocks_init+0x24>
10001e5c:	0099      	lsls	r1, r3, #2
10001e5e:	4a2d      	ldr	r2, [pc, #180]	; (10001f14 <clocks_init+0xd0>)
10001e60:	482d      	ldr	r0, [pc, #180]	; (10001f18 <clocks_init+0xd4>)
10001e62:	5088      	str	r0, [r1, r2]
10001e64:	3301      	adds	r3, #1
10001e66:	e7f7      	b.n	10001e58 <clocks_init+0x14>
10001e68:	4b2a      	ldr	r3, [pc, #168]	; (10001f14 <clocks_init+0xd0>)
10001e6a:	4a2c      	ldr	r2, [pc, #176]	; (10001f1c <clocks_init+0xd8>)
10001e6c:	625a      	str	r2, [r3, #36]	; 0x24
10001e6e:	b003      	add	sp, #12
10001e70:	bd30      	pop	{r4, r5, pc}
10001e72:	4b2b      	ldr	r3, [pc, #172]	; (10001f20 <clocks_init+0xdc>)
10001e74:	2200      	movs	r2, #0
10001e76:	679a      	str	r2, [r3, #120]	; 0x78
10001e78:	f000 f972 	bl	10002160 <xosc_init>
10001e7c:	4b29      	ldr	r3, [pc, #164]	; (10001f24 <clocks_init+0xe0>)
10001e7e:	2201      	movs	r2, #1
10001e80:	601a      	str	r2, [r3, #0]
10001e82:	4b27      	ldr	r3, [pc, #156]	; (10001f20 <clocks_init+0xdc>)
10001e84:	6c5b      	ldr	r3, [r3, #68]	; 0x44
10001e86:	2b01      	cmp	r3, #1
10001e88:	d1fb      	bne.n	10001e82 <clocks_init+0x3e>
10001e8a:	4b27      	ldr	r3, [pc, #156]	; (10001f28 <clocks_init+0xe4>)
10001e8c:	2203      	movs	r2, #3
10001e8e:	601a      	str	r2, [r3, #0]
10001e90:	4b23      	ldr	r3, [pc, #140]	; (10001f20 <clocks_init+0xdc>)
10001e92:	6b9b      	ldr	r3, [r3, #56]	; 0x38
10001e94:	2b01      	cmp	r3, #1
10001e96:	d1fb      	bne.n	10001e90 <clocks_init+0x4c>
10001e98:	3301      	adds	r3, #1
10001e9a:	9300      	str	r3, [sp, #0]
10001e9c:	3304      	adds	r3, #4
10001e9e:	4a23      	ldr	r2, [pc, #140]	; (10001f2c <clocks_init+0xe8>)
10001ea0:	2101      	movs	r1, #1
10001ea2:	4823      	ldr	r0, [pc, #140]	; (10001f30 <clocks_init+0xec>)
10001ea4:	f000 f84e 	bl	10001f44 <pll_init>
10001ea8:	2305      	movs	r3, #5
10001eaa:	9300      	str	r3, [sp, #0]
10001eac:	4a21      	ldr	r2, [pc, #132]	; (10001f34 <clocks_init+0xf0>)
10001eae:	2101      	movs	r1, #1
10001eb0:	4821      	ldr	r0, [pc, #132]	; (10001f38 <clocks_init+0xf4>)
10001eb2:	f000 f847 	bl	10001f44 <pll_init>
10001eb6:	4b21      	ldr	r3, [pc, #132]	; (10001f3c <clocks_init+0xf8>)
10001eb8:	9300      	str	r3, [sp, #0]
10001eba:	2200      	movs	r2, #0
10001ebc:	2102      	movs	r1, #2
10001ebe:	2004      	movs	r0, #4
10001ec0:	f7ff ff42 	bl	10001d48 <clock_configure>
10001ec4:	4d1e      	ldr	r5, [pc, #120]	; (10001f40 <clocks_init+0xfc>)
10001ec6:	9500      	str	r5, [sp, #0]
10001ec8:	002b      	movs	r3, r5
10001eca:	2200      	movs	r2, #0
10001ecc:	2101      	movs	r1, #1
10001ece:	2005      	movs	r0, #5
10001ed0:	f7ff ff3a 	bl	10001d48 <clock_configure>
10001ed4:	4c10      	ldr	r4, [pc, #64]	; (10001f18 <clocks_init+0xd4>)
10001ed6:	9400      	str	r4, [sp, #0]
10001ed8:	0023      	movs	r3, r4
10001eda:	2200      	movs	r2, #0
10001edc:	2100      	movs	r1, #0
10001ede:	2007      	movs	r0, #7
10001ee0:	f7ff ff32 	bl	10001d48 <clock_configure>
10001ee4:	9400      	str	r4, [sp, #0]
10001ee6:	0023      	movs	r3, r4
10001ee8:	2200      	movs	r2, #0
10001eea:	2100      	movs	r1, #0
10001eec:	2008      	movs	r0, #8
10001eee:	f7ff ff2b 	bl	10001d48 <clock_configure>
10001ef2:	4b0a      	ldr	r3, [pc, #40]	; (10001f1c <clocks_init+0xd8>)
10001ef4:	9300      	str	r3, [sp, #0]
10001ef6:	0023      	movs	r3, r4
10001ef8:	2200      	movs	r2, #0
10001efa:	2100      	movs	r1, #0
10001efc:	2009      	movs	r0, #9
10001efe:	f7ff ff23 	bl	10001d48 <clock_configure>
10001f02:	9500      	str	r5, [sp, #0]
10001f04:	002b      	movs	r3, r5
10001f06:	2200      	movs	r2, #0
10001f08:	2100      	movs	r1, #0
10001f0a:	2006      	movs	r0, #6
10001f0c:	f7ff ff1c 	bl	10001d48 <clock_configure>
10001f10:	e7ad      	b.n	10001e6e <clocks_init+0x2a>
10001f12:	46c0      	nop			; (mov r8, r8)
10001f14:	20000aec 	.word	0x20000aec
10001f18:	02dc6c00 	.word	0x02dc6c00
10001f1c:	0000b71b 	.word	0x0000b71b
10001f20:	40008000 	.word	0x40008000
10001f24:	4000b03c 	.word	0x4000b03c
10001f28:	4000b030 	.word	0x4000b030
10001f2c:	59682f00 	.word	0x59682f00
10001f30:	40028000 	.word	0x40028000
10001f34:	47868c00 	.word	0x47868c00
10001f38:	4002c000 	.word	0x4002c000
10001f3c:	00b71b00 	.word	0x00b71b00
10001f40:	07735940 	.word	0x07735940

10001f44 <pll_init>:
10001f44:	b5f0      	push	{r4, r5, r6, r7, lr}
10001f46:	b083      	sub	sp, #12
10001f48:	0005      	movs	r5, r0
10001f4a:	9101      	str	r1, [sp, #4]
10001f4c:	0014      	movs	r4, r2
10001f4e:	001f      	movs	r7, r3
10001f50:	200c      	movs	r0, #12
10001f52:	f001 f9ed 	bl	10003330 <__wrap___aeabi_uidiv>
10001f56:	0006      	movs	r6, r0
10001f58:	4b3d      	ldr	r3, [pc, #244]	; (10002050 <pll_init+0x10c>)
10001f5a:	18e2      	adds	r2, r4, r3
10001f5c:	4b3d      	ldr	r3, [pc, #244]	; (10002054 <pll_init+0x110>)
10001f5e:	429a      	cmp	r2, r3
10001f60:	d842      	bhi.n	10001fe8 <pll_init+0xa4>
10001f62:	0142      	lsls	r2, r0, #5
10001f64:	1a12      	subs	r2, r2, r0
10001f66:	0193      	lsls	r3, r2, #6
10001f68:	1a9b      	subs	r3, r3, r2
10001f6a:	00db      	lsls	r3, r3, #3
10001f6c:	181b      	adds	r3, r3, r0
10001f6e:	0199      	lsls	r1, r3, #6
10001f70:	0020      	movs	r0, r4
10001f72:	f001 f9dd 	bl	10003330 <__wrap___aeabi_uidiv>
10001f76:	0002      	movs	r2, r0
10001f78:	3a10      	subs	r2, #16
10001f7a:	2398      	movs	r3, #152	; 0x98
10001f7c:	005b      	lsls	r3, r3, #1
10001f7e:	429a      	cmp	r2, r3
10001f80:	d838      	bhi.n	10001ff4 <pll_init+0xb0>
10001f82:	1e7b      	subs	r3, r7, #1
10001f84:	2b06      	cmp	r3, #6
10001f86:	d83b      	bhi.n	10002000 <pll_init+0xbc>
10001f88:	9b08      	ldr	r3, [sp, #32]
10001f8a:	3b01      	subs	r3, #1
10001f8c:	2b06      	cmp	r3, #6
10001f8e:	d837      	bhi.n	10002000 <pll_init+0xbc>
10001f90:	9b08      	ldr	r3, [sp, #32]
10001f92:	429f      	cmp	r7, r3
10001f94:	d33a      	bcc.n	1000200c <pll_init+0xc8>
10001f96:	0923      	lsrs	r3, r4, #4
10001f98:	42b3      	cmp	r3, r6
10001f9a:	d33d      	bcc.n	10002018 <pll_init+0xd4>
10001f9c:	043f      	lsls	r7, r7, #16
10001f9e:	9b08      	ldr	r3, [sp, #32]
10001fa0:	031e      	lsls	r6, r3, #12
10001fa2:	433e      	orrs	r6, r7
10001fa4:	682b      	ldr	r3, [r5, #0]
10001fa6:	2b00      	cmp	r3, #0
10001fa8:	db3c      	blt.n	10002024 <pll_init+0xe0>
10001faa:	4b2b      	ldr	r3, [pc, #172]	; (10002058 <pll_init+0x114>)
10001fac:	429d      	cmp	r5, r3
10001fae:	d04b      	beq.n	10002048 <pll_init+0x104>
10001fb0:	2180      	movs	r1, #128	; 0x80
10001fb2:	0149      	lsls	r1, r1, #5
10001fb4:	4b29      	ldr	r3, [pc, #164]	; (1000205c <pll_init+0x118>)
10001fb6:	6019      	str	r1, [r3, #0]
10001fb8:	4b29      	ldr	r3, [pc, #164]	; (10002060 <pll_init+0x11c>)
10001fba:	6019      	str	r1, [r3, #0]
10001fbc:	4a29      	ldr	r2, [pc, #164]	; (10002064 <pll_init+0x120>)
10001fbe:	6892      	ldr	r2, [r2, #8]
10001fc0:	000b      	movs	r3, r1
10001fc2:	4393      	bics	r3, r2
10001fc4:	d1fa      	bne.n	10001fbc <pll_init+0x78>
10001fc6:	9b01      	ldr	r3, [sp, #4]
10001fc8:	602b      	str	r3, [r5, #0]
10001fca:	60a8      	str	r0, [r5, #8]
10001fcc:	1d2a      	adds	r2, r5, #4
10001fce:	23c0      	movs	r3, #192	; 0xc0
10001fd0:	019b      	lsls	r3, r3, #6
10001fd2:	4313      	orrs	r3, r2
10001fd4:	2221      	movs	r2, #33	; 0x21
10001fd6:	601a      	str	r2, [r3, #0]
10001fd8:	682a      	ldr	r2, [r5, #0]
10001fda:	2a00      	cmp	r2, #0
10001fdc:	dafc      	bge.n	10001fd8 <pll_init+0x94>
10001fde:	60ee      	str	r6, [r5, #12]
10001fe0:	2208      	movs	r2, #8
10001fe2:	601a      	str	r2, [r3, #0]
10001fe4:	b003      	add	sp, #12
10001fe6:	bdf0      	pop	{r4, r5, r6, r7, pc}
10001fe8:	4b1f      	ldr	r3, [pc, #124]	; (10002068 <pll_init+0x124>)
10001fea:	4a20      	ldr	r2, [pc, #128]	; (1000206c <pll_init+0x128>)
10001fec:	2111      	movs	r1, #17
10001fee:	4820      	ldr	r0, [pc, #128]	; (10002070 <pll_init+0x12c>)
10001ff0:	f7ff fdf8 	bl	10001be4 <__assert_func>
10001ff4:	4b1f      	ldr	r3, [pc, #124]	; (10002074 <pll_init+0x130>)
10001ff6:	4a1d      	ldr	r2, [pc, #116]	; (1000206c <pll_init+0x128>)
10001ff8:	2119      	movs	r1, #25
10001ffa:	481d      	ldr	r0, [pc, #116]	; (10002070 <pll_init+0x12c>)
10001ffc:	f7ff fdf2 	bl	10001be4 <__assert_func>
10002000:	4b1d      	ldr	r3, [pc, #116]	; (10002078 <pll_init+0x134>)
10002002:	4a1a      	ldr	r2, [pc, #104]	; (1000206c <pll_init+0x128>)
10002004:	211c      	movs	r1, #28
10002006:	481a      	ldr	r0, [pc, #104]	; (10002070 <pll_init+0x12c>)
10002008:	f7ff fdec 	bl	10001be4 <__assert_func>
1000200c:	4b1b      	ldr	r3, [pc, #108]	; (1000207c <pll_init+0x138>)
1000200e:	4a17      	ldr	r2, [pc, #92]	; (1000206c <pll_init+0x128>)
10002010:	2122      	movs	r1, #34	; 0x22
10002012:	4817      	ldr	r0, [pc, #92]	; (10002070 <pll_init+0x12c>)
10002014:	f7ff fde6 	bl	10001be4 <__assert_func>
10002018:	4b19      	ldr	r3, [pc, #100]	; (10002080 <pll_init+0x13c>)
1000201a:	4a14      	ldr	r2, [pc, #80]	; (1000206c <pll_init+0x128>)
1000201c:	2125      	movs	r1, #37	; 0x25
1000201e:	4814      	ldr	r0, [pc, #80]	; (10002070 <pll_init+0x12c>)
10002020:	f7ff fde0 	bl	10001be4 <__assert_func>
10002024:	682a      	ldr	r2, [r5, #0]
10002026:	233f      	movs	r3, #63	; 0x3f
10002028:	4013      	ands	r3, r2
1000202a:	9a01      	ldr	r2, [sp, #4]
1000202c:	4293      	cmp	r3, r2
1000202e:	d1bc      	bne.n	10001faa <pll_init+0x66>
10002030:	68ab      	ldr	r3, [r5, #8]
10002032:	051b      	lsls	r3, r3, #20
10002034:	0d1b      	lsrs	r3, r3, #20
10002036:	4283      	cmp	r3, r0
10002038:	d1b7      	bne.n	10001faa <pll_init+0x66>
1000203a:	68eb      	ldr	r3, [r5, #12]
1000203c:	22ee      	movs	r2, #238	; 0xee
1000203e:	02d2      	lsls	r2, r2, #11
10002040:	4013      	ands	r3, r2
10002042:	42b3      	cmp	r3, r6
10002044:	d1b1      	bne.n	10001faa <pll_init+0x66>
10002046:	e7cd      	b.n	10001fe4 <pll_init+0xa0>
10002048:	2180      	movs	r1, #128	; 0x80
1000204a:	0189      	lsls	r1, r1, #6
1000204c:	e7b2      	b.n	10001fb4 <pll_init+0x70>
1000204e:	46c0      	nop			; (mov r8, r8)
10002050:	d34be880 	.word	0xd34be880
10002054:	32a9f880 	.word	0x32a9f880
10002058:	4002c000 	.word	0x4002c000
1000205c:	4000e000 	.word	0x4000e000
10002060:	4000f000 	.word	0x4000f000
10002064:	4000c000 	.word	0x4000c000
10002068:	10007a70 	.word	0x10007a70
1000206c:	10007a64 	.word	0x10007a64
10002070:	10007ad0 	.word	0x10007ad0
10002074:	10007b10 	.word	0x10007b10
10002078:	10007b2c 	.word	0x10007b2c
1000207c:	10007b78 	.word	0x10007b78
10002080:	10007b90 	.word	0x10007b90

10002084 <watchdog_start_tick>:
10002084:	2380      	movs	r3, #128	; 0x80
10002086:	009b      	lsls	r3, r3, #2
10002088:	4303      	orrs	r3, r0
1000208a:	4a01      	ldr	r2, [pc, #4]	; (10002090 <watchdog_start_tick+0xc>)
1000208c:	62d3      	str	r3, [r2, #44]	; 0x2c
1000208e:	4770      	bx	lr
10002090:	40058000 	.word	0x40058000

10002094 <watchdog_update>:
10002094:	4b02      	ldr	r3, [pc, #8]	; (100020a0 <watchdog_update+0xc>)
10002096:	681a      	ldr	r2, [r3, #0]
10002098:	4b02      	ldr	r3, [pc, #8]	; (100020a4 <watchdog_update+0x10>)
1000209a:	605a      	str	r2, [r3, #4]
1000209c:	4770      	bx	lr
1000209e:	46c0      	nop			; (mov r8, r8)
100020a0:	20000f84 	.word	0x20000f84
100020a4:	40058000 	.word	0x40058000

100020a8 <_watchdog_enable>:
100020a8:	b510      	push	{r4, lr}
100020aa:	4b16      	ldr	r3, [pc, #88]	; (10002104 <_watchdog_enable+0x5c>)
100020ac:	2280      	movs	r2, #128	; 0x80
100020ae:	05d2      	lsls	r2, r2, #23
100020b0:	601a      	str	r2, [r3, #0]
100020b2:	4b15      	ldr	r3, [pc, #84]	; (10002108 <_watchdog_enable+0x60>)
100020b4:	4a15      	ldr	r2, [pc, #84]	; (1000210c <_watchdog_enable+0x64>)
100020b6:	601a      	str	r2, [r3, #0]
100020b8:	2900      	cmp	r1, #0
100020ba:	d00a      	beq.n	100020d2 <_watchdog_enable+0x2a>
100020bc:	4b14      	ldr	r3, [pc, #80]	; (10002110 <_watchdog_enable+0x68>)
100020be:	22e0      	movs	r2, #224	; 0xe0
100020c0:	04d2      	lsls	r2, r2, #19
100020c2:	601a      	str	r2, [r3, #0]
100020c4:	2800      	cmp	r0, #0
100020c6:	d109      	bne.n	100020dc <_watchdog_enable+0x34>
100020c8:	4b11      	ldr	r3, [pc, #68]	; (10002110 <_watchdog_enable+0x68>)
100020ca:	2280      	movs	r2, #128	; 0x80
100020cc:	0612      	lsls	r2, r2, #24
100020ce:	601a      	str	r2, [r3, #0]
100020d0:	bd10      	pop	{r4, pc}
100020d2:	4b0c      	ldr	r3, [pc, #48]	; (10002104 <_watchdog_enable+0x5c>)
100020d4:	22e0      	movs	r2, #224	; 0xe0
100020d6:	04d2      	lsls	r2, r2, #19
100020d8:	601a      	str	r2, [r3, #0]
100020da:	e7f3      	b.n	100020c4 <_watchdog_enable+0x1c>
100020dc:	0143      	lsls	r3, r0, #5
100020de:	1a1b      	subs	r3, r3, r0
100020e0:	009b      	lsls	r3, r3, #2
100020e2:	1818      	adds	r0, r3, r0
100020e4:	0103      	lsls	r3, r0, #4
100020e6:	4a0b      	ldr	r2, [pc, #44]	; (10002114 <_watchdog_enable+0x6c>)
100020e8:	6013      	str	r3, [r2, #0]
100020ea:	4a0b      	ldr	r2, [pc, #44]	; (10002118 <_watchdog_enable+0x70>)
100020ec:	4293      	cmp	r3, r2
100020ee:	d901      	bls.n	100020f4 <_watchdog_enable+0x4c>
100020f0:	4b08      	ldr	r3, [pc, #32]	; (10002114 <_watchdog_enable+0x6c>)
100020f2:	601a      	str	r2, [r3, #0]
100020f4:	f7ff ffce 	bl	10002094 <watchdog_update>
100020f8:	4b05      	ldr	r3, [pc, #20]	; (10002110 <_watchdog_enable+0x68>)
100020fa:	2280      	movs	r2, #128	; 0x80
100020fc:	05d2      	lsls	r2, r2, #23
100020fe:	601a      	str	r2, [r3, #0]
10002100:	e7e6      	b.n	100020d0 <_watchdog_enable+0x28>
10002102:	46c0      	nop			; (mov r8, r8)
10002104:	4005b000 	.word	0x4005b000
10002108:	40012008 	.word	0x40012008
1000210c:	0001fffc 	.word	0x0001fffc
10002110:	4005a000 	.word	0x4005a000
10002114:	20000f84 	.word	0x20000f84
10002118:	00ffffff 	.word	0x00ffffff

1000211c <watchdog_reboot>:
1000211c:	b510      	push	{r4, lr}
1000211e:	4b0c      	ldr	r3, [pc, #48]	; (10002150 <watchdog_reboot+0x34>)
10002120:	2480      	movs	r4, #128	; 0x80
10002122:	05e4      	lsls	r4, r4, #23
10002124:	601c      	str	r4, [r3, #0]
10002126:	2800      	cmp	r0, #0
10002128:	d00e      	beq.n	10002148 <watchdog_reboot+0x2c>
1000212a:	2301      	movs	r3, #1
1000212c:	4303      	orrs	r3, r0
1000212e:	4c09      	ldr	r4, [pc, #36]	; (10002154 <watchdog_reboot+0x38>)
10002130:	4809      	ldr	r0, [pc, #36]	; (10002158 <watchdog_reboot+0x3c>)
10002132:	61e0      	str	r0, [r4, #28]
10002134:	4809      	ldr	r0, [pc, #36]	; (1000215c <watchdog_reboot+0x40>)
10002136:	4058      	eors	r0, r3
10002138:	6220      	str	r0, [r4, #32]
1000213a:	6261      	str	r1, [r4, #36]	; 0x24
1000213c:	62a3      	str	r3, [r4, #40]	; 0x28
1000213e:	2100      	movs	r1, #0
10002140:	0010      	movs	r0, r2
10002142:	f7ff ffb1 	bl	100020a8 <_watchdog_enable>
10002146:	bd10      	pop	{r4, pc}
10002148:	4b02      	ldr	r3, [pc, #8]	; (10002154 <watchdog_reboot+0x38>)
1000214a:	2100      	movs	r1, #0
1000214c:	61d9      	str	r1, [r3, #28]
1000214e:	e7f6      	b.n	1000213e <watchdog_reboot+0x22>
10002150:	4005b000 	.word	0x4005b000
10002154:	40058000 	.word	0x40058000
10002158:	b007c0d3 	.word	0xb007c0d3
1000215c:	4ff83f2d 	.word	0x4ff83f2d

10002160 <xosc_init>:
10002160:	4b06      	ldr	r3, [pc, #24]	; (1000217c <xosc_init+0x1c>)
10002162:	22aa      	movs	r2, #170	; 0xaa
10002164:	0112      	lsls	r2, r2, #4
10002166:	601a      	str	r2, [r3, #0]
10002168:	222f      	movs	r2, #47	; 0x2f
1000216a:	60da      	str	r2, [r3, #12]
1000216c:	4b04      	ldr	r3, [pc, #16]	; (10002180 <xosc_init+0x20>)
1000216e:	4a05      	ldr	r2, [pc, #20]	; (10002184 <xosc_init+0x24>)
10002170:	601a      	str	r2, [r3, #0]
10002172:	4b02      	ldr	r3, [pc, #8]	; (1000217c <xosc_init+0x1c>)
10002174:	685b      	ldr	r3, [r3, #4]
10002176:	2b00      	cmp	r3, #0
10002178:	dafb      	bge.n	10002172 <xosc_init+0x12>
1000217a:	4770      	bx	lr
1000217c:	40024000 	.word	0x40024000
10002180:	40026000 	.word	0x40026000
10002184:	00fab000 	.word	0x00fab000

10002188 <_out_null>:
10002188:	4770      	bx	lr

1000218a <_out_fct>:
1000218a:	b510      	push	{r4, lr}
1000218c:	2800      	cmp	r0, #0
1000218e:	d002      	beq.n	10002196 <_out_fct+0xc>
10002190:	680b      	ldr	r3, [r1, #0]
10002192:	6849      	ldr	r1, [r1, #4]
10002194:	4798      	blx	r3
10002196:	bd10      	pop	{r4, pc}

10002198 <_atoi>:
10002198:	b510      	push	{r4, lr}
1000219a:	0004      	movs	r4, r0
1000219c:	2300      	movs	r3, #0
1000219e:	6821      	ldr	r1, [r4, #0]
100021a0:	780a      	ldrb	r2, [r1, #0]
100021a2:	3a30      	subs	r2, #48	; 0x30
100021a4:	b2d2      	uxtb	r2, r2
100021a6:	2a09      	cmp	r2, #9
100021a8:	d808      	bhi.n	100021bc <_atoi+0x24>
100021aa:	0098      	lsls	r0, r3, #2
100021ac:	18c3      	adds	r3, r0, r3
100021ae:	0058      	lsls	r0, r3, #1
100021b0:	1c4b      	adds	r3, r1, #1
100021b2:	6023      	str	r3, [r4, #0]
100021b4:	780b      	ldrb	r3, [r1, #0]
100021b6:	181b      	adds	r3, r3, r0
100021b8:	3b30      	subs	r3, #48	; 0x30
100021ba:	e7f0      	b.n	1000219e <_atoi+0x6>
100021bc:	0018      	movs	r0, r3
100021be:	bd10      	pop	{r4, pc}

100021c0 <_out_rev>:
100021c0:	b5f0      	push	{r4, r5, r6, r7, lr}
100021c2:	46d6      	mov	lr, sl
100021c4:	464f      	mov	r7, r9
100021c6:	4646      	mov	r6, r8
100021c8:	b5c0      	push	{r6, r7, lr}
100021ca:	b082      	sub	sp, #8
100021cc:	0005      	movs	r5, r0
100021ce:	9100      	str	r1, [sp, #0]
100021d0:	4690      	mov	r8, r2
100021d2:	9301      	str	r3, [sp, #4]
100021d4:	9b0a      	ldr	r3, [sp, #40]	; 0x28
100021d6:	4699      	mov	r9, r3
100021d8:	9c0b      	ldr	r4, [sp, #44]	; 0x2c
100021da:	9e0c      	ldr	r6, [sp, #48]	; 0x30
100021dc:	9b0d      	ldr	r3, [sp, #52]	; 0x34
100021de:	079b      	lsls	r3, r3, #30
100021e0:	d00c      	beq.n	100021fc <_out_rev+0x3c>
100021e2:	464e      	mov	r6, r9
100021e4:	9b0c      	ldr	r3, [sp, #48]	; 0x30
100021e6:	4699      	mov	r9, r3
100021e8:	2c00      	cmp	r4, #0
100021ea:	d019      	beq.n	10002220 <_out_rev+0x60>
100021ec:	3c01      	subs	r4, #1
100021ee:	1c57      	adds	r7, r2, #1
100021f0:	5d30      	ldrb	r0, [r6, r4]
100021f2:	9b01      	ldr	r3, [sp, #4]
100021f4:	9900      	ldr	r1, [sp, #0]
100021f6:	47a8      	blx	r5
100021f8:	003a      	movs	r2, r7
100021fa:	e7f5      	b.n	100021e8 <_out_rev+0x28>
100021fc:	0027      	movs	r7, r4
100021fe:	46a2      	mov	sl, r4
10002200:	42b7      	cmp	r7, r6
10002202:	d207      	bcs.n	10002214 <_out_rev+0x54>
10002204:	1c54      	adds	r4, r2, #1
10002206:	9b01      	ldr	r3, [sp, #4]
10002208:	9900      	ldr	r1, [sp, #0]
1000220a:	2020      	movs	r0, #32
1000220c:	47a8      	blx	r5
1000220e:	3701      	adds	r7, #1
10002210:	0022      	movs	r2, r4
10002212:	e7f5      	b.n	10002200 <_out_rev+0x40>
10002214:	4654      	mov	r4, sl
10002216:	960c      	str	r6, [sp, #48]	; 0x30
10002218:	464e      	mov	r6, r9
1000221a:	9b0c      	ldr	r3, [sp, #48]	; 0x30
1000221c:	4699      	mov	r9, r3
1000221e:	e7e3      	b.n	100021e8 <_out_rev+0x28>
10002220:	464e      	mov	r6, r9
10002222:	9b0d      	ldr	r3, [sp, #52]	; 0x34
10002224:	079b      	lsls	r3, r3, #30
10002226:	d406      	bmi.n	10002236 <_out_rev+0x76>
10002228:	0010      	movs	r0, r2
1000222a:	b002      	add	sp, #8
1000222c:	bc1c      	pop	{r2, r3, r4}
1000222e:	4690      	mov	r8, r2
10002230:	4699      	mov	r9, r3
10002232:	46a2      	mov	sl, r4
10002234:	bdf0      	pop	{r4, r5, r6, r7, pc}
10002236:	4647      	mov	r7, r8
10002238:	1bd3      	subs	r3, r2, r7
1000223a:	42b3      	cmp	r3, r6
1000223c:	d2f4      	bcs.n	10002228 <_out_rev+0x68>
1000223e:	1c54      	adds	r4, r2, #1
10002240:	9b01      	ldr	r3, [sp, #4]
10002242:	9900      	ldr	r1, [sp, #0]
10002244:	2020      	movs	r0, #32
10002246:	47a8      	blx	r5
10002248:	0022      	movs	r2, r4
1000224a:	e7f5      	b.n	10002238 <_out_rev+0x78>

1000224c <_ntoa_format>:
1000224c:	b5f0      	push	{r4, r5, r6, r7, lr}
1000224e:	46ce      	mov	lr, r9
10002250:	b500      	push	{lr}
10002252:	b086      	sub	sp, #24
10002254:	9204      	str	r2, [sp, #16]
10002256:	9305      	str	r3, [sp, #20]
10002258:	9d0c      	ldr	r5, [sp, #48]	; 0x30
1000225a:	9c0d      	ldr	r4, [sp, #52]	; 0x34
1000225c:	ae0e      	add	r6, sp, #56	; 0x38
1000225e:	7833      	ldrb	r3, [r6, #0]
10002260:	4699      	mov	r9, r3
10002262:	9f10      	ldr	r7, [sp, #64]	; 0x40
10002264:	9b11      	ldr	r3, [sp, #68]	; 0x44
10002266:	9e12      	ldr	r6, [sp, #72]	; 0x48
10002268:	07b2      	lsls	r2, r6, #30
1000226a:	d41b      	bmi.n	100022a4 <_ntoa_format+0x58>
1000226c:	2b00      	cmp	r3, #0
1000226e:	d008      	beq.n	10002282 <_ntoa_format+0x36>
10002270:	07f2      	lsls	r2, r6, #31
10002272:	d506      	bpl.n	10002282 <_ntoa_format+0x36>
10002274:	464a      	mov	r2, r9
10002276:	2a00      	cmp	r2, #0
10002278:	d102      	bne.n	10002280 <_ntoa_format+0x34>
1000227a:	320c      	adds	r2, #12
1000227c:	4232      	tst	r2, r6
1000227e:	d000      	beq.n	10002282 <_ntoa_format+0x36>
10002280:	3b01      	subs	r3, #1
10002282:	42bc      	cmp	r4, r7
10002284:	d208      	bcs.n	10002298 <_ntoa_format+0x4c>
10002286:	2c1f      	cmp	r4, #31
10002288:	d806      	bhi.n	10002298 <_ntoa_format+0x4c>
1000228a:	2230      	movs	r2, #48	; 0x30
1000228c:	552a      	strb	r2, [r5, r4]
1000228e:	3401      	adds	r4, #1
10002290:	e7f7      	b.n	10002282 <_ntoa_format+0x36>
10002292:	2230      	movs	r2, #48	; 0x30
10002294:	552a      	strb	r2, [r5, r4]
10002296:	3401      	adds	r4, #1
10002298:	07f2      	lsls	r2, r6, #31
1000229a:	d503      	bpl.n	100022a4 <_ntoa_format+0x58>
1000229c:	429c      	cmp	r4, r3
1000229e:	d201      	bcs.n	100022a4 <_ntoa_format+0x58>
100022a0:	2c1f      	cmp	r4, #31
100022a2:	d9f6      	bls.n	10002292 <_ntoa_format+0x46>
100022a4:	06f2      	lsls	r2, r6, #27
100022a6:	d515      	bpl.n	100022d4 <_ntoa_format+0x88>
100022a8:	0572      	lsls	r2, r6, #21
100022aa:	d405      	bmi.n	100022b8 <_ntoa_format+0x6c>
100022ac:	2c00      	cmp	r4, #0
100022ae:	d003      	beq.n	100022b8 <_ntoa_format+0x6c>
100022b0:	42bc      	cmp	r4, r7
100022b2:	d023      	beq.n	100022fc <_ntoa_format+0xb0>
100022b4:	429c      	cmp	r4, r3
100022b6:	d021      	beq.n	100022fc <_ntoa_format+0xb0>
100022b8:	9a0f      	ldr	r2, [sp, #60]	; 0x3c
100022ba:	2a10      	cmp	r2, #16
100022bc:	d02a      	beq.n	10002314 <_ntoa_format+0xc8>
100022be:	9a0f      	ldr	r2, [sp, #60]	; 0x3c
100022c0:	2a10      	cmp	r2, #16
100022c2:	d02f      	beq.n	10002324 <_ntoa_format+0xd8>
100022c4:	9a0f      	ldr	r2, [sp, #60]	; 0x3c
100022c6:	2a02      	cmp	r2, #2
100022c8:	d034      	beq.n	10002334 <_ntoa_format+0xe8>
100022ca:	2c1f      	cmp	r4, #31
100022cc:	d802      	bhi.n	100022d4 <_ntoa_format+0x88>
100022ce:	2730      	movs	r7, #48	; 0x30
100022d0:	552f      	strb	r7, [r5, r4]
100022d2:	3401      	adds	r4, #1
100022d4:	2c1f      	cmp	r4, #31
100022d6:	d805      	bhi.n	100022e4 <_ntoa_format+0x98>
100022d8:	464a      	mov	r2, r9
100022da:	2a00      	cmp	r2, #0
100022dc:	d030      	beq.n	10002340 <_ntoa_format+0xf4>
100022de:	272d      	movs	r7, #45	; 0x2d
100022e0:	552f      	strb	r7, [r5, r4]
100022e2:	3401      	adds	r4, #1
100022e4:	9603      	str	r6, [sp, #12]
100022e6:	9302      	str	r3, [sp, #8]
100022e8:	9401      	str	r4, [sp, #4]
100022ea:	9500      	str	r5, [sp, #0]
100022ec:	9b05      	ldr	r3, [sp, #20]
100022ee:	9a04      	ldr	r2, [sp, #16]
100022f0:	f7ff ff66 	bl	100021c0 <_out_rev>
100022f4:	b006      	add	sp, #24
100022f6:	bc04      	pop	{r2}
100022f8:	4691      	mov	r9, r2
100022fa:	bdf0      	pop	{r4, r5, r6, r7, pc}
100022fc:	1e67      	subs	r7, r4, #1
100022fe:	2f00      	cmp	r7, #0
10002300:	d006      	beq.n	10002310 <_ntoa_format+0xc4>
10002302:	9a0f      	ldr	r2, [sp, #60]	; 0x3c
10002304:	2a10      	cmp	r2, #16
10002306:	d001      	beq.n	1000230c <_ntoa_format+0xc0>
10002308:	003c      	movs	r4, r7
1000230a:	e7d5      	b.n	100022b8 <_ntoa_format+0x6c>
1000230c:	3c02      	subs	r4, #2
1000230e:	e7d3      	b.n	100022b8 <_ntoa_format+0x6c>
10002310:	003c      	movs	r4, r7
10002312:	e7d1      	b.n	100022b8 <_ntoa_format+0x6c>
10002314:	06b2      	lsls	r2, r6, #26
10002316:	d4d2      	bmi.n	100022be <_ntoa_format+0x72>
10002318:	2c1f      	cmp	r4, #31
1000231a:	d8d0      	bhi.n	100022be <_ntoa_format+0x72>
1000231c:	2778      	movs	r7, #120	; 0x78
1000231e:	552f      	strb	r7, [r5, r4]
10002320:	3401      	adds	r4, #1
10002322:	e7d2      	b.n	100022ca <_ntoa_format+0x7e>
10002324:	06b2      	lsls	r2, r6, #26
10002326:	d5cd      	bpl.n	100022c4 <_ntoa_format+0x78>
10002328:	2c1f      	cmp	r4, #31
1000232a:	d8cb      	bhi.n	100022c4 <_ntoa_format+0x78>
1000232c:	2758      	movs	r7, #88	; 0x58
1000232e:	552f      	strb	r7, [r5, r4]
10002330:	3401      	adds	r4, #1
10002332:	e7ca      	b.n	100022ca <_ntoa_format+0x7e>
10002334:	2c1f      	cmp	r4, #31
10002336:	d8c8      	bhi.n	100022ca <_ntoa_format+0x7e>
10002338:	2762      	movs	r7, #98	; 0x62
1000233a:	552f      	strb	r7, [r5, r4]
1000233c:	3401      	adds	r4, #1
1000233e:	e7c4      	b.n	100022ca <_ntoa_format+0x7e>
10002340:	0772      	lsls	r2, r6, #29
10002342:	d503      	bpl.n	1000234c <_ntoa_format+0x100>
10002344:	272b      	movs	r7, #43	; 0x2b
10002346:	552f      	strb	r7, [r5, r4]
10002348:	3401      	adds	r4, #1
1000234a:	e7cb      	b.n	100022e4 <_ntoa_format+0x98>
1000234c:	0732      	lsls	r2, r6, #28
1000234e:	d5c9      	bpl.n	100022e4 <_ntoa_format+0x98>
10002350:	2720      	movs	r7, #32
10002352:	552f      	strb	r7, [r5, r4]
10002354:	3401      	adds	r4, #1
10002356:	e7c5      	b.n	100022e4 <_ntoa_format+0x98>

10002358 <_ntoa_long>:
10002358:	b5f0      	push	{r4, r5, r6, r7, lr}
1000235a:	46ce      	mov	lr, r9
1000235c:	4647      	mov	r7, r8
1000235e:	b580      	push	{r7, lr}
10002360:	b095      	sub	sp, #84	; 0x54
10002362:	9008      	str	r0, [sp, #32]
10002364:	9109      	str	r1, [sp, #36]	; 0x24
10002366:	920a      	str	r2, [sp, #40]	; 0x28
10002368:	930b      	str	r3, [sp, #44]	; 0x2c
1000236a:	ab1c      	add	r3, sp, #112	; 0x70
1000236c:	cb10      	ldmia	r3!, {r4}
1000236e:	781b      	ldrb	r3, [r3, #0]
10002370:	4698      	mov	r8, r3
10002372:	9d1e      	ldr	r5, [sp, #120]	; 0x78
10002374:	9b21      	ldr	r3, [sp, #132]	; 0x84
10002376:	4699      	mov	r9, r3
10002378:	2c00      	cmp	r4, #0
1000237a:	d103      	bne.n	10002384 <_ntoa_long+0x2c>
1000237c:	2310      	movs	r3, #16
1000237e:	464a      	mov	r2, r9
10002380:	439a      	bics	r2, r3
10002382:	4691      	mov	r9, r2
10002384:	2780      	movs	r7, #128	; 0x80
10002386:	00ff      	lsls	r7, r7, #3
10002388:	464b      	mov	r3, r9
1000238a:	401f      	ands	r7, r3
1000238c:	d018      	beq.n	100023c0 <_ntoa_long+0x68>
1000238e:	2c00      	cmp	r4, #0
10002390:	d022      	beq.n	100023d8 <_ntoa_long+0x80>
10002392:	2700      	movs	r7, #0
10002394:	e014      	b.n	100023c0 <_ntoa_long+0x68>
10002396:	464a      	mov	r2, r9
10002398:	0692      	lsls	r2, r2, #26
1000239a:	d51b      	bpl.n	100023d4 <_ntoa_long+0x7c>
1000239c:	2141      	movs	r1, #65	; 0x41
1000239e:	18c9      	adds	r1, r1, r3
100023a0:	b2c9      	uxtb	r1, r1
100023a2:	390a      	subs	r1, #10
100023a4:	b2c9      	uxtb	r1, r1
100023a6:	1c7e      	adds	r6, r7, #1
100023a8:	ab0c      	add	r3, sp, #48	; 0x30
100023aa:	55d9      	strb	r1, [r3, r7]
100023ac:	0029      	movs	r1, r5
100023ae:	0020      	movs	r0, r4
100023b0:	f000 ffbe 	bl	10003330 <__wrap___aeabi_uidiv>
100023b4:	42ac      	cmp	r4, r5
100023b6:	d310      	bcc.n	100023da <_ntoa_long+0x82>
100023b8:	2e1f      	cmp	r6, #31
100023ba:	d80e      	bhi.n	100023da <_ntoa_long+0x82>
100023bc:	0037      	movs	r7, r6
100023be:	0004      	movs	r4, r0
100023c0:	0029      	movs	r1, r5
100023c2:	0020      	movs	r0, r4
100023c4:	f000 ffb4 	bl	10003330 <__wrap___aeabi_uidiv>
100023c8:	b2cb      	uxtb	r3, r1
100023ca:	2b09      	cmp	r3, #9
100023cc:	d8e3      	bhi.n	10002396 <_ntoa_long+0x3e>
100023ce:	3330      	adds	r3, #48	; 0x30
100023d0:	b2d9      	uxtb	r1, r3
100023d2:	e7e8      	b.n	100023a6 <_ntoa_long+0x4e>
100023d4:	2161      	movs	r1, #97	; 0x61
100023d6:	e7e2      	b.n	1000239e <_ntoa_long+0x46>
100023d8:	0026      	movs	r6, r4
100023da:	464b      	mov	r3, r9
100023dc:	9306      	str	r3, [sp, #24]
100023de:	9b20      	ldr	r3, [sp, #128]	; 0x80
100023e0:	9305      	str	r3, [sp, #20]
100023e2:	9b1f      	ldr	r3, [sp, #124]	; 0x7c
100023e4:	9304      	str	r3, [sp, #16]
100023e6:	9503      	str	r5, [sp, #12]
100023e8:	4643      	mov	r3, r8
100023ea:	9302      	str	r3, [sp, #8]
100023ec:	9601      	str	r6, [sp, #4]
100023ee:	ab0c      	add	r3, sp, #48	; 0x30
100023f0:	9300      	str	r3, [sp, #0]
100023f2:	9b0b      	ldr	r3, [sp, #44]	; 0x2c
100023f4:	9a0a      	ldr	r2, [sp, #40]	; 0x28
100023f6:	9909      	ldr	r1, [sp, #36]	; 0x24
100023f8:	9808      	ldr	r0, [sp, #32]
100023fa:	f7ff ff27 	bl	1000224c <_ntoa_format>
100023fe:	b015      	add	sp, #84	; 0x54
10002400:	bc0c      	pop	{r2, r3}
10002402:	4690      	mov	r8, r2
10002404:	4699      	mov	r9, r3
10002406:	bdf0      	pop	{r4, r5, r6, r7, pc}

10002408 <_ntoa_long_long>:
10002408:	b5f0      	push	{r4, r5, r6, r7, lr}
1000240a:	46de      	mov	lr, fp
1000240c:	4657      	mov	r7, sl
1000240e:	b580      	push	{r7, lr}
10002410:	b097      	sub	sp, #92	; 0x5c
10002412:	900a      	str	r0, [sp, #40]	; 0x28
10002414:	910b      	str	r1, [sp, #44]	; 0x2c
10002416:	920c      	str	r2, [sp, #48]	; 0x30
10002418:	930d      	str	r3, [sp, #52]	; 0x34
1000241a:	9a1e      	ldr	r2, [sp, #120]	; 0x78
1000241c:	9208      	str	r2, [sp, #32]
1000241e:	9c1f      	ldr	r4, [sp, #124]	; 0x7c
10002420:	ab20      	add	r3, sp, #128	; 0x80
10002422:	781b      	ldrb	r3, [r3, #0]
10002424:	469b      	mov	fp, r3
10002426:	9b22      	ldr	r3, [sp, #136]	; 0x88
10002428:	9309      	str	r3, [sp, #36]	; 0x24
1000242a:	9d23      	ldr	r5, [sp, #140]	; 0x8c
1000242c:	9b26      	ldr	r3, [sp, #152]	; 0x98
1000242e:	469a      	mov	sl, r3
10002430:	4322      	orrs	r2, r4
10002432:	1e13      	subs	r3, r2, #0
10002434:	d103      	bne.n	1000243e <_ntoa_long_long+0x36>
10002436:	3310      	adds	r3, #16
10002438:	4652      	mov	r2, sl
1000243a:	439a      	bics	r2, r3
1000243c:	4692      	mov	sl, r2
1000243e:	2680      	movs	r6, #128	; 0x80
10002440:	00f6      	lsls	r6, r6, #3
10002442:	4653      	mov	r3, sl
10002444:	401e      	ands	r6, r3
10002446:	d006      	beq.n	10002456 <_ntoa_long_long+0x4e>
10002448:	9a08      	ldr	r2, [sp, #32]
1000244a:	0013      	movs	r3, r2
1000244c:	4323      	orrs	r3, r4
1000244e:	d033      	beq.n	100024b8 <_ntoa_long_long+0xb0>
10002450:	2600      	movs	r6, #0
10002452:	0037      	movs	r7, r6
10002454:	e01a      	b.n	1000248c <_ntoa_long_long+0x84>
10002456:	0037      	movs	r7, r6
10002458:	e018      	b.n	1000248c <_ntoa_long_long+0x84>
1000245a:	4652      	mov	r2, sl
1000245c:	0692      	lsls	r2, r2, #26
1000245e:	d521      	bpl.n	100024a4 <_ntoa_long_long+0x9c>
10002460:	2241      	movs	r2, #65	; 0x41
10002462:	18d2      	adds	r2, r2, r3
10002464:	b2d2      	uxtb	r2, r2
10002466:	3a0a      	subs	r2, #10
10002468:	b2d2      	uxtb	r2, r2
1000246a:	1c7e      	adds	r6, r7, #1
1000246c:	ab0e      	add	r3, sp, #56	; 0x38
1000246e:	55da      	strb	r2, [r3, r7]
10002470:	9a09      	ldr	r2, [sp, #36]	; 0x24
10002472:	002b      	movs	r3, r5
10002474:	9808      	ldr	r0, [sp, #32]
10002476:	0021      	movs	r1, r4
10002478:	f000 ff9c 	bl	100033b4 <__wrap___aeabi_uldivmod>
1000247c:	42a5      	cmp	r5, r4
1000247e:	d81d      	bhi.n	100024bc <_ntoa_long_long+0xb4>
10002480:	d012      	beq.n	100024a8 <_ntoa_long_long+0xa0>
10002482:	2e1f      	cmp	r6, #31
10002484:	d816      	bhi.n	100024b4 <_ntoa_long_long+0xac>
10002486:	0037      	movs	r7, r6
10002488:	9008      	str	r0, [sp, #32]
1000248a:	000c      	movs	r4, r1
1000248c:	9a09      	ldr	r2, [sp, #36]	; 0x24
1000248e:	002b      	movs	r3, r5
10002490:	9808      	ldr	r0, [sp, #32]
10002492:	0021      	movs	r1, r4
10002494:	f000 ff8e 	bl	100033b4 <__wrap___aeabi_uldivmod>
10002498:	b2d3      	uxtb	r3, r2
1000249a:	2b09      	cmp	r3, #9
1000249c:	d8dd      	bhi.n	1000245a <_ntoa_long_long+0x52>
1000249e:	3330      	adds	r3, #48	; 0x30
100024a0:	b2da      	uxtb	r2, r3
100024a2:	e7e2      	b.n	1000246a <_ntoa_long_long+0x62>
100024a4:	2261      	movs	r2, #97	; 0x61
100024a6:	e7dc      	b.n	10002462 <_ntoa_long_long+0x5a>
100024a8:	9b09      	ldr	r3, [sp, #36]	; 0x24
100024aa:	9a08      	ldr	r2, [sp, #32]
100024ac:	4293      	cmp	r3, r2
100024ae:	d9e8      	bls.n	10002482 <_ntoa_long_long+0x7a>
100024b0:	0037      	movs	r7, r6
100024b2:	e004      	b.n	100024be <_ntoa_long_long+0xb6>
100024b4:	0037      	movs	r7, r6
100024b6:	e002      	b.n	100024be <_ntoa_long_long+0xb6>
100024b8:	2700      	movs	r7, #0
100024ba:	e000      	b.n	100024be <_ntoa_long_long+0xb6>
100024bc:	0037      	movs	r7, r6
100024be:	4653      	mov	r3, sl
100024c0:	9306      	str	r3, [sp, #24]
100024c2:	9b25      	ldr	r3, [sp, #148]	; 0x94
100024c4:	9305      	str	r3, [sp, #20]
100024c6:	9b24      	ldr	r3, [sp, #144]	; 0x90
100024c8:	9304      	str	r3, [sp, #16]
100024ca:	9b09      	ldr	r3, [sp, #36]	; 0x24
100024cc:	9303      	str	r3, [sp, #12]
100024ce:	465b      	mov	r3, fp
100024d0:	9302      	str	r3, [sp, #8]
100024d2:	9701      	str	r7, [sp, #4]
100024d4:	ab0e      	add	r3, sp, #56	; 0x38
100024d6:	9300      	str	r3, [sp, #0]
100024d8:	9b0d      	ldr	r3, [sp, #52]	; 0x34
100024da:	9a0c      	ldr	r2, [sp, #48]	; 0x30
100024dc:	990b      	ldr	r1, [sp, #44]	; 0x2c
100024de:	980a      	ldr	r0, [sp, #40]	; 0x28
100024e0:	f7ff feb4 	bl	1000224c <_ntoa_format>
100024e4:	b017      	add	sp, #92	; 0x5c
100024e6:	bc0c      	pop	{r2, r3}
100024e8:	4692      	mov	sl, r2
100024ea:	469b      	mov	fp, r3
100024ec:	bdf0      	pop	{r4, r5, r6, r7, pc}
	...

100024f0 <_etoa>:
100024f0:	b5f0      	push	{r4, r5, r6, r7, lr}
100024f2:	46d6      	mov	lr, sl
100024f4:	464f      	mov	r7, r9
100024f6:	4646      	mov	r6, r8
100024f8:	b5c0      	push	{r6, r7, lr}
100024fa:	b094      	sub	sp, #80	; 0x50
100024fc:	900a      	str	r0, [sp, #40]	; 0x28
100024fe:	9106      	str	r1, [sp, #24]
10002500:	920b      	str	r2, [sp, #44]	; 0x2c
10002502:	9307      	str	r3, [sp, #28]
10002504:	9c1c      	ldr	r4, [sp, #112]	; 0x70
10002506:	9408      	str	r4, [sp, #32]
10002508:	9d1d      	ldr	r5, [sp, #116]	; 0x74
1000250a:	9509      	str	r5, [sp, #36]	; 0x24
1000250c:	0022      	movs	r2, r4
1000250e:	002b      	movs	r3, r5
10002510:	0020      	movs	r0, r4
10002512:	0029      	movs	r1, r5
10002514:	f001 f9dd 	bl	100038d2 <__wrap___aeabi_dcmpun>
10002518:	2800      	cmp	r0, #0
1000251a:	d000      	beq.n	1000251e <_etoa+0x2e>
1000251c:	e0e8      	b.n	100026f0 <_etoa+0x200>
1000251e:	2201      	movs	r2, #1
10002520:	4252      	negs	r2, r2
10002522:	4bd6      	ldr	r3, [pc, #856]	; (1000287c <_etoa+0x38c>)
10002524:	0020      	movs	r0, r4
10002526:	0029      	movs	r1, r5
10002528:	f001 f9ce 	bl	100038c8 <__wrap___aeabi_dcmpgt>
1000252c:	2800      	cmp	r0, #0
1000252e:	d000      	beq.n	10002532 <_etoa+0x42>
10002530:	e0de      	b.n	100026f0 <_etoa+0x200>
10002532:	2201      	movs	r2, #1
10002534:	4252      	negs	r2, r2
10002536:	4bd2      	ldr	r3, [pc, #840]	; (10002880 <_etoa+0x390>)
10002538:	0020      	movs	r0, r4
1000253a:	0029      	movs	r1, r5
1000253c:	f001 f9ae 	bl	1000389c <__wrap___aeabi_dcmplt>
10002540:	2800      	cmp	r0, #0
10002542:	d000      	beq.n	10002546 <_etoa+0x56>
10002544:	e0d4      	b.n	100026f0 <_etoa+0x200>
10002546:	2200      	movs	r2, #0
10002548:	2300      	movs	r3, #0
1000254a:	9d08      	ldr	r5, [sp, #32]
1000254c:	0028      	movs	r0, r5
1000254e:	9c09      	ldr	r4, [sp, #36]	; 0x24
10002550:	0021      	movs	r1, r4
10002552:	f001 f9a3 	bl	1000389c <__wrap___aeabi_dcmplt>
10002556:	2800      	cmp	r0, #0
10002558:	d000      	beq.n	1000255c <_etoa+0x6c>
1000255a:	e0df      	b.n	1000271c <_etoa+0x22c>
1000255c:	9e08      	ldr	r6, [sp, #32]
1000255e:	9f09      	ldr	r7, [sp, #36]	; 0x24
10002560:	2380      	movs	r3, #128	; 0x80
10002562:	00db      	lsls	r3, r3, #3
10002564:	9a20      	ldr	r2, [sp, #128]	; 0x80
10002566:	401a      	ands	r2, r3
10002568:	4690      	mov	r8, r2
1000256a:	1e13      	subs	r3, r2, #0
1000256c:	d101      	bne.n	10002572 <_etoa+0x82>
1000256e:	3306      	adds	r3, #6
10002570:	931e      	str	r3, [sp, #120]	; 0x78
10002572:	960c      	str	r6, [sp, #48]	; 0x30
10002574:	970d      	str	r7, [sp, #52]	; 0x34
10002576:	003a      	movs	r2, r7
10002578:	4332      	orrs	r2, r6
1000257a:	d100      	bne.n	1000257e <_etoa+0x8e>
1000257c:	e0d5      	b.n	1000272a <_etoa+0x23a>
1000257e:	0d38      	lsrs	r0, r7, #20
10002580:	0540      	lsls	r0, r0, #21
10002582:	0d40      	lsrs	r0, r0, #21
10002584:	4abf      	ldr	r2, [pc, #764]	; (10002884 <_etoa+0x394>)
10002586:	4694      	mov	ip, r2
10002588:	4460      	add	r0, ip
1000258a:	033a      	lsls	r2, r7, #12
1000258c:	0b12      	lsrs	r2, r2, #12
1000258e:	4bbe      	ldr	r3, [pc, #760]	; (10002888 <_etoa+0x398>)
10002590:	4313      	orrs	r3, r2
10002592:	001d      	movs	r5, r3
10002594:	f001 f9b0 	bl	100038f8 <__wrap___aeabi_i2d>
10002598:	4abc      	ldr	r2, [pc, #752]	; (1000288c <_etoa+0x39c>)
1000259a:	4bbd      	ldr	r3, [pc, #756]	; (10002890 <_etoa+0x3a0>)
1000259c:	f001 f93b 	bl	10003816 <__wrap___aeabi_dmul>
100025a0:	4abc      	ldr	r2, [pc, #752]	; (10002894 <_etoa+0x3a4>)
100025a2:	4bbd      	ldr	r3, [pc, #756]	; (10002898 <_etoa+0x3a8>)
100025a4:	f001 f910 	bl	100037c8 <__wrap___aeabi_dadd>
100025a8:	900c      	str	r0, [sp, #48]	; 0x30
100025aa:	910d      	str	r1, [sp, #52]	; 0x34
100025ac:	2200      	movs	r2, #0
100025ae:	4bbb      	ldr	r3, [pc, #748]	; (1000289c <_etoa+0x3ac>)
100025b0:	0030      	movs	r0, r6
100025b2:	0029      	movs	r1, r5
100025b4:	f001 f8ff 	bl	100037b6 <__wrap___aeabi_dsub>
100025b8:	4ab9      	ldr	r2, [pc, #740]	; (100028a0 <_etoa+0x3b0>)
100025ba:	4bba      	ldr	r3, [pc, #744]	; (100028a4 <_etoa+0x3b4>)
100025bc:	f001 f92b 	bl	10003816 <__wrap___aeabi_dmul>
100025c0:	0002      	movs	r2, r0
100025c2:	000b      	movs	r3, r1
100025c4:	980c      	ldr	r0, [sp, #48]	; 0x30
100025c6:	990d      	ldr	r1, [sp, #52]	; 0x34
100025c8:	f001 f8fe 	bl	100037c8 <__wrap___aeabi_dadd>
100025cc:	f001 f9ac 	bl	10003928 <__wrap___aeabi_d2iz>
100025d0:	4682      	mov	sl, r0
100025d2:	f001 f991 	bl	100038f8 <__wrap___aeabi_i2d>
100025d6:	4ab4      	ldr	r2, [pc, #720]	; (100028a8 <_etoa+0x3b8>)
100025d8:	4bb4      	ldr	r3, [pc, #720]	; (100028ac <_etoa+0x3bc>)
100025da:	900c      	str	r0, [sp, #48]	; 0x30
100025dc:	910d      	str	r1, [sp, #52]	; 0x34
100025de:	f001 f91a 	bl	10003816 <__wrap___aeabi_dmul>
100025e2:	2200      	movs	r2, #0
100025e4:	4bb2      	ldr	r3, [pc, #712]	; (100028b0 <_etoa+0x3c0>)
100025e6:	f001 f8ef 	bl	100037c8 <__wrap___aeabi_dadd>
100025ea:	f001 f99d 	bl	10003928 <__wrap___aeabi_d2iz>
100025ee:	0005      	movs	r5, r0
100025f0:	4ab0      	ldr	r2, [pc, #704]	; (100028b4 <_etoa+0x3c4>)
100025f2:	4bb1      	ldr	r3, [pc, #708]	; (100028b8 <_etoa+0x3c8>)
100025f4:	980c      	ldr	r0, [sp, #48]	; 0x30
100025f6:	990d      	ldr	r1, [sp, #52]	; 0x34
100025f8:	f001 f90d 	bl	10003816 <__wrap___aeabi_dmul>
100025fc:	900c      	str	r0, [sp, #48]	; 0x30
100025fe:	910d      	str	r1, [sp, #52]	; 0x34
10002600:	0028      	movs	r0, r5
10002602:	f001 f979 	bl	100038f8 <__wrap___aeabi_i2d>
10002606:	4aad      	ldr	r2, [pc, #692]	; (100028bc <_etoa+0x3cc>)
10002608:	4bad      	ldr	r3, [pc, #692]	; (100028c0 <_etoa+0x3d0>)
1000260a:	f001 f904 	bl	10003816 <__wrap___aeabi_dmul>
1000260e:	0002      	movs	r2, r0
10002610:	000b      	movs	r3, r1
10002612:	980c      	ldr	r0, [sp, #48]	; 0x30
10002614:	990d      	ldr	r1, [sp, #52]	; 0x34
10002616:	f001 f8ce 	bl	100037b6 <__wrap___aeabi_dsub>
1000261a:	0002      	movs	r2, r0
1000261c:	000b      	movs	r3, r1
1000261e:	900e      	str	r0, [sp, #56]	; 0x38
10002620:	910f      	str	r1, [sp, #60]	; 0x3c
10002622:	f001 f8f8 	bl	10003816 <__wrap___aeabi_dmul>
10002626:	9010      	str	r0, [sp, #64]	; 0x40
10002628:	9111      	str	r1, [sp, #68]	; 0x44
1000262a:	4ba6      	ldr	r3, [pc, #664]	; (100028c4 <_etoa+0x3d4>)
1000262c:	469c      	mov	ip, r3
1000262e:	4465      	add	r5, ip
10002630:	052b      	lsls	r3, r5, #20
10002632:	930d      	str	r3, [sp, #52]	; 0x34
10002634:	2300      	movs	r3, #0
10002636:	930c      	str	r3, [sp, #48]	; 0x30
10002638:	9c0e      	ldr	r4, [sp, #56]	; 0x38
1000263a:	9d0f      	ldr	r5, [sp, #60]	; 0x3c
1000263c:	0022      	movs	r2, r4
1000263e:	002b      	movs	r3, r5
10002640:	0020      	movs	r0, r4
10002642:	0029      	movs	r1, r5
10002644:	f001 f8c0 	bl	100037c8 <__wrap___aeabi_dadd>
10002648:	900e      	str	r0, [sp, #56]	; 0x38
1000264a:	910f      	str	r1, [sp, #60]	; 0x3c
1000264c:	0022      	movs	r2, r4
1000264e:	002b      	movs	r3, r5
10002650:	2000      	movs	r0, #0
10002652:	2180      	movs	r1, #128	; 0x80
10002654:	05c9      	lsls	r1, r1, #23
10002656:	f001 f8ae 	bl	100037b6 <__wrap___aeabi_dsub>
1000265a:	9012      	str	r0, [sp, #72]	; 0x48
1000265c:	9113      	str	r1, [sp, #76]	; 0x4c
1000265e:	2200      	movs	r2, #0
10002660:	4b99      	ldr	r3, [pc, #612]	; (100028c8 <_etoa+0x3d8>)
10002662:	9c10      	ldr	r4, [sp, #64]	; 0x40
10002664:	9d11      	ldr	r5, [sp, #68]	; 0x44
10002666:	0020      	movs	r0, r4
10002668:	0029      	movs	r1, r5
1000266a:	f001 f8b6 	bl	100037da <__wrap___aeabi_ddiv>
1000266e:	2200      	movs	r2, #0
10002670:	4b96      	ldr	r3, [pc, #600]	; (100028cc <_etoa+0x3dc>)
10002672:	f001 f8a9 	bl	100037c8 <__wrap___aeabi_dadd>
10002676:	0002      	movs	r2, r0
10002678:	000b      	movs	r3, r1
1000267a:	0020      	movs	r0, r4
1000267c:	0029      	movs	r1, r5
1000267e:	f001 f8ac 	bl	100037da <__wrap___aeabi_ddiv>
10002682:	2200      	movs	r2, #0
10002684:	4b92      	ldr	r3, [pc, #584]	; (100028d0 <_etoa+0x3e0>)
10002686:	f001 f89f 	bl	100037c8 <__wrap___aeabi_dadd>
1000268a:	0002      	movs	r2, r0
1000268c:	000b      	movs	r3, r1
1000268e:	0020      	movs	r0, r4
10002690:	0029      	movs	r1, r5
10002692:	f001 f8a2 	bl	100037da <__wrap___aeabi_ddiv>
10002696:	0002      	movs	r2, r0
10002698:	000b      	movs	r3, r1
1000269a:	9812      	ldr	r0, [sp, #72]	; 0x48
1000269c:	9913      	ldr	r1, [sp, #76]	; 0x4c
1000269e:	f001 f893 	bl	100037c8 <__wrap___aeabi_dadd>
100026a2:	0002      	movs	r2, r0
100026a4:	000b      	movs	r3, r1
100026a6:	980e      	ldr	r0, [sp, #56]	; 0x38
100026a8:	990f      	ldr	r1, [sp, #60]	; 0x3c
100026aa:	f001 f896 	bl	100037da <__wrap___aeabi_ddiv>
100026ae:	2200      	movs	r2, #0
100026b0:	4b75      	ldr	r3, [pc, #468]	; (10002888 <_etoa+0x398>)
100026b2:	f001 f889 	bl	100037c8 <__wrap___aeabi_dadd>
100026b6:	9a0c      	ldr	r2, [sp, #48]	; 0x30
100026b8:	9b0d      	ldr	r3, [sp, #52]	; 0x34
100026ba:	f001 f8ac 	bl	10003816 <__wrap___aeabi_dmul>
100026be:	0002      	movs	r2, r0
100026c0:	000b      	movs	r3, r1
100026c2:	920c      	str	r2, [sp, #48]	; 0x30
100026c4:	930d      	str	r3, [sp, #52]	; 0x34
100026c6:	0032      	movs	r2, r6
100026c8:	003b      	movs	r3, r7
100026ca:	0004      	movs	r4, r0
100026cc:	000d      	movs	r5, r1
100026ce:	f001 f8fb 	bl	100038c8 <__wrap___aeabi_dcmpgt>
100026d2:	2800      	cmp	r0, #0
100026d4:	d02b      	beq.n	1000272e <_etoa+0x23e>
100026d6:	2301      	movs	r3, #1
100026d8:	425b      	negs	r3, r3
100026da:	469c      	mov	ip, r3
100026dc:	44e2      	add	sl, ip
100026de:	2200      	movs	r2, #0
100026e0:	4b7a      	ldr	r3, [pc, #488]	; (100028cc <_etoa+0x3dc>)
100026e2:	0020      	movs	r0, r4
100026e4:	0029      	movs	r1, r5
100026e6:	f001 f878 	bl	100037da <__wrap___aeabi_ddiv>
100026ea:	900c      	str	r0, [sp, #48]	; 0x30
100026ec:	910d      	str	r1, [sp, #52]	; 0x34
100026ee:	e01e      	b.n	1000272e <_etoa+0x23e>
100026f0:	9b20      	ldr	r3, [sp, #128]	; 0x80
100026f2:	9304      	str	r3, [sp, #16]
100026f4:	9b1f      	ldr	r3, [sp, #124]	; 0x7c
100026f6:	9303      	str	r3, [sp, #12]
100026f8:	9b1e      	ldr	r3, [sp, #120]	; 0x78
100026fa:	9302      	str	r3, [sp, #8]
100026fc:	9a08      	ldr	r2, [sp, #32]
100026fe:	9b09      	ldr	r3, [sp, #36]	; 0x24
10002700:	9200      	str	r2, [sp, #0]
10002702:	9301      	str	r3, [sp, #4]
10002704:	9b07      	ldr	r3, [sp, #28]
10002706:	9a0b      	ldr	r2, [sp, #44]	; 0x2c
10002708:	9906      	ldr	r1, [sp, #24]
1000270a:	980a      	ldr	r0, [sp, #40]	; 0x28
1000270c:	f000 f8f4 	bl	100028f8 <_ftoa>
10002710:	b014      	add	sp, #80	; 0x50
10002712:	bc1c      	pop	{r2, r3, r4}
10002714:	4690      	mov	r8, r2
10002716:	4699      	mov	r9, r3
10002718:	46a2      	mov	sl, r4
1000271a:	bdf0      	pop	{r4, r5, r6, r7, pc}
1000271c:	002e      	movs	r6, r5
1000271e:	2380      	movs	r3, #128	; 0x80
10002720:	061b      	lsls	r3, r3, #24
10002722:	469c      	mov	ip, r3
10002724:	4464      	add	r4, ip
10002726:	0027      	movs	r7, r4
10002728:	e71a      	b.n	10002560 <_etoa+0x70>
1000272a:	2300      	movs	r3, #0
1000272c:	469a      	mov	sl, r3
1000272e:	4653      	mov	r3, sl
10002730:	3363      	adds	r3, #99	; 0x63
10002732:	2bc6      	cmp	r3, #198	; 0xc6
10002734:	d821      	bhi.n	1000277a <_etoa+0x28a>
10002736:	2504      	movs	r5, #4
10002738:	9b20      	ldr	r3, [sp, #128]	; 0x80
1000273a:	051b      	lsls	r3, r3, #20
1000273c:	d529      	bpl.n	10002792 <_etoa+0x2a2>
1000273e:	9a0c      	ldr	r2, [sp, #48]	; 0x30
10002740:	9b0d      	ldr	r3, [sp, #52]	; 0x34
10002742:	0019      	movs	r1, r3
10002744:	4311      	orrs	r1, r2
10002746:	d010      	beq.n	1000276a <_etoa+0x27a>
10002748:	4a62      	ldr	r2, [pc, #392]	; (100028d4 <_etoa+0x3e4>)
1000274a:	4b63      	ldr	r3, [pc, #396]	; (100028d8 <_etoa+0x3e8>)
1000274c:	0030      	movs	r0, r6
1000274e:	0039      	movs	r1, r7
10002750:	f001 f8b2 	bl	100038b8 <__wrap___aeabi_dcmpge>
10002754:	2800      	cmp	r0, #0
10002756:	d100      	bne.n	1000275a <_etoa+0x26a>
10002758:	e082      	b.n	10002860 <_etoa+0x370>
1000275a:	2200      	movs	r2, #0
1000275c:	4b5f      	ldr	r3, [pc, #380]	; (100028dc <_etoa+0x3ec>)
1000275e:	0030      	movs	r0, r6
10002760:	0039      	movs	r1, r7
10002762:	f001 f89b 	bl	1000389c <__wrap___aeabi_dcmplt>
10002766:	2800      	cmp	r0, #0
10002768:	d07a      	beq.n	10002860 <_etoa+0x370>
1000276a:	9b1e      	ldr	r3, [sp, #120]	; 0x78
1000276c:	4553      	cmp	r3, sl
1000276e:	dd06      	ble.n	1000277e <_etoa+0x28e>
10002770:	4652      	mov	r2, sl
10002772:	1a9c      	subs	r4, r3, r2
10002774:	1e63      	subs	r3, r4, #1
10002776:	931e      	str	r3, [sp, #120]	; 0x78
10002778:	e003      	b.n	10002782 <_etoa+0x292>
1000277a:	2505      	movs	r5, #5
1000277c:	e7dc      	b.n	10002738 <_etoa+0x248>
1000277e:	2300      	movs	r3, #0
10002780:	931e      	str	r3, [sp, #120]	; 0x78
10002782:	2380      	movs	r3, #128	; 0x80
10002784:	00db      	lsls	r3, r3, #3
10002786:	9a20      	ldr	r2, [sp, #128]	; 0x80
10002788:	431a      	orrs	r2, r3
1000278a:	9220      	str	r2, [sp, #128]	; 0x80
1000278c:	2500      	movs	r5, #0
1000278e:	2300      	movs	r3, #0
10002790:	469a      	mov	sl, r3
10002792:	9b1f      	ldr	r3, [sp, #124]	; 0x7c
10002794:	429d      	cmp	r5, r3
10002796:	d26d      	bcs.n	10002874 <_etoa+0x384>
10002798:	1b5b      	subs	r3, r3, r5
1000279a:	4699      	mov	r9, r3
1000279c:	2302      	movs	r3, #2
1000279e:	9a20      	ldr	r2, [sp, #128]	; 0x80
100027a0:	401a      	ands	r2, r3
100027a2:	4690      	mov	r8, r2
100027a4:	d003      	beq.n	100027ae <_etoa+0x2be>
100027a6:	2d00      	cmp	r5, #0
100027a8:	d001      	beq.n	100027ae <_etoa+0x2be>
100027aa:	2300      	movs	r3, #0
100027ac:	4699      	mov	r9, r3
100027ae:	4653      	mov	r3, sl
100027b0:	2b00      	cmp	r3, #0
100027b2:	d007      	beq.n	100027c4 <_etoa+0x2d4>
100027b4:	9a0c      	ldr	r2, [sp, #48]	; 0x30
100027b6:	9b0d      	ldr	r3, [sp, #52]	; 0x34
100027b8:	0030      	movs	r0, r6
100027ba:	0039      	movs	r1, r7
100027bc:	f001 f80d 	bl	100037da <__wrap___aeabi_ddiv>
100027c0:	0006      	movs	r6, r0
100027c2:	000f      	movs	r7, r1
100027c4:	2200      	movs	r2, #0
100027c6:	2300      	movs	r3, #0
100027c8:	9808      	ldr	r0, [sp, #32]
100027ca:	9909      	ldr	r1, [sp, #36]	; 0x24
100027cc:	f001 f866 	bl	1000389c <__wrap___aeabi_dcmplt>
100027d0:	2800      	cmp	r0, #0
100027d2:	d000      	beq.n	100027d6 <_etoa+0x2e6>
100027d4:	e086      	b.n	100028e4 <_etoa+0x3f4>
100027d6:	4b42      	ldr	r3, [pc, #264]	; (100028e0 <_etoa+0x3f0>)
100027d8:	9a20      	ldr	r2, [sp, #128]	; 0x80
100027da:	4013      	ands	r3, r2
100027dc:	9304      	str	r3, [sp, #16]
100027de:	464b      	mov	r3, r9
100027e0:	9303      	str	r3, [sp, #12]
100027e2:	9b1e      	ldr	r3, [sp, #120]	; 0x78
100027e4:	9302      	str	r3, [sp, #8]
100027e6:	9600      	str	r6, [sp, #0]
100027e8:	9701      	str	r7, [sp, #4]
100027ea:	9b07      	ldr	r3, [sp, #28]
100027ec:	9a0b      	ldr	r2, [sp, #44]	; 0x2c
100027ee:	9906      	ldr	r1, [sp, #24]
100027f0:	980a      	ldr	r0, [sp, #40]	; 0x28
100027f2:	f000 f881 	bl	100028f8 <_ftoa>
100027f6:	2d00      	cmp	r5, #0
100027f8:	d100      	bne.n	100027fc <_etoa+0x30c>
100027fa:	e789      	b.n	10002710 <_etoa+0x220>
100027fc:	9b20      	ldr	r3, [sp, #128]	; 0x80
100027fe:	069b      	lsls	r3, r3, #26
10002800:	d575      	bpl.n	100028ee <_etoa+0x3fe>
10002802:	2645      	movs	r6, #69	; 0x45
10002804:	1c47      	adds	r7, r0, #1
10002806:	9b07      	ldr	r3, [sp, #28]
10002808:	0002      	movs	r2, r0
1000280a:	9906      	ldr	r1, [sp, #24]
1000280c:	0030      	movs	r0, r6
1000280e:	9e0a      	ldr	r6, [sp, #40]	; 0x28
10002810:	47b0      	blx	r6
10002812:	4650      	mov	r0, sl
10002814:	17c2      	asrs	r2, r0, #31
10002816:	1883      	adds	r3, r0, r2
10002818:	4053      	eors	r3, r2
1000281a:	2205      	movs	r2, #5
1000281c:	9205      	str	r2, [sp, #20]
1000281e:	3d01      	subs	r5, #1
10002820:	9504      	str	r5, [sp, #16]
10002822:	2200      	movs	r2, #0
10002824:	9203      	str	r2, [sp, #12]
10002826:	320a      	adds	r2, #10
10002828:	9202      	str	r2, [sp, #8]
1000282a:	0fc4      	lsrs	r4, r0, #31
1000282c:	9401      	str	r4, [sp, #4]
1000282e:	9300      	str	r3, [sp, #0]
10002830:	9b07      	ldr	r3, [sp, #28]
10002832:	003a      	movs	r2, r7
10002834:	9906      	ldr	r1, [sp, #24]
10002836:	0030      	movs	r0, r6
10002838:	f7ff fd8e 	bl	10002358 <_ntoa_long>
1000283c:	4643      	mov	r3, r8
1000283e:	2b00      	cmp	r3, #0
10002840:	d100      	bne.n	10002844 <_etoa+0x354>
10002842:	e765      	b.n	10002710 <_etoa+0x220>
10002844:	0002      	movs	r2, r0
10002846:	9e0a      	ldr	r6, [sp, #40]	; 0x28
10002848:	9c0b      	ldr	r4, [sp, #44]	; 0x2c
1000284a:	9d1f      	ldr	r5, [sp, #124]	; 0x7c
1000284c:	1b13      	subs	r3, r2, r4
1000284e:	42ab      	cmp	r3, r5
10002850:	d24f      	bcs.n	100028f2 <_etoa+0x402>
10002852:	1c57      	adds	r7, r2, #1
10002854:	9b07      	ldr	r3, [sp, #28]
10002856:	9906      	ldr	r1, [sp, #24]
10002858:	2020      	movs	r0, #32
1000285a:	47b0      	blx	r6
1000285c:	003a      	movs	r2, r7
1000285e:	e7f5      	b.n	1000284c <_etoa+0x35c>
10002860:	9b1e      	ldr	r3, [sp, #120]	; 0x78
10002862:	2b00      	cmp	r3, #0
10002864:	d095      	beq.n	10002792 <_etoa+0x2a2>
10002866:	4643      	mov	r3, r8
10002868:	2b00      	cmp	r3, #0
1000286a:	d092      	beq.n	10002792 <_etoa+0x2a2>
1000286c:	9b1e      	ldr	r3, [sp, #120]	; 0x78
1000286e:	3b01      	subs	r3, #1
10002870:	931e      	str	r3, [sp, #120]	; 0x78
10002872:	e78e      	b.n	10002792 <_etoa+0x2a2>
10002874:	2300      	movs	r3, #0
10002876:	4699      	mov	r9, r3
10002878:	e790      	b.n	1000279c <_etoa+0x2ac>
1000287a:	46c0      	nop			; (mov r8, r8)
1000287c:	7fefffff 	.word	0x7fefffff
10002880:	ffefffff 	.word	0xffefffff
10002884:	fffffc01 	.word	0xfffffc01
10002888:	3ff00000 	.word	0x3ff00000
1000288c:	509f79fb 	.word	0x509f79fb
10002890:	3fd34413 	.word	0x3fd34413
10002894:	8b60c8b3 	.word	0x8b60c8b3
10002898:	3fc68a28 	.word	0x3fc68a28
1000289c:	3ff80000 	.word	0x3ff80000
100028a0:	636f4361 	.word	0x636f4361
100028a4:	3fd287a7 	.word	0x3fd287a7
100028a8:	0979a371 	.word	0x0979a371
100028ac:	400a934f 	.word	0x400a934f
100028b0:	3fe00000 	.word	0x3fe00000
100028b4:	bbb55516 	.word	0xbbb55516
100028b8:	40026bb1 	.word	0x40026bb1
100028bc:	fefa39ef 	.word	0xfefa39ef
100028c0:	3fe62e42 	.word	0x3fe62e42
100028c4:	000003ff 	.word	0x000003ff
100028c8:	402c0000 	.word	0x402c0000
100028cc:	40240000 	.word	0x40240000
100028d0:	40180000 	.word	0x40180000
100028d4:	eb1c432d 	.word	0xeb1c432d
100028d8:	3f1a36e2 	.word	0x3f1a36e2
100028dc:	412e8480 	.word	0x412e8480
100028e0:	fffff7ff 	.word	0xfffff7ff
100028e4:	2180      	movs	r1, #128	; 0x80
100028e6:	0609      	lsls	r1, r1, #24
100028e8:	187b      	adds	r3, r7, r1
100028ea:	001f      	movs	r7, r3
100028ec:	e773      	b.n	100027d6 <_etoa+0x2e6>
100028ee:	2665      	movs	r6, #101	; 0x65
100028f0:	e788      	b.n	10002804 <_etoa+0x314>
100028f2:	0010      	movs	r0, r2
100028f4:	e70c      	b.n	10002710 <_etoa+0x220>
100028f6:	46c0      	nop			; (mov r8, r8)

100028f8 <_ftoa>:
100028f8:	b5f0      	push	{r4, r5, r6, r7, lr}
100028fa:	46d6      	mov	lr, sl
100028fc:	4647      	mov	r7, r8
100028fe:	b580      	push	{r7, lr}
10002900:	b097      	sub	sp, #92	; 0x5c
10002902:	9006      	str	r0, [sp, #24]
10002904:	9107      	str	r1, [sp, #28]
10002906:	9208      	str	r2, [sp, #32]
10002908:	9309      	str	r3, [sp, #36]	; 0x24
1000290a:	9f20      	ldr	r7, [sp, #128]	; 0x80
1000290c:	9a1e      	ldr	r2, [sp, #120]	; 0x78
1000290e:	9b1f      	ldr	r3, [sp, #124]	; 0x7c
10002910:	0010      	movs	r0, r2
10002912:	0019      	movs	r1, r3
10002914:	f000 ffdd 	bl	100038d2 <__wrap___aeabi_dcmpun>
10002918:	2800      	cmp	r0, #0
1000291a:	d139      	bne.n	10002990 <_ftoa+0x98>
1000291c:	2201      	movs	r2, #1
1000291e:	4252      	negs	r2, r2
10002920:	4bbc      	ldr	r3, [pc, #752]	; (10002c14 <_ftoa+0x31c>)
10002922:	981e      	ldr	r0, [sp, #120]	; 0x78
10002924:	991f      	ldr	r1, [sp, #124]	; 0x7c
10002926:	f000 ffb9 	bl	1000389c <__wrap___aeabi_dcmplt>
1000292a:	2800      	cmp	r0, #0
1000292c:	d13f      	bne.n	100029ae <_ftoa+0xb6>
1000292e:	2201      	movs	r2, #1
10002930:	4252      	negs	r2, r2
10002932:	4bb9      	ldr	r3, [pc, #740]	; (10002c18 <_ftoa+0x320>)
10002934:	981e      	ldr	r0, [sp, #120]	; 0x78
10002936:	991f      	ldr	r1, [sp, #124]	; 0x7c
10002938:	f000 ffc6 	bl	100038c8 <__wrap___aeabi_dcmpgt>
1000293c:	2800      	cmp	r0, #0
1000293e:	d145      	bne.n	100029cc <_ftoa+0xd4>
10002940:	2200      	movs	r2, #0
10002942:	4bb6      	ldr	r3, [pc, #728]	; (10002c1c <_ftoa+0x324>)
10002944:	981e      	ldr	r0, [sp, #120]	; 0x78
10002946:	991f      	ldr	r1, [sp, #124]	; 0x7c
10002948:	f000 ffbe 	bl	100038c8 <__wrap___aeabi_dcmpgt>
1000294c:	2800      	cmp	r0, #0
1000294e:	d156      	bne.n	100029fe <_ftoa+0x106>
10002950:	2200      	movs	r2, #0
10002952:	4bb3      	ldr	r3, [pc, #716]	; (10002c20 <_ftoa+0x328>)
10002954:	981e      	ldr	r0, [sp, #120]	; 0x78
10002956:	991f      	ldr	r1, [sp, #124]	; 0x7c
10002958:	f000 ffa0 	bl	1000389c <__wrap___aeabi_dcmplt>
1000295c:	2800      	cmp	r0, #0
1000295e:	d14e      	bne.n	100029fe <_ftoa+0x106>
10002960:	2200      	movs	r2, #0
10002962:	2300      	movs	r3, #0
10002964:	981e      	ldr	r0, [sp, #120]	; 0x78
10002966:	991f      	ldr	r1, [sp, #124]	; 0x7c
10002968:	f000 ff98 	bl	1000389c <__wrap___aeabi_dcmplt>
1000296c:	2800      	cmp	r0, #0
1000296e:	d156      	bne.n	10002a1e <_ftoa+0x126>
10002970:	2300      	movs	r3, #0
10002972:	469a      	mov	sl, r3
10002974:	9b22      	ldr	r3, [sp, #136]	; 0x88
10002976:	055b      	lsls	r3, r3, #21
10002978:	d55c      	bpl.n	10002a34 <_ftoa+0x13c>
1000297a:	2600      	movs	r6, #0
1000297c:	2e1f      	cmp	r6, #31
1000297e:	d85b      	bhi.n	10002a38 <_ftoa+0x140>
10002980:	2f09      	cmp	r7, #9
10002982:	d959      	bls.n	10002a38 <_ftoa+0x140>
10002984:	ab0e      	add	r3, sp, #56	; 0x38
10002986:	2230      	movs	r2, #48	; 0x30
10002988:	559a      	strb	r2, [r3, r6]
1000298a:	3f01      	subs	r7, #1
1000298c:	3601      	adds	r6, #1
1000298e:	e7f5      	b.n	1000297c <_ftoa+0x84>
10002990:	9b22      	ldr	r3, [sp, #136]	; 0x88
10002992:	9303      	str	r3, [sp, #12]
10002994:	9b21      	ldr	r3, [sp, #132]	; 0x84
10002996:	9302      	str	r3, [sp, #8]
10002998:	2303      	movs	r3, #3
1000299a:	9301      	str	r3, [sp, #4]
1000299c:	4ba1      	ldr	r3, [pc, #644]	; (10002c24 <_ftoa+0x32c>)
1000299e:	9300      	str	r3, [sp, #0]
100029a0:	9b09      	ldr	r3, [sp, #36]	; 0x24
100029a2:	9a08      	ldr	r2, [sp, #32]
100029a4:	9907      	ldr	r1, [sp, #28]
100029a6:	9806      	ldr	r0, [sp, #24]
100029a8:	f7ff fc0a 	bl	100021c0 <_out_rev>
100029ac:	e103      	b.n	10002bb6 <_ftoa+0x2be>
100029ae:	9b22      	ldr	r3, [sp, #136]	; 0x88
100029b0:	9303      	str	r3, [sp, #12]
100029b2:	9b21      	ldr	r3, [sp, #132]	; 0x84
100029b4:	9302      	str	r3, [sp, #8]
100029b6:	2304      	movs	r3, #4
100029b8:	9301      	str	r3, [sp, #4]
100029ba:	4b9b      	ldr	r3, [pc, #620]	; (10002c28 <_ftoa+0x330>)
100029bc:	9300      	str	r3, [sp, #0]
100029be:	9b09      	ldr	r3, [sp, #36]	; 0x24
100029c0:	9a08      	ldr	r2, [sp, #32]
100029c2:	9907      	ldr	r1, [sp, #28]
100029c4:	9806      	ldr	r0, [sp, #24]
100029c6:	f7ff fbfb 	bl	100021c0 <_out_rev>
100029ca:	e0f4      	b.n	10002bb6 <_ftoa+0x2be>
100029cc:	2304      	movs	r3, #4
100029ce:	9a22      	ldr	r2, [sp, #136]	; 0x88
100029d0:	4013      	ands	r3, r2
100029d2:	d010      	beq.n	100029f6 <_ftoa+0xfe>
100029d4:	4a95      	ldr	r2, [pc, #596]	; (10002c2c <_ftoa+0x334>)
100029d6:	2b00      	cmp	r3, #0
100029d8:	d00f      	beq.n	100029fa <_ftoa+0x102>
100029da:	2304      	movs	r3, #4
100029dc:	9922      	ldr	r1, [sp, #136]	; 0x88
100029de:	9103      	str	r1, [sp, #12]
100029e0:	9921      	ldr	r1, [sp, #132]	; 0x84
100029e2:	9102      	str	r1, [sp, #8]
100029e4:	9301      	str	r3, [sp, #4]
100029e6:	9200      	str	r2, [sp, #0]
100029e8:	9b09      	ldr	r3, [sp, #36]	; 0x24
100029ea:	9a08      	ldr	r2, [sp, #32]
100029ec:	9907      	ldr	r1, [sp, #28]
100029ee:	9806      	ldr	r0, [sp, #24]
100029f0:	f7ff fbe6 	bl	100021c0 <_out_rev>
100029f4:	e0df      	b.n	10002bb6 <_ftoa+0x2be>
100029f6:	4a8e      	ldr	r2, [pc, #568]	; (10002c30 <_ftoa+0x338>)
100029f8:	e7ed      	b.n	100029d6 <_ftoa+0xde>
100029fa:	2303      	movs	r3, #3
100029fc:	e7ee      	b.n	100029dc <_ftoa+0xe4>
100029fe:	9b22      	ldr	r3, [sp, #136]	; 0x88
10002a00:	9304      	str	r3, [sp, #16]
10002a02:	9b21      	ldr	r3, [sp, #132]	; 0x84
10002a04:	9303      	str	r3, [sp, #12]
10002a06:	9702      	str	r7, [sp, #8]
10002a08:	9b1e      	ldr	r3, [sp, #120]	; 0x78
10002a0a:	9c1f      	ldr	r4, [sp, #124]	; 0x7c
10002a0c:	9300      	str	r3, [sp, #0]
10002a0e:	9401      	str	r4, [sp, #4]
10002a10:	9b09      	ldr	r3, [sp, #36]	; 0x24
10002a12:	9a08      	ldr	r2, [sp, #32]
10002a14:	9907      	ldr	r1, [sp, #28]
10002a16:	9806      	ldr	r0, [sp, #24]
10002a18:	f7ff fd6a 	bl	100024f0 <_etoa>
10002a1c:	e0cb      	b.n	10002bb6 <_ftoa+0x2be>
10002a1e:	9a1e      	ldr	r2, [sp, #120]	; 0x78
10002a20:	9b1f      	ldr	r3, [sp, #124]	; 0x7c
10002a22:	2000      	movs	r0, #0
10002a24:	2100      	movs	r1, #0
10002a26:	f000 fec6 	bl	100037b6 <__wrap___aeabi_dsub>
10002a2a:	901e      	str	r0, [sp, #120]	; 0x78
10002a2c:	911f      	str	r1, [sp, #124]	; 0x7c
10002a2e:	2301      	movs	r3, #1
10002a30:	469a      	mov	sl, r3
10002a32:	e79f      	b.n	10002974 <_ftoa+0x7c>
10002a34:	2706      	movs	r7, #6
10002a36:	e7a0      	b.n	1000297a <_ftoa+0x82>
10002a38:	981e      	ldr	r0, [sp, #120]	; 0x78
10002a3a:	991f      	ldr	r1, [sp, #124]	; 0x7c
10002a3c:	f000 ff74 	bl	10003928 <__wrap___aeabi_d2iz>
10002a40:	0004      	movs	r4, r0
10002a42:	f000 ff59 	bl	100038f8 <__wrap___aeabi_i2d>
10002a46:	0002      	movs	r2, r0
10002a48:	000b      	movs	r3, r1
10002a4a:	981e      	ldr	r0, [sp, #120]	; 0x78
10002a4c:	991f      	ldr	r1, [sp, #124]	; 0x7c
10002a4e:	f000 feb2 	bl	100037b6 <__wrap___aeabi_dsub>
10002a52:	00fa      	lsls	r2, r7, #3
10002a54:	4b77      	ldr	r3, [pc, #476]	; (10002c34 <_ftoa+0x33c>)
10002a56:	189b      	adds	r3, r3, r2
10002a58:	681a      	ldr	r2, [r3, #0]
10002a5a:	685b      	ldr	r3, [r3, #4]
10002a5c:	920c      	str	r2, [sp, #48]	; 0x30
10002a5e:	930d      	str	r3, [sp, #52]	; 0x34
10002a60:	f000 fed9 	bl	10003816 <__wrap___aeabi_dmul>
10002a64:	900a      	str	r0, [sp, #40]	; 0x28
10002a66:	910b      	str	r1, [sp, #44]	; 0x2c
10002a68:	f000 ff82 	bl	10003970 <__wrap___aeabi_d2uiz>
10002a6c:	0005      	movs	r5, r0
10002a6e:	f000 ff3f 	bl	100038f0 <__wrap___aeabi_ui2d>
10002a72:	0002      	movs	r2, r0
10002a74:	000b      	movs	r3, r1
10002a76:	980a      	ldr	r0, [sp, #40]	; 0x28
10002a78:	990b      	ldr	r1, [sp, #44]	; 0x2c
10002a7a:	f000 fe9c 	bl	100037b6 <__wrap___aeabi_dsub>
10002a7e:	900a      	str	r0, [sp, #40]	; 0x28
10002a80:	910b      	str	r1, [sp, #44]	; 0x2c
10002a82:	2200      	movs	r2, #0
10002a84:	4b6c      	ldr	r3, [pc, #432]	; (10002c38 <_ftoa+0x340>)
10002a86:	f000 ff1f 	bl	100038c8 <__wrap___aeabi_dcmpgt>
10002a8a:	2800      	cmp	r0, #0
10002a8c:	d02c      	beq.n	10002ae8 <_ftoa+0x1f0>
10002a8e:	3501      	adds	r5, #1
10002a90:	0028      	movs	r0, r5
10002a92:	f000 ff2d 	bl	100038f0 <__wrap___aeabi_ui2d>
10002a96:	0002      	movs	r2, r0
10002a98:	000b      	movs	r3, r1
10002a9a:	980c      	ldr	r0, [sp, #48]	; 0x30
10002a9c:	990d      	ldr	r1, [sp, #52]	; 0x34
10002a9e:	f000 ff03 	bl	100038a8 <__wrap___aeabi_dcmple>
10002aa2:	2800      	cmp	r0, #0
10002aa4:	d001      	beq.n	10002aaa <_ftoa+0x1b2>
10002aa6:	3401      	adds	r4, #1
10002aa8:	2500      	movs	r5, #0
10002aaa:	2f00      	cmp	r7, #0
10002aac:	d12a      	bne.n	10002b04 <_ftoa+0x20c>
10002aae:	0020      	movs	r0, r4
10002ab0:	f000 ff22 	bl	100038f8 <__wrap___aeabi_i2d>
10002ab4:	0002      	movs	r2, r0
10002ab6:	000b      	movs	r3, r1
10002ab8:	981e      	ldr	r0, [sp, #120]	; 0x78
10002aba:	991f      	ldr	r1, [sp, #124]	; 0x7c
10002abc:	f000 fe7b 	bl	100037b6 <__wrap___aeabi_dsub>
10002ac0:	2200      	movs	r2, #0
10002ac2:	4b5d      	ldr	r3, [pc, #372]	; (10002c38 <_ftoa+0x340>)
10002ac4:	900a      	str	r0, [sp, #40]	; 0x28
10002ac6:	910b      	str	r1, [sp, #44]	; 0x2c
10002ac8:	f000 fee8 	bl	1000389c <__wrap___aeabi_dcmplt>
10002acc:	2800      	cmp	r0, #0
10002ace:	d144      	bne.n	10002b5a <_ftoa+0x262>
10002ad0:	2200      	movs	r2, #0
10002ad2:	4b59      	ldr	r3, [pc, #356]	; (10002c38 <_ftoa+0x340>)
10002ad4:	980a      	ldr	r0, [sp, #40]	; 0x28
10002ad6:	990b      	ldr	r1, [sp, #44]	; 0x2c
10002ad8:	f000 fef6 	bl	100038c8 <__wrap___aeabi_dcmpgt>
10002adc:	2800      	cmp	r0, #0
10002ade:	d13c      	bne.n	10002b5a <_ftoa+0x262>
10002ae0:	07e3      	lsls	r3, r4, #31
10002ae2:	d53a      	bpl.n	10002b5a <_ftoa+0x262>
10002ae4:	3401      	adds	r4, #1
10002ae6:	e038      	b.n	10002b5a <_ftoa+0x262>
10002ae8:	2200      	movs	r2, #0
10002aea:	4b53      	ldr	r3, [pc, #332]	; (10002c38 <_ftoa+0x340>)
10002aec:	980a      	ldr	r0, [sp, #40]	; 0x28
10002aee:	990b      	ldr	r1, [sp, #44]	; 0x2c
10002af0:	f000 fed4 	bl	1000389c <__wrap___aeabi_dcmplt>
10002af4:	2800      	cmp	r0, #0
10002af6:	d1d8      	bne.n	10002aaa <_ftoa+0x1b2>
10002af8:	2d00      	cmp	r5, #0
10002afa:	d001      	beq.n	10002b00 <_ftoa+0x208>
10002afc:	07eb      	lsls	r3, r5, #31
10002afe:	d5d4      	bpl.n	10002aaa <_ftoa+0x1b2>
10002b00:	3501      	adds	r5, #1
10002b02:	e7d2      	b.n	10002aaa <_ftoa+0x1b2>
10002b04:	940a      	str	r4, [sp, #40]	; 0x28
10002b06:	2e1f      	cmp	r6, #31
10002b08:	d811      	bhi.n	10002b2e <_ftoa+0x236>
10002b0a:	3f01      	subs	r7, #1
10002b0c:	210a      	movs	r1, #10
10002b0e:	0028      	movs	r0, r5
10002b10:	f000 fc0e 	bl	10003330 <__wrap___aeabi_uidiv>
10002b14:	1c74      	adds	r4, r6, #1
10002b16:	3130      	adds	r1, #48	; 0x30
10002b18:	ab0e      	add	r3, sp, #56	; 0x38
10002b1a:	5599      	strb	r1, [r3, r6]
10002b1c:	210a      	movs	r1, #10
10002b1e:	0028      	movs	r0, r5
10002b20:	f000 fc06 	bl	10003330 <__wrap___aeabi_uidiv>
10002b24:	2d09      	cmp	r5, #9
10002b26:	d90e      	bls.n	10002b46 <_ftoa+0x24e>
10002b28:	0005      	movs	r5, r0
10002b2a:	0026      	movs	r6, r4
10002b2c:	e7eb      	b.n	10002b06 <_ftoa+0x20e>
10002b2e:	9c0a      	ldr	r4, [sp, #40]	; 0x28
10002b30:	2e1f      	cmp	r6, #31
10002b32:	d80c      	bhi.n	10002b4e <_ftoa+0x256>
10002b34:	1e7b      	subs	r3, r7, #1
10002b36:	2f00      	cmp	r7, #0
10002b38:	d009      	beq.n	10002b4e <_ftoa+0x256>
10002b3a:	aa0e      	add	r2, sp, #56	; 0x38
10002b3c:	2130      	movs	r1, #48	; 0x30
10002b3e:	5591      	strb	r1, [r2, r6]
10002b40:	001f      	movs	r7, r3
10002b42:	3601      	adds	r6, #1
10002b44:	e7f4      	b.n	10002b30 <_ftoa+0x238>
10002b46:	46a0      	mov	r8, r4
10002b48:	9c0a      	ldr	r4, [sp, #40]	; 0x28
10002b4a:	4646      	mov	r6, r8
10002b4c:	e7f0      	b.n	10002b30 <_ftoa+0x238>
10002b4e:	2e1f      	cmp	r6, #31
10002b50:	d803      	bhi.n	10002b5a <_ftoa+0x262>
10002b52:	ab0e      	add	r3, sp, #56	; 0x38
10002b54:	222e      	movs	r2, #46	; 0x2e
10002b56:	559a      	strb	r2, [r3, r6]
10002b58:	3601      	adds	r6, #1
10002b5a:	2e1f      	cmp	r6, #31
10002b5c:	d810      	bhi.n	10002b80 <_ftoa+0x288>
10002b5e:	210a      	movs	r1, #10
10002b60:	0020      	movs	r0, r4
10002b62:	f000 fbbd 	bl	100032e0 <__wrap___aeabi_idiv>
10002b66:	1c75      	adds	r5, r6, #1
10002b68:	3130      	adds	r1, #48	; 0x30
10002b6a:	ab0e      	add	r3, sp, #56	; 0x38
10002b6c:	5599      	strb	r1, [r3, r6]
10002b6e:	210a      	movs	r1, #10
10002b70:	0020      	movs	r0, r4
10002b72:	f000 fbb5 	bl	100032e0 <__wrap___aeabi_idiv>
10002b76:	1e04      	subs	r4, r0, #0
10002b78:	d001      	beq.n	10002b7e <_ftoa+0x286>
10002b7a:	002e      	movs	r6, r5
10002b7c:	e7ed      	b.n	10002b5a <_ftoa+0x262>
10002b7e:	002e      	movs	r6, r5
10002b80:	2303      	movs	r3, #3
10002b82:	9a22      	ldr	r2, [sp, #136]	; 0x88
10002b84:	4013      	ands	r3, r2
10002b86:	2b01      	cmp	r3, #1
10002b88:	d01a      	beq.n	10002bc0 <_ftoa+0x2c8>
10002b8a:	2e1f      	cmp	r6, #31
10002b8c:	d806      	bhi.n	10002b9c <_ftoa+0x2a4>
10002b8e:	4653      	mov	r3, sl
10002b90:	2b00      	cmp	r3, #0
10002b92:	d02f      	beq.n	10002bf4 <_ftoa+0x2fc>
10002b94:	ab0e      	add	r3, sp, #56	; 0x38
10002b96:	222d      	movs	r2, #45	; 0x2d
10002b98:	559a      	strb	r2, [r3, r6]
10002b9a:	3601      	adds	r6, #1
10002b9c:	9b22      	ldr	r3, [sp, #136]	; 0x88
10002b9e:	9303      	str	r3, [sp, #12]
10002ba0:	9b21      	ldr	r3, [sp, #132]	; 0x84
10002ba2:	9302      	str	r3, [sp, #8]
10002ba4:	9601      	str	r6, [sp, #4]
10002ba6:	ab0e      	add	r3, sp, #56	; 0x38
10002ba8:	9300      	str	r3, [sp, #0]
10002baa:	9b09      	ldr	r3, [sp, #36]	; 0x24
10002bac:	9a08      	ldr	r2, [sp, #32]
10002bae:	9907      	ldr	r1, [sp, #28]
10002bb0:	9806      	ldr	r0, [sp, #24]
10002bb2:	f7ff fb05 	bl	100021c0 <_out_rev>
10002bb6:	b017      	add	sp, #92	; 0x5c
10002bb8:	bc0c      	pop	{r2, r3}
10002bba:	4690      	mov	r8, r2
10002bbc:	469a      	mov	sl, r3
10002bbe:	bdf0      	pop	{r4, r5, r6, r7, pc}
10002bc0:	9b21      	ldr	r3, [sp, #132]	; 0x84
10002bc2:	2b00      	cmp	r3, #0
10002bc4:	d00a      	beq.n	10002bdc <_ftoa+0x2e4>
10002bc6:	4653      	mov	r3, sl
10002bc8:	2b00      	cmp	r3, #0
10002bca:	d102      	bne.n	10002bd2 <_ftoa+0x2da>
10002bcc:	330c      	adds	r3, #12
10002bce:	4213      	tst	r3, r2
10002bd0:	d00e      	beq.n	10002bf0 <_ftoa+0x2f8>
10002bd2:	9b21      	ldr	r3, [sp, #132]	; 0x84
10002bd4:	3b01      	subs	r3, #1
10002bd6:	9321      	str	r3, [sp, #132]	; 0x84
10002bd8:	0019      	movs	r1, r3
10002bda:	e000      	b.n	10002bde <_ftoa+0x2e6>
10002bdc:	9921      	ldr	r1, [sp, #132]	; 0x84
10002bde:	428e      	cmp	r6, r1
10002be0:	d2d3      	bcs.n	10002b8a <_ftoa+0x292>
10002be2:	2e1f      	cmp	r6, #31
10002be4:	d8d1      	bhi.n	10002b8a <_ftoa+0x292>
10002be6:	ab0e      	add	r3, sp, #56	; 0x38
10002be8:	2230      	movs	r2, #48	; 0x30
10002bea:	559a      	strb	r2, [r3, r6]
10002bec:	3601      	adds	r6, #1
10002bee:	e7f6      	b.n	10002bde <_ftoa+0x2e6>
10002bf0:	9921      	ldr	r1, [sp, #132]	; 0x84
10002bf2:	e7f4      	b.n	10002bde <_ftoa+0x2e6>
10002bf4:	9b22      	ldr	r3, [sp, #136]	; 0x88
10002bf6:	075b      	lsls	r3, r3, #29
10002bf8:	d504      	bpl.n	10002c04 <_ftoa+0x30c>
10002bfa:	ab0e      	add	r3, sp, #56	; 0x38
10002bfc:	222b      	movs	r2, #43	; 0x2b
10002bfe:	559a      	strb	r2, [r3, r6]
10002c00:	3601      	adds	r6, #1
10002c02:	e7cb      	b.n	10002b9c <_ftoa+0x2a4>
10002c04:	9b22      	ldr	r3, [sp, #136]	; 0x88
10002c06:	071b      	lsls	r3, r3, #28
10002c08:	d5c8      	bpl.n	10002b9c <_ftoa+0x2a4>
10002c0a:	ab0e      	add	r3, sp, #56	; 0x38
10002c0c:	2220      	movs	r2, #32
10002c0e:	559a      	strb	r2, [r3, r6]
10002c10:	3601      	adds	r6, #1
10002c12:	e7c3      	b.n	10002b9c <_ftoa+0x2a4>
10002c14:	ffefffff 	.word	0xffefffff
10002c18:	7fefffff 	.word	0x7fefffff
10002c1c:	41cdcd65 	.word	0x41cdcd65
10002c20:	c1cdcd65 	.word	0xc1cdcd65
10002c24:	10007d98 	.word	0x10007d98
10002c28:	10007d9c 	.word	0x10007d9c
10002c2c:	10007d90 	.word	0x10007d90
10002c30:	10007d8c 	.word	0x10007d8c
10002c34:	10007da8 	.word	0x10007da8
10002c38:	3fe00000 	.word	0x3fe00000

10002c3c <_vsnprintf>:
10002c3c:	b5f0      	push	{r4, r5, r6, r7, lr}
10002c3e:	46de      	mov	lr, fp
10002c40:	4657      	mov	r7, sl
10002c42:	464e      	mov	r6, r9
10002c44:	4645      	mov	r5, r8
10002c46:	b5e0      	push	{r5, r6, r7, lr}
10002c48:	b093      	sub	sp, #76	; 0x4c
10002c4a:	4683      	mov	fp, r0
10002c4c:	910b      	str	r1, [sp, #44]	; 0x2c
10002c4e:	920a      	str	r2, [sp, #40]	; 0x28
10002c50:	9311      	str	r3, [sp, #68]	; 0x44
10002c52:	2900      	cmp	r1, #0
10002c54:	d100      	bne.n	10002c58 <_vsnprintf+0x1c>
10002c56:	e2e6      	b.n	10003226 <_vsnprintf+0x5ea>
10002c58:	2700      	movs	r7, #0
10002c5a:	465c      	mov	r4, fp
10002c5c:	9b11      	ldr	r3, [sp, #68]	; 0x44
10002c5e:	7818      	ldrb	r0, [r3, #0]
10002c60:	2800      	cmp	r0, #0
10002c62:	d100      	bne.n	10002c66 <_vsnprintf+0x2a>
10002c64:	e2e2      	b.n	1000322c <_vsnprintf+0x5f0>
10002c66:	2825      	cmp	r0, #37	; 0x25
10002c68:	d009      	beq.n	10002c7e <_vsnprintf+0x42>
10002c6a:	1c7d      	adds	r5, r7, #1
10002c6c:	9b0a      	ldr	r3, [sp, #40]	; 0x28
10002c6e:	003a      	movs	r2, r7
10002c70:	990b      	ldr	r1, [sp, #44]	; 0x2c
10002c72:	47a0      	blx	r4
10002c74:	9b11      	ldr	r3, [sp, #68]	; 0x44
10002c76:	3301      	adds	r3, #1
10002c78:	9311      	str	r3, [sp, #68]	; 0x44
10002c7a:	002f      	movs	r7, r5
10002c7c:	e7ee      	b.n	10002c5c <_vsnprintf+0x20>
10002c7e:	3301      	adds	r3, #1
10002c80:	9311      	str	r3, [sp, #68]	; 0x44
10002c82:	2600      	movs	r6, #0
10002c84:	e01d      	b.n	10002cc2 <_vsnprintf+0x86>
10002c86:	000b      	movs	r3, r1
10002c88:	3b30      	subs	r3, #48	; 0x30
10002c8a:	b2db      	uxtb	r3, r3
10002c8c:	2b09      	cmp	r3, #9
10002c8e:	d937      	bls.n	10002d00 <_vsnprintf+0xc4>
10002c90:	292a      	cmp	r1, #42	; 0x2a
10002c92:	d03a      	beq.n	10002d0a <_vsnprintf+0xce>
10002c94:	2300      	movs	r3, #0
10002c96:	469b      	mov	fp, r3
10002c98:	9b11      	ldr	r3, [sp, #68]	; 0x44
10002c9a:	781a      	ldrb	r2, [r3, #0]
10002c9c:	2a2e      	cmp	r2, #46	; 0x2e
10002c9e:	d044      	beq.n	10002d2a <_vsnprintf+0xee>
10002ca0:	2300      	movs	r3, #0
10002ca2:	4698      	mov	r8, r3
10002ca4:	9a11      	ldr	r2, [sp, #68]	; 0x44
10002ca6:	7813      	ldrb	r3, [r2, #0]
10002ca8:	3b68      	subs	r3, #104	; 0x68
10002caa:	b2d9      	uxtb	r1, r3
10002cac:	2912      	cmp	r1, #18
10002cae:	d900      	bls.n	10002cb2 <_vsnprintf+0x76>
10002cb0:	e080      	b.n	10002db4 <_vsnprintf+0x178>
10002cb2:	008b      	lsls	r3, r1, #2
10002cb4:	49cb      	ldr	r1, [pc, #812]	; (10002fe4 <_vsnprintf+0x3a8>)
10002cb6:	58cb      	ldr	r3, [r1, r3]
10002cb8:	469f      	mov	pc, r3
10002cba:	2301      	movs	r3, #1
10002cbc:	431e      	orrs	r6, r3
10002cbe:	3201      	adds	r2, #1
10002cc0:	9211      	str	r2, [sp, #68]	; 0x44
10002cc2:	9a11      	ldr	r2, [sp, #68]	; 0x44
10002cc4:	7811      	ldrb	r1, [r2, #0]
10002cc6:	000b      	movs	r3, r1
10002cc8:	3b20      	subs	r3, #32
10002cca:	b2d8      	uxtb	r0, r3
10002ccc:	2810      	cmp	r0, #16
10002cce:	d8da      	bhi.n	10002c86 <_vsnprintf+0x4a>
10002cd0:	0083      	lsls	r3, r0, #2
10002cd2:	48c5      	ldr	r0, [pc, #788]	; (10002fe8 <_vsnprintf+0x3ac>)
10002cd4:	58c3      	ldr	r3, [r0, r3]
10002cd6:	469f      	mov	pc, r3
10002cd8:	2302      	movs	r3, #2
10002cda:	431e      	orrs	r6, r3
10002cdc:	3201      	adds	r2, #1
10002cde:	9211      	str	r2, [sp, #68]	; 0x44
10002ce0:	e7ef      	b.n	10002cc2 <_vsnprintf+0x86>
10002ce2:	2304      	movs	r3, #4
10002ce4:	431e      	orrs	r6, r3
10002ce6:	3201      	adds	r2, #1
10002ce8:	9211      	str	r2, [sp, #68]	; 0x44
10002cea:	e7ea      	b.n	10002cc2 <_vsnprintf+0x86>
10002cec:	2308      	movs	r3, #8
10002cee:	431e      	orrs	r6, r3
10002cf0:	3201      	adds	r2, #1
10002cf2:	9211      	str	r2, [sp, #68]	; 0x44
10002cf4:	e7e5      	b.n	10002cc2 <_vsnprintf+0x86>
10002cf6:	2310      	movs	r3, #16
10002cf8:	431e      	orrs	r6, r3
10002cfa:	3201      	adds	r2, #1
10002cfc:	9211      	str	r2, [sp, #68]	; 0x44
10002cfe:	e7e0      	b.n	10002cc2 <_vsnprintf+0x86>
10002d00:	a811      	add	r0, sp, #68	; 0x44
10002d02:	f7ff fa49 	bl	10002198 <_atoi>
10002d06:	4683      	mov	fp, r0
10002d08:	e7c6      	b.n	10002c98 <_vsnprintf+0x5c>
10002d0a:	9b1c      	ldr	r3, [sp, #112]	; 0x70
10002d0c:	1d1a      	adds	r2, r3, #4
10002d0e:	921c      	str	r2, [sp, #112]	; 0x70
10002d10:	681b      	ldr	r3, [r3, #0]
10002d12:	2b00      	cmp	r3, #0
10002d14:	db04      	blt.n	10002d20 <_vsnprintf+0xe4>
10002d16:	469b      	mov	fp, r3
10002d18:	9b11      	ldr	r3, [sp, #68]	; 0x44
10002d1a:	3301      	adds	r3, #1
10002d1c:	9311      	str	r3, [sp, #68]	; 0x44
10002d1e:	e7bb      	b.n	10002c98 <_vsnprintf+0x5c>
10002d20:	2202      	movs	r2, #2
10002d22:	4316      	orrs	r6, r2
10002d24:	425b      	negs	r3, r3
10002d26:	469b      	mov	fp, r3
10002d28:	e7f6      	b.n	10002d18 <_vsnprintf+0xdc>
10002d2a:	2280      	movs	r2, #128	; 0x80
10002d2c:	00d2      	lsls	r2, r2, #3
10002d2e:	4316      	orrs	r6, r2
10002d30:	1c5a      	adds	r2, r3, #1
10002d32:	9211      	str	r2, [sp, #68]	; 0x44
10002d34:	785a      	ldrb	r2, [r3, #1]
10002d36:	0013      	movs	r3, r2
10002d38:	3b30      	subs	r3, #48	; 0x30
10002d3a:	b2db      	uxtb	r3, r3
10002d3c:	2b09      	cmp	r3, #9
10002d3e:	d904      	bls.n	10002d4a <_vsnprintf+0x10e>
10002d40:	2a2a      	cmp	r2, #42	; 0x2a
10002d42:	d007      	beq.n	10002d54 <_vsnprintf+0x118>
10002d44:	2300      	movs	r3, #0
10002d46:	4698      	mov	r8, r3
10002d48:	e7ac      	b.n	10002ca4 <_vsnprintf+0x68>
10002d4a:	a811      	add	r0, sp, #68	; 0x44
10002d4c:	f7ff fa24 	bl	10002198 <_atoi>
10002d50:	4680      	mov	r8, r0
10002d52:	e7a7      	b.n	10002ca4 <_vsnprintf+0x68>
10002d54:	9b1c      	ldr	r3, [sp, #112]	; 0x70
10002d56:	1d1a      	adds	r2, r3, #4
10002d58:	921c      	str	r2, [sp, #112]	; 0x70
10002d5a:	681b      	ldr	r3, [r3, #0]
10002d5c:	2b00      	cmp	r3, #0
10002d5e:	db04      	blt.n	10002d6a <_vsnprintf+0x12e>
10002d60:	4698      	mov	r8, r3
10002d62:	9b11      	ldr	r3, [sp, #68]	; 0x44
10002d64:	3301      	adds	r3, #1
10002d66:	9311      	str	r3, [sp, #68]	; 0x44
10002d68:	e79c      	b.n	10002ca4 <_vsnprintf+0x68>
10002d6a:	2300      	movs	r3, #0
10002d6c:	e7f8      	b.n	10002d60 <_vsnprintf+0x124>
10002d6e:	2380      	movs	r3, #128	; 0x80
10002d70:	005b      	lsls	r3, r3, #1
10002d72:	4333      	orrs	r3, r6
10002d74:	1c51      	adds	r1, r2, #1
10002d76:	9111      	str	r1, [sp, #68]	; 0x44
10002d78:	7852      	ldrb	r2, [r2, #1]
10002d7a:	2a6c      	cmp	r2, #108	; 0x6c
10002d7c:	d001      	beq.n	10002d82 <_vsnprintf+0x146>
10002d7e:	001e      	movs	r6, r3
10002d80:	e018      	b.n	10002db4 <_vsnprintf+0x178>
10002d82:	23c0      	movs	r3, #192	; 0xc0
10002d84:	009b      	lsls	r3, r3, #2
10002d86:	431e      	orrs	r6, r3
10002d88:	3101      	adds	r1, #1
10002d8a:	9111      	str	r1, [sp, #68]	; 0x44
10002d8c:	e012      	b.n	10002db4 <_vsnprintf+0x178>
10002d8e:	2380      	movs	r3, #128	; 0x80
10002d90:	4333      	orrs	r3, r6
10002d92:	1c51      	adds	r1, r2, #1
10002d94:	9111      	str	r1, [sp, #68]	; 0x44
10002d96:	7852      	ldrb	r2, [r2, #1]
10002d98:	2a68      	cmp	r2, #104	; 0x68
10002d9a:	d001      	beq.n	10002da0 <_vsnprintf+0x164>
10002d9c:	001e      	movs	r6, r3
10002d9e:	e009      	b.n	10002db4 <_vsnprintf+0x178>
10002da0:	23c0      	movs	r3, #192	; 0xc0
10002da2:	431e      	orrs	r6, r3
10002da4:	3101      	adds	r1, #1
10002da6:	9111      	str	r1, [sp, #68]	; 0x44
10002da8:	e004      	b.n	10002db4 <_vsnprintf+0x178>
10002daa:	2380      	movs	r3, #128	; 0x80
10002dac:	005b      	lsls	r3, r3, #1
10002dae:	431e      	orrs	r6, r3
10002db0:	3201      	adds	r2, #1
10002db2:	9211      	str	r2, [sp, #68]	; 0x44
10002db4:	9b11      	ldr	r3, [sp, #68]	; 0x44
10002db6:	7818      	ldrb	r0, [r3, #0]
10002db8:	0003      	movs	r3, r0
10002dba:	3b25      	subs	r3, #37	; 0x25
10002dbc:	b2da      	uxtb	r2, r3
10002dbe:	2a53      	cmp	r2, #83	; 0x53
10002dc0:	d900      	bls.n	10002dc4 <_vsnprintf+0x188>
10002dc2:	e226      	b.n	10003212 <_vsnprintf+0x5d6>
10002dc4:	0093      	lsls	r3, r2, #2
10002dc6:	4a89      	ldr	r2, [pc, #548]	; (10002fec <_vsnprintf+0x3b0>)
10002dc8:	58d3      	ldr	r3, [r2, r3]
10002dca:	469f      	mov	pc, r3
10002dcc:	2380      	movs	r3, #128	; 0x80
10002dce:	009b      	lsls	r3, r3, #2
10002dd0:	431e      	orrs	r6, r3
10002dd2:	3201      	adds	r2, #1
10002dd4:	9211      	str	r2, [sp, #68]	; 0x44
10002dd6:	e7ed      	b.n	10002db4 <_vsnprintf+0x178>
10002dd8:	2380      	movs	r3, #128	; 0x80
10002dda:	005b      	lsls	r3, r3, #1
10002ddc:	431e      	orrs	r6, r3
10002dde:	3201      	adds	r2, #1
10002de0:	9211      	str	r2, [sp, #68]	; 0x44
10002de2:	e7e7      	b.n	10002db4 <_vsnprintf+0x178>
10002de4:	2878      	cmp	r0, #120	; 0x78
10002de6:	d009      	beq.n	10002dfc <_vsnprintf+0x1c0>
10002de8:	2858      	cmp	r0, #88	; 0x58
10002dea:	d038      	beq.n	10002e5e <_vsnprintf+0x222>
10002dec:	286f      	cmp	r0, #111	; 0x6f
10002dee:	d038      	beq.n	10002e62 <_vsnprintf+0x226>
10002df0:	2862      	cmp	r0, #98	; 0x62
10002df2:	d038      	beq.n	10002e66 <_vsnprintf+0x22a>
10002df4:	2310      	movs	r3, #16
10002df6:	439e      	bics	r6, r3
10002df8:	250a      	movs	r5, #10
10002dfa:	e000      	b.n	10002dfe <_vsnprintf+0x1c2>
10002dfc:	2510      	movs	r5, #16
10002dfe:	2858      	cmp	r0, #88	; 0x58
10002e00:	d033      	beq.n	10002e6a <_vsnprintf+0x22e>
10002e02:	2869      	cmp	r0, #105	; 0x69
10002e04:	d003      	beq.n	10002e0e <_vsnprintf+0x1d2>
10002e06:	2864      	cmp	r0, #100	; 0x64
10002e08:	d001      	beq.n	10002e0e <_vsnprintf+0x1d2>
10002e0a:	220c      	movs	r2, #12
10002e0c:	4396      	bics	r6, r2
10002e0e:	0573      	lsls	r3, r6, #21
10002e10:	d501      	bpl.n	10002e16 <_vsnprintf+0x1da>
10002e12:	2201      	movs	r2, #1
10002e14:	4396      	bics	r6, r2
10002e16:	2869      	cmp	r0, #105	; 0x69
10002e18:	d02a      	beq.n	10002e70 <_vsnprintf+0x234>
10002e1a:	2864      	cmp	r0, #100	; 0x64
10002e1c:	d028      	beq.n	10002e70 <_vsnprintf+0x234>
10002e1e:	05b3      	lsls	r3, r6, #22
10002e20:	d500      	bpl.n	10002e24 <_vsnprintf+0x1e8>
10002e22:	e09f      	b.n	10002f64 <_vsnprintf+0x328>
10002e24:	05f3      	lsls	r3, r6, #23
10002e26:	d500      	bpl.n	10002e2a <_vsnprintf+0x1ee>
10002e28:	e0b8      	b.n	10002f9c <_vsnprintf+0x360>
10002e2a:	0673      	lsls	r3, r6, #25
10002e2c:	d400      	bmi.n	10002e30 <_vsnprintf+0x1f4>
10002e2e:	e0ca      	b.n	10002fc6 <_vsnprintf+0x38a>
10002e30:	9a1c      	ldr	r2, [sp, #112]	; 0x70
10002e32:	1d11      	adds	r1, r2, #4
10002e34:	911c      	str	r1, [sp, #112]	; 0x70
10002e36:	6811      	ldr	r1, [r2, #0]
10002e38:	22ff      	movs	r2, #255	; 0xff
10002e3a:	400a      	ands	r2, r1
10002e3c:	9605      	str	r6, [sp, #20]
10002e3e:	465b      	mov	r3, fp
10002e40:	9304      	str	r3, [sp, #16]
10002e42:	4643      	mov	r3, r8
10002e44:	9303      	str	r3, [sp, #12]
10002e46:	9502      	str	r5, [sp, #8]
10002e48:	2300      	movs	r3, #0
10002e4a:	9301      	str	r3, [sp, #4]
10002e4c:	9200      	str	r2, [sp, #0]
10002e4e:	9b0a      	ldr	r3, [sp, #40]	; 0x28
10002e50:	003a      	movs	r2, r7
10002e52:	990b      	ldr	r1, [sp, #44]	; 0x2c
10002e54:	0020      	movs	r0, r4
10002e56:	f7ff fa7f 	bl	10002358 <_ntoa_long>
10002e5a:	0007      	movs	r7, r0
10002e5c:	e027      	b.n	10002eae <_vsnprintf+0x272>
10002e5e:	2510      	movs	r5, #16
10002e60:	e7cd      	b.n	10002dfe <_vsnprintf+0x1c2>
10002e62:	2508      	movs	r5, #8
10002e64:	e7cb      	b.n	10002dfe <_vsnprintf+0x1c2>
10002e66:	2502      	movs	r5, #2
10002e68:	e7c9      	b.n	10002dfe <_vsnprintf+0x1c2>
10002e6a:	2220      	movs	r2, #32
10002e6c:	4316      	orrs	r6, r2
10002e6e:	e7c8      	b.n	10002e02 <_vsnprintf+0x1c6>
10002e70:	05b3      	lsls	r3, r6, #22
10002e72:	d420      	bmi.n	10002eb6 <_vsnprintf+0x27a>
10002e74:	05f3      	lsls	r3, r6, #23
10002e76:	d450      	bmi.n	10002f1a <_vsnprintf+0x2de>
10002e78:	0673      	lsls	r3, r6, #25
10002e7a:	d566      	bpl.n	10002f4a <_vsnprintf+0x30e>
10002e7c:	9a1c      	ldr	r2, [sp, #112]	; 0x70
10002e7e:	1d11      	adds	r1, r2, #4
10002e80:	911c      	str	r1, [sp, #112]	; 0x70
10002e82:	6811      	ldr	r1, [r2, #0]
10002e84:	22ff      	movs	r2, #255	; 0xff
10002e86:	400a      	ands	r2, r1
10002e88:	17d3      	asrs	r3, r2, #31
10002e8a:	18d1      	adds	r1, r2, r3
10002e8c:	4059      	eors	r1, r3
10002e8e:	9605      	str	r6, [sp, #20]
10002e90:	465b      	mov	r3, fp
10002e92:	9304      	str	r3, [sp, #16]
10002e94:	4643      	mov	r3, r8
10002e96:	9303      	str	r3, [sp, #12]
10002e98:	9502      	str	r5, [sp, #8]
10002e9a:	0fd2      	lsrs	r2, r2, #31
10002e9c:	9201      	str	r2, [sp, #4]
10002e9e:	9100      	str	r1, [sp, #0]
10002ea0:	9b0a      	ldr	r3, [sp, #40]	; 0x28
10002ea2:	003a      	movs	r2, r7
10002ea4:	990b      	ldr	r1, [sp, #44]	; 0x2c
10002ea6:	0020      	movs	r0, r4
10002ea8:	f7ff fa56 	bl	10002358 <_ntoa_long>
10002eac:	0007      	movs	r7, r0
10002eae:	9b11      	ldr	r3, [sp, #68]	; 0x44
10002eb0:	3301      	adds	r3, #1
10002eb2:	9311      	str	r3, [sp, #68]	; 0x44
10002eb4:	e6d2      	b.n	10002c5c <_vsnprintf+0x20>
10002eb6:	9b1c      	ldr	r3, [sp, #112]	; 0x70
10002eb8:	1dda      	adds	r2, r3, #7
10002eba:	2107      	movs	r1, #7
10002ebc:	438a      	bics	r2, r1
10002ebe:	0011      	movs	r1, r2
10002ec0:	3108      	adds	r1, #8
10002ec2:	911c      	str	r1, [sp, #112]	; 0x70
10002ec4:	6811      	ldr	r1, [r2, #0]
10002ec6:	6853      	ldr	r3, [r2, #4]
10002ec8:	469c      	mov	ip, r3
10002eca:	17db      	asrs	r3, r3, #31
10002ecc:	930c      	str	r3, [sp, #48]	; 0x30
10002ece:	930d      	str	r3, [sp, #52]	; 0x34
10002ed0:	9a0c      	ldr	r2, [sp, #48]	; 0x30
10002ed2:	9b0d      	ldr	r3, [sp, #52]	; 0x34
10002ed4:	0010      	movs	r0, r2
10002ed6:	4048      	eors	r0, r1
10002ed8:	900e      	str	r0, [sp, #56]	; 0x38
10002eda:	4662      	mov	r2, ip
10002edc:	4053      	eors	r3, r2
10002ede:	930f      	str	r3, [sp, #60]	; 0x3c
10002ee0:	980e      	ldr	r0, [sp, #56]	; 0x38
10002ee2:	990f      	ldr	r1, [sp, #60]	; 0x3c
10002ee4:	9a0c      	ldr	r2, [sp, #48]	; 0x30
10002ee6:	9b0d      	ldr	r3, [sp, #52]	; 0x34
10002ee8:	1a80      	subs	r0, r0, r2
10002eea:	4199      	sbcs	r1, r3
10002eec:	900e      	str	r0, [sp, #56]	; 0x38
10002eee:	910f      	str	r1, [sp, #60]	; 0x3c
10002ef0:	9608      	str	r6, [sp, #32]
10002ef2:	465b      	mov	r3, fp
10002ef4:	9307      	str	r3, [sp, #28]
10002ef6:	4643      	mov	r3, r8
10002ef8:	9306      	str	r3, [sp, #24]
10002efa:	9504      	str	r5, [sp, #16]
10002efc:	2300      	movs	r3, #0
10002efe:	9305      	str	r3, [sp, #20]
10002f00:	4663      	mov	r3, ip
10002f02:	0fda      	lsrs	r2, r3, #31
10002f04:	9202      	str	r2, [sp, #8]
10002f06:	9000      	str	r0, [sp, #0]
10002f08:	9101      	str	r1, [sp, #4]
10002f0a:	9b0a      	ldr	r3, [sp, #40]	; 0x28
10002f0c:	003a      	movs	r2, r7
10002f0e:	990b      	ldr	r1, [sp, #44]	; 0x2c
10002f10:	0020      	movs	r0, r4
10002f12:	f7ff fa79 	bl	10002408 <_ntoa_long_long>
10002f16:	0007      	movs	r7, r0
10002f18:	e7c9      	b.n	10002eae <_vsnprintf+0x272>
10002f1a:	9a1c      	ldr	r2, [sp, #112]	; 0x70
10002f1c:	1d11      	adds	r1, r2, #4
10002f1e:	911c      	str	r1, [sp, #112]	; 0x70
10002f20:	6812      	ldr	r2, [r2, #0]
10002f22:	17d3      	asrs	r3, r2, #31
10002f24:	18d1      	adds	r1, r2, r3
10002f26:	4059      	eors	r1, r3
10002f28:	9605      	str	r6, [sp, #20]
10002f2a:	465b      	mov	r3, fp
10002f2c:	9304      	str	r3, [sp, #16]
10002f2e:	4643      	mov	r3, r8
10002f30:	9303      	str	r3, [sp, #12]
10002f32:	9502      	str	r5, [sp, #8]
10002f34:	0fd2      	lsrs	r2, r2, #31
10002f36:	9201      	str	r2, [sp, #4]
10002f38:	9100      	str	r1, [sp, #0]
10002f3a:	9b0a      	ldr	r3, [sp, #40]	; 0x28
10002f3c:	003a      	movs	r2, r7
10002f3e:	990b      	ldr	r1, [sp, #44]	; 0x2c
10002f40:	0020      	movs	r0, r4
10002f42:	f7ff fa09 	bl	10002358 <_ntoa_long>
10002f46:	0007      	movs	r7, r0
10002f48:	e7b1      	b.n	10002eae <_vsnprintf+0x272>
10002f4a:	0633      	lsls	r3, r6, #24
10002f4c:	d505      	bpl.n	10002f5a <_vsnprintf+0x31e>
10002f4e:	9a1c      	ldr	r2, [sp, #112]	; 0x70
10002f50:	1d11      	adds	r1, r2, #4
10002f52:	911c      	str	r1, [sp, #112]	; 0x70
10002f54:	2300      	movs	r3, #0
10002f56:	5ed2      	ldrsh	r2, [r2, r3]
10002f58:	e796      	b.n	10002e88 <_vsnprintf+0x24c>
10002f5a:	9a1c      	ldr	r2, [sp, #112]	; 0x70
10002f5c:	1d11      	adds	r1, r2, #4
10002f5e:	911c      	str	r1, [sp, #112]	; 0x70
10002f60:	6812      	ldr	r2, [r2, #0]
10002f62:	e791      	b.n	10002e88 <_vsnprintf+0x24c>
10002f64:	9b1c      	ldr	r3, [sp, #112]	; 0x70
10002f66:	1dda      	adds	r2, r3, #7
10002f68:	2107      	movs	r1, #7
10002f6a:	438a      	bics	r2, r1
10002f6c:	0011      	movs	r1, r2
10002f6e:	3108      	adds	r1, #8
10002f70:	911c      	str	r1, [sp, #112]	; 0x70
10002f72:	9608      	str	r6, [sp, #32]
10002f74:	465b      	mov	r3, fp
10002f76:	9307      	str	r3, [sp, #28]
10002f78:	4643      	mov	r3, r8
10002f7a:	9306      	str	r3, [sp, #24]
10002f7c:	9504      	str	r5, [sp, #16]
10002f7e:	2300      	movs	r3, #0
10002f80:	9305      	str	r3, [sp, #20]
10002f82:	9302      	str	r3, [sp, #8]
10002f84:	6853      	ldr	r3, [r2, #4]
10002f86:	6812      	ldr	r2, [r2, #0]
10002f88:	9200      	str	r2, [sp, #0]
10002f8a:	9301      	str	r3, [sp, #4]
10002f8c:	9b0a      	ldr	r3, [sp, #40]	; 0x28
10002f8e:	003a      	movs	r2, r7
10002f90:	990b      	ldr	r1, [sp, #44]	; 0x2c
10002f92:	0020      	movs	r0, r4
10002f94:	f7ff fa38 	bl	10002408 <_ntoa_long_long>
10002f98:	0007      	movs	r7, r0
10002f9a:	e788      	b.n	10002eae <_vsnprintf+0x272>
10002f9c:	9a1c      	ldr	r2, [sp, #112]	; 0x70
10002f9e:	1d11      	adds	r1, r2, #4
10002fa0:	911c      	str	r1, [sp, #112]	; 0x70
10002fa2:	9605      	str	r6, [sp, #20]
10002fa4:	465b      	mov	r3, fp
10002fa6:	9304      	str	r3, [sp, #16]
10002fa8:	4643      	mov	r3, r8
10002faa:	9303      	str	r3, [sp, #12]
10002fac:	9502      	str	r5, [sp, #8]
10002fae:	2300      	movs	r3, #0
10002fb0:	9301      	str	r3, [sp, #4]
10002fb2:	6813      	ldr	r3, [r2, #0]
10002fb4:	9300      	str	r3, [sp, #0]
10002fb6:	9b0a      	ldr	r3, [sp, #40]	; 0x28
10002fb8:	003a      	movs	r2, r7
10002fba:	990b      	ldr	r1, [sp, #44]	; 0x2c
10002fbc:	0020      	movs	r0, r4
10002fbe:	f7ff f9cb 	bl	10002358 <_ntoa_long>
10002fc2:	0007      	movs	r7, r0
10002fc4:	e773      	b.n	10002eae <_vsnprintf+0x272>
10002fc6:	0633      	lsls	r3, r6, #24
10002fc8:	d506      	bpl.n	10002fd8 <_vsnprintf+0x39c>
10002fca:	9a1c      	ldr	r2, [sp, #112]	; 0x70
10002fcc:	1d11      	adds	r1, r2, #4
10002fce:	911c      	str	r1, [sp, #112]	; 0x70
10002fd0:	6812      	ldr	r2, [r2, #0]
10002fd2:	0412      	lsls	r2, r2, #16
10002fd4:	0c12      	lsrs	r2, r2, #16
10002fd6:	e731      	b.n	10002e3c <_vsnprintf+0x200>
10002fd8:	9a1c      	ldr	r2, [sp, #112]	; 0x70
10002fda:	1d11      	adds	r1, r2, #4
10002fdc:	911c      	str	r1, [sp, #112]	; 0x70
10002fde:	6812      	ldr	r2, [r2, #0]
10002fe0:	e72c      	b.n	10002e3c <_vsnprintf+0x200>
10002fe2:	46c0      	nop			; (mov r8, r8)
10002fe4:	10007bac 	.word	0x10007bac
10002fe8:	10007bf8 	.word	0x10007bf8
10002fec:	10007c3c 	.word	0x10007c3c
10002ff0:	2846      	cmp	r0, #70	; 0x46
10002ff2:	d01a      	beq.n	1000302a <_vsnprintf+0x3ee>
10002ff4:	9b1c      	ldr	r3, [sp, #112]	; 0x70
10002ff6:	3307      	adds	r3, #7
10002ff8:	2207      	movs	r2, #7
10002ffa:	4393      	bics	r3, r2
10002ffc:	001a      	movs	r2, r3
10002ffe:	3208      	adds	r2, #8
10003000:	921c      	str	r2, [sp, #112]	; 0x70
10003002:	9604      	str	r6, [sp, #16]
10003004:	465a      	mov	r2, fp
10003006:	9203      	str	r2, [sp, #12]
10003008:	4642      	mov	r2, r8
1000300a:	9202      	str	r2, [sp, #8]
1000300c:	681a      	ldr	r2, [r3, #0]
1000300e:	685b      	ldr	r3, [r3, #4]
10003010:	9200      	str	r2, [sp, #0]
10003012:	9301      	str	r3, [sp, #4]
10003014:	9b0a      	ldr	r3, [sp, #40]	; 0x28
10003016:	003a      	movs	r2, r7
10003018:	990b      	ldr	r1, [sp, #44]	; 0x2c
1000301a:	0020      	movs	r0, r4
1000301c:	f7ff fc6c 	bl	100028f8 <_ftoa>
10003020:	0007      	movs	r7, r0
10003022:	9b11      	ldr	r3, [sp, #68]	; 0x44
10003024:	3301      	adds	r3, #1
10003026:	9311      	str	r3, [sp, #68]	; 0x44
10003028:	e618      	b.n	10002c5c <_vsnprintf+0x20>
1000302a:	2320      	movs	r3, #32
1000302c:	431e      	orrs	r6, r3
1000302e:	e7e1      	b.n	10002ff4 <_vsnprintf+0x3b8>
10003030:	2867      	cmp	r0, #103	; 0x67
10003032:	d001      	beq.n	10003038 <_vsnprintf+0x3fc>
10003034:	2847      	cmp	r0, #71	; 0x47
10003036:	d102      	bne.n	1000303e <_vsnprintf+0x402>
10003038:	2380      	movs	r3, #128	; 0x80
1000303a:	011b      	lsls	r3, r3, #4
1000303c:	431e      	orrs	r6, r3
1000303e:	2845      	cmp	r0, #69	; 0x45
10003040:	d001      	beq.n	10003046 <_vsnprintf+0x40a>
10003042:	2847      	cmp	r0, #71	; 0x47
10003044:	d101      	bne.n	1000304a <_vsnprintf+0x40e>
10003046:	2320      	movs	r3, #32
10003048:	431e      	orrs	r6, r3
1000304a:	9b1c      	ldr	r3, [sp, #112]	; 0x70
1000304c:	3307      	adds	r3, #7
1000304e:	2207      	movs	r2, #7
10003050:	4393      	bics	r3, r2
10003052:	001a      	movs	r2, r3
10003054:	3208      	adds	r2, #8
10003056:	921c      	str	r2, [sp, #112]	; 0x70
10003058:	9604      	str	r6, [sp, #16]
1000305a:	465a      	mov	r2, fp
1000305c:	9203      	str	r2, [sp, #12]
1000305e:	4642      	mov	r2, r8
10003060:	9202      	str	r2, [sp, #8]
10003062:	681a      	ldr	r2, [r3, #0]
10003064:	685b      	ldr	r3, [r3, #4]
10003066:	9200      	str	r2, [sp, #0]
10003068:	9301      	str	r3, [sp, #4]
1000306a:	9b0a      	ldr	r3, [sp, #40]	; 0x28
1000306c:	003a      	movs	r2, r7
1000306e:	990b      	ldr	r1, [sp, #44]	; 0x2c
10003070:	0020      	movs	r0, r4
10003072:	f7ff fa3d 	bl	100024f0 <_etoa>
10003076:	0007      	movs	r7, r0
10003078:	9b11      	ldr	r3, [sp, #68]	; 0x44
1000307a:	3301      	adds	r3, #1
1000307c:	9311      	str	r3, [sp, #68]	; 0x44
1000307e:	e5ed      	b.n	10002c5c <_vsnprintf+0x20>
10003080:	2302      	movs	r3, #2
10003082:	4033      	ands	r3, r6
10003084:	469a      	mov	sl, r3
10003086:	d01e      	beq.n	100030c6 <_vsnprintf+0x48a>
10003088:	2601      	movs	r6, #1
1000308a:	9b1c      	ldr	r3, [sp, #112]	; 0x70
1000308c:	1d1a      	adds	r2, r3, #4
1000308e:	921c      	str	r2, [sp, #112]	; 0x70
10003090:	1c7d      	adds	r5, r7, #1
10003092:	7818      	ldrb	r0, [r3, #0]
10003094:	9b0a      	ldr	r3, [sp, #40]	; 0x28
10003096:	003a      	movs	r2, r7
10003098:	990b      	ldr	r1, [sp, #44]	; 0x2c
1000309a:	47a0      	blx	r4
1000309c:	4653      	mov	r3, sl
1000309e:	2b00      	cmp	r3, #0
100030a0:	d115      	bne.n	100030ce <_vsnprintf+0x492>
100030a2:	9b11      	ldr	r3, [sp, #68]	; 0x44
100030a4:	3301      	adds	r3, #1
100030a6:	9311      	str	r3, [sp, #68]	; 0x44
100030a8:	002f      	movs	r7, r5
100030aa:	e5d7      	b.n	10002c5c <_vsnprintf+0x20>
100030ac:	1c55      	adds	r5, r2, #1
100030ae:	9b0a      	ldr	r3, [sp, #40]	; 0x28
100030b0:	990b      	ldr	r1, [sp, #44]	; 0x2c
100030b2:	2020      	movs	r0, #32
100030b4:	47a0      	blx	r4
100030b6:	0033      	movs	r3, r6
100030b8:	002a      	movs	r2, r5
100030ba:	1c5e      	adds	r6, r3, #1
100030bc:	429f      	cmp	r7, r3
100030be:	d8f5      	bhi.n	100030ac <_vsnprintf+0x470>
100030c0:	46bb      	mov	fp, r7
100030c2:	0017      	movs	r7, r2
100030c4:	e7e1      	b.n	1000308a <_vsnprintf+0x44e>
100030c6:	2301      	movs	r3, #1
100030c8:	003a      	movs	r2, r7
100030ca:	465f      	mov	r7, fp
100030cc:	e7f5      	b.n	100030ba <_vsnprintf+0x47e>
100030ce:	002a      	movs	r2, r5
100030d0:	46a0      	mov	r8, r4
100030d2:	465c      	mov	r4, fp
100030d4:	e006      	b.n	100030e4 <_vsnprintf+0x4a8>
100030d6:	1c57      	adds	r7, r2, #1
100030d8:	9b0a      	ldr	r3, [sp, #40]	; 0x28
100030da:	990b      	ldr	r1, [sp, #44]	; 0x2c
100030dc:	2020      	movs	r0, #32
100030de:	47c0      	blx	r8
100030e0:	002e      	movs	r6, r5
100030e2:	003a      	movs	r2, r7
100030e4:	1c75      	adds	r5, r6, #1
100030e6:	42b4      	cmp	r4, r6
100030e8:	d8f5      	bhi.n	100030d6 <_vsnprintf+0x49a>
100030ea:	0015      	movs	r5, r2
100030ec:	4644      	mov	r4, r8
100030ee:	e7d8      	b.n	100030a2 <_vsnprintf+0x466>
100030f0:	9b1c      	ldr	r3, [sp, #112]	; 0x70
100030f2:	1d1a      	adds	r2, r3, #4
100030f4:	921c      	str	r2, [sp, #112]	; 0x70
100030f6:	681b      	ldr	r3, [r3, #0]
100030f8:	469a      	mov	sl, r3
100030fa:	4643      	mov	r3, r8
100030fc:	2b00      	cmp	r3, #0
100030fe:	d100      	bne.n	10003102 <_vsnprintf+0x4c6>
10003100:	3b01      	subs	r3, #1
10003102:	4655      	mov	r5, sl
10003104:	782a      	ldrb	r2, [r5, #0]
10003106:	2a00      	cmp	r2, #0
10003108:	d005      	beq.n	10003116 <_vsnprintf+0x4da>
1000310a:	1e5a      	subs	r2, r3, #1
1000310c:	2b00      	cmp	r3, #0
1000310e:	d002      	beq.n	10003116 <_vsnprintf+0x4da>
10003110:	3501      	adds	r5, #1
10003112:	0013      	movs	r3, r2
10003114:	e7f6      	b.n	10003104 <_vsnprintf+0x4c8>
10003116:	4653      	mov	r3, sl
10003118:	1aed      	subs	r5, r5, r3
1000311a:	2380      	movs	r3, #128	; 0x80
1000311c:	00db      	lsls	r3, r3, #3
1000311e:	4033      	ands	r3, r6
10003120:	4699      	mov	r9, r3
10003122:	d002      	beq.n	1000312a <_vsnprintf+0x4ee>
10003124:	4545      	cmp	r5, r8
10003126:	d900      	bls.n	1000312a <_vsnprintf+0x4ee>
10003128:	4645      	mov	r5, r8
1000312a:	2302      	movs	r3, #2
1000312c:	4033      	ands	r3, r6
1000312e:	9310      	str	r3, [sp, #64]	; 0x40
10003130:	d008      	beq.n	10003144 <_vsnprintf+0x508>
10003132:	003a      	movs	r2, r7
10003134:	4656      	mov	r6, sl
10003136:	0029      	movs	r1, r5
10003138:	464d      	mov	r5, r9
1000313a:	0023      	movs	r3, r4
1000313c:	4644      	mov	r4, r8
1000313e:	4698      	mov	r8, r3
10003140:	4689      	mov	r9, r1
10003142:	e01f      	b.n	10003184 <_vsnprintf+0x548>
10003144:	003a      	movs	r2, r7
10003146:	0023      	movs	r3, r4
10003148:	465c      	mov	r4, fp
1000314a:	469b      	mov	fp, r3
1000314c:	e006      	b.n	1000315c <_vsnprintf+0x520>
1000314e:	1c57      	adds	r7, r2, #1
10003150:	9b0a      	ldr	r3, [sp, #40]	; 0x28
10003152:	990b      	ldr	r1, [sp, #44]	; 0x2c
10003154:	2020      	movs	r0, #32
10003156:	47d8      	blx	fp
10003158:	0035      	movs	r5, r6
1000315a:	003a      	movs	r2, r7
1000315c:	1c6e      	adds	r6, r5, #1
1000315e:	42ac      	cmp	r4, r5
10003160:	d8f5      	bhi.n	1000314e <_vsnprintf+0x512>
10003162:	0035      	movs	r5, r6
10003164:	465b      	mov	r3, fp
10003166:	46a3      	mov	fp, r4
10003168:	4656      	mov	r6, sl
1000316a:	0029      	movs	r1, r5
1000316c:	464d      	mov	r5, r9
1000316e:	4644      	mov	r4, r8
10003170:	4698      	mov	r8, r3
10003172:	4689      	mov	r9, r1
10003174:	e006      	b.n	10003184 <_vsnprintf+0x548>
10003176:	001c      	movs	r4, r3
10003178:	3601      	adds	r6, #1
1000317a:	1c57      	adds	r7, r2, #1
1000317c:	9b0a      	ldr	r3, [sp, #40]	; 0x28
1000317e:	990b      	ldr	r1, [sp, #44]	; 0x2c
10003180:	47c0      	blx	r8
10003182:	003a      	movs	r2, r7
10003184:	7830      	ldrb	r0, [r6, #0]
10003186:	2800      	cmp	r0, #0
10003188:	d004      	beq.n	10003194 <_vsnprintf+0x558>
1000318a:	2d00      	cmp	r5, #0
1000318c:	d0f4      	beq.n	10003178 <_vsnprintf+0x53c>
1000318e:	1e63      	subs	r3, r4, #1
10003190:	2c00      	cmp	r4, #0
10003192:	d1f0      	bne.n	10003176 <_vsnprintf+0x53a>
10003194:	0017      	movs	r7, r2
10003196:	464d      	mov	r5, r9
10003198:	4644      	mov	r4, r8
1000319a:	9b10      	ldr	r3, [sp, #64]	; 0x40
1000319c:	2b00      	cmp	r3, #0
1000319e:	d103      	bne.n	100031a8 <_vsnprintf+0x56c>
100031a0:	9b11      	ldr	r3, [sp, #68]	; 0x44
100031a2:	3301      	adds	r3, #1
100031a4:	9311      	str	r3, [sp, #68]	; 0x44
100031a6:	e559      	b.n	10002c5c <_vsnprintf+0x20>
100031a8:	465c      	mov	r4, fp
100031aa:	e006      	b.n	100031ba <_vsnprintf+0x57e>
100031ac:	1c57      	adds	r7, r2, #1
100031ae:	9b0a      	ldr	r3, [sp, #40]	; 0x28
100031b0:	990b      	ldr	r1, [sp, #44]	; 0x2c
100031b2:	2020      	movs	r0, #32
100031b4:	47c0      	blx	r8
100031b6:	0035      	movs	r5, r6
100031b8:	003a      	movs	r2, r7
100031ba:	1c6e      	adds	r6, r5, #1
100031bc:	42ac      	cmp	r4, r5
100031be:	d8f5      	bhi.n	100031ac <_vsnprintf+0x570>
100031c0:	0017      	movs	r7, r2
100031c2:	4644      	mov	r4, r8
100031c4:	e7ec      	b.n	100031a0 <_vsnprintf+0x564>
100031c6:	2321      	movs	r3, #33	; 0x21
100031c8:	4333      	orrs	r3, r6
100031ca:	9a1c      	ldr	r2, [sp, #112]	; 0x70
100031cc:	1d11      	adds	r1, r2, #4
100031ce:	911c      	str	r1, [sp, #112]	; 0x70
100031d0:	6812      	ldr	r2, [r2, #0]
100031d2:	9200      	str	r2, [sp, #0]
100031d4:	9305      	str	r3, [sp, #20]
100031d6:	2308      	movs	r3, #8
100031d8:	9304      	str	r3, [sp, #16]
100031da:	4643      	mov	r3, r8
100031dc:	9303      	str	r3, [sp, #12]
100031de:	2310      	movs	r3, #16
100031e0:	9302      	str	r3, [sp, #8]
100031e2:	2300      	movs	r3, #0
100031e4:	9301      	str	r3, [sp, #4]
100031e6:	9b0a      	ldr	r3, [sp, #40]	; 0x28
100031e8:	003a      	movs	r2, r7
100031ea:	990b      	ldr	r1, [sp, #44]	; 0x2c
100031ec:	0020      	movs	r0, r4
100031ee:	f7ff f8b3 	bl	10002358 <_ntoa_long>
100031f2:	0007      	movs	r7, r0
100031f4:	9b11      	ldr	r3, [sp, #68]	; 0x44
100031f6:	3301      	adds	r3, #1
100031f8:	9311      	str	r3, [sp, #68]	; 0x44
100031fa:	e52f      	b.n	10002c5c <_vsnprintf+0x20>
100031fc:	1c7d      	adds	r5, r7, #1
100031fe:	9b0a      	ldr	r3, [sp, #40]	; 0x28
10003200:	003a      	movs	r2, r7
10003202:	990b      	ldr	r1, [sp, #44]	; 0x2c
10003204:	2025      	movs	r0, #37	; 0x25
10003206:	47a0      	blx	r4
10003208:	9b11      	ldr	r3, [sp, #68]	; 0x44
1000320a:	3301      	adds	r3, #1
1000320c:	9311      	str	r3, [sp, #68]	; 0x44
1000320e:	002f      	movs	r7, r5
10003210:	e524      	b.n	10002c5c <_vsnprintf+0x20>
10003212:	1c7d      	adds	r5, r7, #1
10003214:	9b0a      	ldr	r3, [sp, #40]	; 0x28
10003216:	003a      	movs	r2, r7
10003218:	990b      	ldr	r1, [sp, #44]	; 0x2c
1000321a:	47a0      	blx	r4
1000321c:	9b11      	ldr	r3, [sp, #68]	; 0x44
1000321e:	3301      	adds	r3, #1
10003220:	9311      	str	r3, [sp, #68]	; 0x44
10003222:	002f      	movs	r7, r5
10003224:	e51a      	b.n	10002c5c <_vsnprintf+0x20>
10003226:	4b0b      	ldr	r3, [pc, #44]	; (10003254 <_vsnprintf+0x618>)
10003228:	469b      	mov	fp, r3
1000322a:	e515      	b.n	10002c58 <_vsnprintf+0x1c>
1000322c:	46a3      	mov	fp, r4
1000322e:	9b0a      	ldr	r3, [sp, #40]	; 0x28
10003230:	429f      	cmp	r7, r3
10003232:	d30c      	bcc.n	1000324e <_vsnprintf+0x612>
10003234:	1e5a      	subs	r2, r3, #1
10003236:	9b0a      	ldr	r3, [sp, #40]	; 0x28
10003238:	990b      	ldr	r1, [sp, #44]	; 0x2c
1000323a:	2000      	movs	r0, #0
1000323c:	47d8      	blx	fp
1000323e:	0038      	movs	r0, r7
10003240:	b013      	add	sp, #76	; 0x4c
10003242:	bc3c      	pop	{r2, r3, r4, r5}
10003244:	4690      	mov	r8, r2
10003246:	4699      	mov	r9, r3
10003248:	46a2      	mov	sl, r4
1000324a:	46ab      	mov	fp, r5
1000324c:	bdf0      	pop	{r4, r5, r6, r7, pc}
1000324e:	003a      	movs	r2, r7
10003250:	e7f1      	b.n	10003236 <_vsnprintf+0x5fa>
10003252:	46c0      	nop			; (mov r8, r8)
10003254:	10002189 	.word	0x10002189

10003258 <vfctprintf>:
10003258:	b500      	push	{lr}
1000325a:	b085      	sub	sp, #20
1000325c:	9002      	str	r0, [sp, #8]
1000325e:	9103      	str	r1, [sp, #12]
10003260:	2101      	movs	r1, #1
10003262:	9300      	str	r3, [sp, #0]
10003264:	0013      	movs	r3, r2
10003266:	424a      	negs	r2, r1
10003268:	a902      	add	r1, sp, #8
1000326a:	4802      	ldr	r0, [pc, #8]	; (10003274 <vfctprintf+0x1c>)
1000326c:	f7ff fce6 	bl	10002c3c <_vsnprintf>
10003270:	b005      	add	sp, #20
10003272:	bd00      	pop	{pc}
10003274:	1000218b 	.word	0x1000218b

10003278 <__aeabi_bits_init>:
10003278:	4801      	ldr	r0, [pc, #4]	; (10003280 <__aeabi_bits_init+0x8>)
1000327a:	2104      	movs	r1, #4
1000327c:	4b01      	ldr	r3, [pc, #4]	; (10003284 <__aeabi_bits_init+0xc>)
1000327e:	4718      	bx	r3
10003280:	200004a0 	.word	0x200004a0
10003284:	100032a9 	.word	0x100032a9

10003288 <rom_func_lookup>:
10003288:	b510      	push	{r4, lr}
1000328a:	0001      	movs	r1, r0
1000328c:	2318      	movs	r3, #24
1000328e:	881b      	ldrh	r3, [r3, #0]
10003290:	2214      	movs	r2, #20
10003292:	8810      	ldrh	r0, [r2, #0]
10003294:	4798      	blx	r3
10003296:	bd10      	pop	{r4, pc}

10003298 <rom_data_lookup>:
10003298:	b510      	push	{r4, lr}
1000329a:	0001      	movs	r1, r0
1000329c:	2318      	movs	r3, #24
1000329e:	881b      	ldrh	r3, [r3, #0]
100032a0:	2216      	movs	r2, #22
100032a2:	8810      	ldrh	r0, [r2, #0]
100032a4:	4798      	blx	r3
100032a6:	bd10      	pop	{r4, pc}

100032a8 <rom_funcs_lookup>:
100032a8:	b5f0      	push	{r4, r5, r6, r7, lr}
100032aa:	46c6      	mov	lr, r8
100032ac:	b500      	push	{lr}
100032ae:	0007      	movs	r7, r0
100032b0:	000e      	movs	r6, r1
100032b2:	2500      	movs	r5, #0
100032b4:	2301      	movs	r3, #1
100032b6:	4698      	mov	r8, r3
100032b8:	e000      	b.n	100032bc <rom_funcs_lookup+0x14>
100032ba:	3501      	adds	r5, #1
100032bc:	42b5      	cmp	r5, r6
100032be:	d20a      	bcs.n	100032d6 <rom_funcs_lookup+0x2e>
100032c0:	00ac      	lsls	r4, r5, #2
100032c2:	193c      	adds	r4, r7, r4
100032c4:	6820      	ldr	r0, [r4, #0]
100032c6:	f7ff ffdf 	bl	10003288 <rom_func_lookup>
100032ca:	6020      	str	r0, [r4, #0]
100032cc:	2800      	cmp	r0, #0
100032ce:	d1f4      	bne.n	100032ba <rom_funcs_lookup+0x12>
100032d0:	2300      	movs	r3, #0
100032d2:	4698      	mov	r8, r3
100032d4:	e7f1      	b.n	100032ba <rom_funcs_lookup+0x12>
100032d6:	4640      	mov	r0, r8
100032d8:	bc04      	pop	{r2}
100032da:	4690      	mov	r8, r2
100032dc:	bdf0      	pop	{r4, r5, r6, r7, pc}
	...

100032e0 <__wrap___aeabi_idiv>:
100032e0:	4a12      	ldr	r2, [pc, #72]	; (1000332c <divmod_s32s32_savestate+0x18>)
100032e2:	6f93      	ldr	r3, [r2, #120]	; 0x78
100032e4:	089b      	lsrs	r3, r3, #2
100032e6:	d215      	bcs.n	10003314 <divmod_s32s32_savestate>

100032e8 <divmod_s32s32_unsafe>:
100032e8:	6690      	str	r0, [r2, #104]	; 0x68
100032ea:	66d1      	str	r1, [r2, #108]	; 0x6c
100032ec:	2900      	cmp	r1, #0
100032ee:	d005      	beq.n	100032fc <divmod_s32s32_unsafe+0x14>
100032f0:	e7ff      	b.n	100032f2 <divmod_s32s32_unsafe+0xa>
100032f2:	e7ff      	b.n	100032f4 <divmod_s32s32_unsafe+0xc>
100032f4:	e7ff      	b.n	100032f6 <divmod_s32s32_unsafe+0xe>
100032f6:	6f51      	ldr	r1, [r2, #116]	; 0x74
100032f8:	6f10      	ldr	r0, [r2, #112]	; 0x70
100032fa:	4770      	bx	lr
100032fc:	b504      	push	{r2, lr}
100032fe:	2180      	movs	r1, #128	; 0x80
10003300:	0609      	lsls	r1, r1, #24
10003302:	17c2      	asrs	r2, r0, #31
10003304:	4051      	eors	r1, r2
10003306:	2800      	cmp	r0, #0
10003308:	d000      	beq.n	1000330c <divmod_s32s32_unsafe+0x24>
1000330a:	43c8      	mvns	r0, r1
1000330c:	f003 feac 	bl	10007068 <____aeabi_idiv0_veneer>
10003310:	2100      	movs	r1, #0
10003312:	bd04      	pop	{r2, pc}

10003314 <divmod_s32s32_savestate>:
10003314:	b5f0      	push	{r4, r5, r6, r7, lr}
10003316:	6e14      	ldr	r4, [r2, #96]	; 0x60
10003318:	6e55      	ldr	r5, [r2, #100]	; 0x64
1000331a:	6f57      	ldr	r7, [r2, #116]	; 0x74
1000331c:	6f16      	ldr	r6, [r2, #112]	; 0x70
1000331e:	f7ff ffe3 	bl	100032e8 <divmod_s32s32_unsafe>
10003322:	6614      	str	r4, [r2, #96]	; 0x60
10003324:	6655      	str	r5, [r2, #100]	; 0x64
10003326:	6757      	str	r7, [r2, #116]	; 0x74
10003328:	6716      	str	r6, [r2, #112]	; 0x70
1000332a:	bdf0      	pop	{r4, r5, r6, r7, pc}
1000332c:	d0000000 	.word	0xd0000000

10003330 <__wrap___aeabi_uidiv>:
10003330:	4a11      	ldr	r2, [pc, #68]	; (10003378 <divmod_u32u32_savestate+0x18>)
10003332:	6f93      	ldr	r3, [r2, #120]	; 0x78
10003334:	089b      	lsrs	r3, r3, #2
10003336:	d213      	bcs.n	10003360 <divmod_u32u32_savestate>

10003338 <divmod_u32u32_unsafe>:
10003338:	6610      	str	r0, [r2, #96]	; 0x60
1000333a:	6651      	str	r1, [r2, #100]	; 0x64
1000333c:	2900      	cmp	r1, #0
1000333e:	d005      	beq.n	1000334c <divmod_u32u32_unsafe+0x14>
10003340:	e7ff      	b.n	10003342 <divmod_u32u32_unsafe+0xa>
10003342:	e7ff      	b.n	10003344 <divmod_u32u32_unsafe+0xc>
10003344:	e7ff      	b.n	10003346 <divmod_u32u32_unsafe+0xe>
10003346:	6f51      	ldr	r1, [r2, #116]	; 0x74
10003348:	6f10      	ldr	r0, [r2, #112]	; 0x70
1000334a:	4770      	bx	lr
1000334c:	b504      	push	{r2, lr}
1000334e:	2800      	cmp	r0, #0
10003350:	d001      	beq.n	10003356 <divmod_u32u32_unsafe+0x1e>
10003352:	2000      	movs	r0, #0
10003354:	43c0      	mvns	r0, r0
10003356:	f003 fe87 	bl	10007068 <____aeabi_idiv0_veneer>
1000335a:	2100      	movs	r1, #0
1000335c:	bd04      	pop	{r2, pc}
1000335e:	46c0      	nop			; (mov r8, r8)

10003360 <divmod_u32u32_savestate>:
10003360:	b5f0      	push	{r4, r5, r6, r7, lr}
10003362:	6e14      	ldr	r4, [r2, #96]	; 0x60
10003364:	6e55      	ldr	r5, [r2, #100]	; 0x64
10003366:	6f57      	ldr	r7, [r2, #116]	; 0x74
10003368:	6f16      	ldr	r6, [r2, #112]	; 0x70
1000336a:	f7ff ffe5 	bl	10003338 <divmod_u32u32_unsafe>
1000336e:	6614      	str	r4, [r2, #96]	; 0x60
10003370:	6655      	str	r5, [r2, #100]	; 0x64
10003372:	6757      	str	r7, [r2, #116]	; 0x74
10003374:	6716      	str	r6, [r2, #112]	; 0x70
10003376:	bdf0      	pop	{r4, r5, r6, r7, pc}
10003378:	d0000000 	.word	0xd0000000

1000337c <__wrap___aeabi_ldivmod>:
1000337c:	4694      	mov	ip, r2
1000337e:	4a4e      	ldr	r2, [pc, #312]	; (100034b8 <udiv0+0x1a>)
10003380:	6f92      	ldr	r2, [r2, #120]	; 0x78
10003382:	0892      	lsrs	r2, r2, #2
10003384:	4662      	mov	r2, ip
10003386:	d201      	bcs.n	1000338c <divmod_s64s64_savestate>
10003388:	e030      	b.n	100033ec <divmod_s64s64_unsafe>
1000338a:	46c0      	nop			; (mov r8, r8)

1000338c <divmod_s64s64_savestate>:
1000338c:	b5f0      	push	{r4, r5, r6, r7, lr}
1000338e:	4e4a      	ldr	r6, [pc, #296]	; (100034b8 <udiv0+0x1a>)
10003390:	6fb5      	ldr	r5, [r6, #120]	; 0x78
10003392:	086d      	lsrs	r5, r5, #1
10003394:	d3fc      	bcc.n	10003390 <divmod_s64s64_savestate+0x4>
10003396:	6e34      	ldr	r4, [r6, #96]	; 0x60
10003398:	6e75      	ldr	r5, [r6, #100]	; 0x64
1000339a:	6f77      	ldr	r7, [r6, #116]	; 0x74
1000339c:	6f36      	ldr	r6, [r6, #112]	; 0x70
1000339e:	f000 f825 	bl	100033ec <divmod_s64s64_unsafe>
100033a2:	4694      	mov	ip, r2
100033a4:	4a44      	ldr	r2, [pc, #272]	; (100034b8 <udiv0+0x1a>)
100033a6:	6614      	str	r4, [r2, #96]	; 0x60
100033a8:	6655      	str	r5, [r2, #100]	; 0x64
100033aa:	6757      	str	r7, [r2, #116]	; 0x74
100033ac:	6716      	str	r6, [r2, #112]	; 0x70
100033ae:	4662      	mov	r2, ip
100033b0:	bdf0      	pop	{r4, r5, r6, r7, pc}
100033b2:	46c0      	nop			; (mov r8, r8)

100033b4 <__wrap___aeabi_uldivmod>:
100033b4:	4694      	mov	ip, r2
100033b6:	4a40      	ldr	r2, [pc, #256]	; (100034b8 <udiv0+0x1a>)
100033b8:	6f92      	ldr	r2, [r2, #120]	; 0x78
100033ba:	0892      	lsrs	r2, r2, #2
100033bc:	4662      	mov	r2, ip
100033be:	d201      	bcs.n	100033c4 <divmod_u64u64_savestate>
100033c0:	e058      	b.n	10003474 <divmod_u64u64_unsafe>
100033c2:	46c0      	nop			; (mov r8, r8)

100033c4 <divmod_u64u64_savestate>:
100033c4:	b5f0      	push	{r4, r5, r6, r7, lr}
100033c6:	4e3c      	ldr	r6, [pc, #240]	; (100034b8 <udiv0+0x1a>)
100033c8:	6fb5      	ldr	r5, [r6, #120]	; 0x78
100033ca:	086d      	lsrs	r5, r5, #1
100033cc:	d3fc      	bcc.n	100033c8 <divmod_u64u64_savestate+0x4>
100033ce:	6e34      	ldr	r4, [r6, #96]	; 0x60
100033d0:	6e75      	ldr	r5, [r6, #100]	; 0x64
100033d2:	6f77      	ldr	r7, [r6, #116]	; 0x74
100033d4:	6f36      	ldr	r6, [r6, #112]	; 0x70
100033d6:	f000 f84d 	bl	10003474 <divmod_u64u64_unsafe>
100033da:	4694      	mov	ip, r2
100033dc:	4a36      	ldr	r2, [pc, #216]	; (100034b8 <udiv0+0x1a>)
100033de:	6614      	str	r4, [r2, #96]	; 0x60
100033e0:	6655      	str	r5, [r2, #100]	; 0x64
100033e2:	6757      	str	r7, [r2, #116]	; 0x74
100033e4:	6716      	str	r6, [r2, #112]	; 0x70
100033e6:	4662      	mov	r2, ip
100033e8:	bdf0      	pop	{r4, r5, r6, r7, pc}
100033ea:	46c0      	nop			; (mov r8, r8)

100033ec <divmod_s64s64_unsafe>:
100033ec:	2b00      	cmp	r3, #0
100033ee:	db24      	blt.n	1000343a <l41_1+0x26>
100033f0:	d011      	beq.n	10003416 <l41_1+0x2>
100033f2:	2900      	cmp	r1, #0
100033f4:	da3e      	bge.n	10003474 <divmod_u64u64_unsafe>
100033f6:	b500      	push	{lr}
100033f8:	43c9      	mvns	r1, r1
100033fa:	4240      	negs	r0, r0
100033fc:	d100      	bne.n	10003400 <l39_1>
100033fe:	3101      	adds	r1, #1

10003400 <l39_1>:
10003400:	f000 f838 	bl	10003474 <divmod_u64u64_unsafe>
10003404:	43c9      	mvns	r1, r1
10003406:	4240      	negs	r0, r0
10003408:	d100      	bne.n	1000340c <l40_1>
1000340a:	3101      	adds	r1, #1

1000340c <l40_1>:
1000340c:	43db      	mvns	r3, r3
1000340e:	4252      	negs	r2, r2
10003410:	d100      	bne.n	10003414 <l41_1>
10003412:	3301      	adds	r3, #1

10003414 <l41_1>:
10003414:	bd00      	pop	{pc}
10003416:	2a00      	cmp	r2, #0
10003418:	d1eb      	bne.n	100033f2 <divmod_s64s64_unsafe+0x6>
1000341a:	2800      	cmp	r0, #0
1000341c:	d101      	bne.n	10003422 <l41_1+0xe>
1000341e:	2900      	cmp	r1, #0
10003420:	d005      	beq.n	1000342e <l41_1+0x1a>
10003422:	2000      	movs	r0, #0
10003424:	0fc9      	lsrs	r1, r1, #31
10003426:	07c9      	lsls	r1, r1, #31
10003428:	d101      	bne.n	1000342e <l41_1+0x1a>
1000342a:	43c0      	mvns	r0, r0
1000342c:	0841      	lsrs	r1, r0, #1
1000342e:	b500      	push	{lr}
10003430:	f003 fe12 	bl	10007058 <____aeabi_ldiv0_veneer>
10003434:	2200      	movs	r2, #0
10003436:	2300      	movs	r3, #0
10003438:	bd00      	pop	{pc}
1000343a:	b500      	push	{lr}
1000343c:	2900      	cmp	r1, #0
1000343e:	db0a      	blt.n	10003456 <l43_1+0x2>
10003440:	43db      	mvns	r3, r3
10003442:	4252      	negs	r2, r2
10003444:	d100      	bne.n	10003448 <l42_1>
10003446:	3301      	adds	r3, #1

10003448 <l42_1>:
10003448:	f000 f814 	bl	10003474 <divmod_u64u64_unsafe>
1000344c:	43c9      	mvns	r1, r1
1000344e:	4240      	negs	r0, r0
10003450:	d100      	bne.n	10003454 <l43_1>
10003452:	3101      	adds	r1, #1

10003454 <l43_1>:
10003454:	bd00      	pop	{pc}
10003456:	43c9      	mvns	r1, r1
10003458:	4240      	negs	r0, r0
1000345a:	d100      	bne.n	1000345e <l44_1>
1000345c:	3101      	adds	r1, #1

1000345e <l44_1>:
1000345e:	43db      	mvns	r3, r3
10003460:	4252      	negs	r2, r2
10003462:	d100      	bne.n	10003466 <l45_1>
10003464:	3301      	adds	r3, #1

10003466 <l45_1>:
10003466:	f000 f805 	bl	10003474 <divmod_u64u64_unsafe>
1000346a:	43db      	mvns	r3, r3
1000346c:	4252      	negs	r2, r2
1000346e:	d100      	bne.n	10003472 <l46_1>
10003470:	3301      	adds	r3, #1

10003472 <l46_1>:
10003472:	bd00      	pop	{pc}

10003474 <divmod_u64u64_unsafe>:
10003474:	2900      	cmp	r1, #0
10003476:	d123      	bne.n	100034c0 <y64>
10003478:	2b00      	cmp	r3, #0
1000347a:	d118      	bne.n	100034ae <udiv0+0x10>
1000347c:	2a00      	cmp	r2, #0
1000347e:	d00c      	beq.n	1000349a <divmod_u64u64_unsafe+0x26>
10003480:	46bc      	mov	ip, r7
10003482:	4f0d      	ldr	r7, [pc, #52]	; (100034b8 <udiv0+0x1a>)
10003484:	6638      	str	r0, [r7, #96]	; 0x60
10003486:	667a      	str	r2, [r7, #100]	; 0x64
10003488:	2100      	movs	r1, #0
1000348a:	2300      	movs	r3, #0
1000348c:	e7ff      	b.n	1000348e <divmod_u64u64_unsafe+0x1a>
1000348e:	e7ff      	b.n	10003490 <divmod_u64u64_unsafe+0x1c>
10003490:	e7ff      	b.n	10003492 <divmod_u64u64_unsafe+0x1e>
10003492:	6f7a      	ldr	r2, [r7, #116]	; 0x74
10003494:	6f38      	ldr	r0, [r7, #112]	; 0x70
10003496:	4667      	mov	r7, ip
10003498:	4770      	bx	lr
1000349a:	2800      	cmp	r0, #0
1000349c:	d001      	beq.n	100034a2 <udiv0+0x4>

1000349e <udiv0>:
1000349e:	4807      	ldr	r0, [pc, #28]	; (100034bc <udiv0+0x1e>)
100034a0:	0001      	movs	r1, r0
100034a2:	b500      	push	{lr}
100034a4:	f003 fdd8 	bl	10007058 <____aeabi_ldiv0_veneer>
100034a8:	2200      	movs	r2, #0
100034aa:	2300      	movs	r3, #0
100034ac:	bd00      	pop	{pc}
100034ae:	0002      	movs	r2, r0
100034b0:	000b      	movs	r3, r1
100034b2:	2000      	movs	r0, #0
100034b4:	2100      	movs	r1, #0
100034b6:	4770      	bx	lr
100034b8:	d0000000 	.word	0xd0000000
100034bc:	ffffffff 	.word	0xffffffff

100034c0 <y64>:
100034c0:	2b00      	cmp	r3, #0
100034c2:	d000      	beq.n	100034c6 <y64+0x6>
100034c4:	e0bf      	b.n	10003646 <y64_x48>
100034c6:	0c13      	lsrs	r3, r2, #16
100034c8:	d128      	bne.n	1000351c <y64_x32>
100034ca:	2a00      	cmp	r2, #0
100034cc:	d0e7      	beq.n	1000349e <udiv0>
100034ce:	b480      	push	{r7}
100034d0:	4f11      	ldr	r7, [pc, #68]	; (10003518 <y64+0x58>)
100034d2:	6639      	str	r1, [r7, #96]	; 0x60
100034d4:	667a      	str	r2, [r7, #100]	; 0x64
100034d6:	e7ff      	b.n	100034d8 <y64+0x18>
100034d8:	e7ff      	b.n	100034da <y64+0x1a>
100034da:	b430      	push	{r4, r5}
100034dc:	0c04      	lsrs	r4, r0, #16
100034de:	6f7b      	ldr	r3, [r7, #116]	; 0x74
100034e0:	6f39      	ldr	r1, [r7, #112]	; 0x70
100034e2:	041b      	lsls	r3, r3, #16
100034e4:	4323      	orrs	r3, r4
100034e6:	663b      	str	r3, [r7, #96]	; 0x60
100034e8:	667a      	str	r2, [r7, #100]	; 0x64
100034ea:	e7ff      	b.n	100034ec <y64+0x2c>
100034ec:	e7ff      	b.n	100034ee <y64+0x2e>
100034ee:	e7ff      	b.n	100034f0 <y64+0x30>
100034f0:	46c0      	nop			; (mov r8, r8)
100034f2:	b284      	uxth	r4, r0
100034f4:	6f7b      	ldr	r3, [r7, #116]	; 0x74
100034f6:	6f3d      	ldr	r5, [r7, #112]	; 0x70
100034f8:	041b      	lsls	r3, r3, #16
100034fa:	4323      	orrs	r3, r4
100034fc:	663b      	str	r3, [r7, #96]	; 0x60
100034fe:	667a      	str	r2, [r7, #100]	; 0x64
10003500:	e7ff      	b.n	10003502 <y64+0x42>
10003502:	e7ff      	b.n	10003504 <y64+0x44>
10003504:	46c0      	nop			; (mov r8, r8)
10003506:	2300      	movs	r3, #0
10003508:	042c      	lsls	r4, r5, #16
1000350a:	0c2d      	lsrs	r5, r5, #16
1000350c:	6f7a      	ldr	r2, [r7, #116]	; 0x74
1000350e:	6f38      	ldr	r0, [r7, #112]	; 0x70
10003510:	1900      	adds	r0, r0, r4
10003512:	4169      	adcs	r1, r5
10003514:	bcb0      	pop	{r4, r5, r7}
10003516:	4770      	bx	lr
10003518:	d0000000 	.word	0xd0000000

1000351c <y64_x32>:
1000351c:	b5f0      	push	{r4, r5, r6, r7, lr}
1000351e:	4694      	mov	ip, r2
10003520:	2500      	movs	r5, #0
10003522:	0e14      	lsrs	r4, r2, #24
10003524:	d101      	bne.n	1000352a <y64_x32+0xe>
10003526:	0212      	lsls	r2, r2, #8
10003528:	3508      	adds	r5, #8
1000352a:	0f14      	lsrs	r4, r2, #28
1000352c:	d101      	bne.n	10003532 <y64_x32+0x16>
1000352e:	0112      	lsls	r2, r2, #4
10003530:	3504      	adds	r5, #4
10003532:	0f94      	lsrs	r4, r2, #30
10003534:	d101      	bne.n	1000353a <y64_x32+0x1e>
10003536:	0092      	lsls	r2, r2, #2
10003538:	3502      	adds	r5, #2
1000353a:	0fd4      	lsrs	r4, r2, #31
1000353c:	d101      	bne.n	10003542 <y64_x32+0x26>
1000353e:	0052      	lsls	r2, r2, #1
10003540:	3501      	adds	r5, #1
10003542:	0bd4      	lsrs	r4, r2, #15
10003544:	3401      	adds	r4, #1
10003546:	4f25      	ldr	r7, [pc, #148]	; (100035dc <y64_x32+0xc0>)
10003548:	667c      	str	r4, [r7, #100]	; 0x64
1000354a:	4c25      	ldr	r4, [pc, #148]	; (100035e0 <y64_x32+0xc4>)
1000354c:	663c      	str	r4, [r7, #96]	; 0x60
1000354e:	0c0e      	lsrs	r6, r1, #16
10003550:	b293      	uxth	r3, r2
10003552:	e7ff      	b.n	10003554 <y64_x32+0x38>
10003554:	e7ff      	b.n	10003556 <y64_x32+0x3a>
10003556:	e7ff      	b.n	10003558 <y64_x32+0x3c>
10003558:	6f3c      	ldr	r4, [r7, #112]	; 0x70
1000355a:	4366      	muls	r6, r4
1000355c:	0c36      	lsrs	r6, r6, #16
1000355e:	0377      	lsls	r7, r6, #13
10003560:	46be      	mov	lr, r7
10003562:	4373      	muls	r3, r6
10003564:	0bdf      	lsrs	r7, r3, #15
10003566:	045b      	lsls	r3, r3, #17
10003568:	1ac0      	subs	r0, r0, r3
1000356a:	41b9      	sbcs	r1, r7
1000356c:	0c13      	lsrs	r3, r2, #16
1000356e:	4373      	muls	r3, r6
10003570:	18db      	adds	r3, r3, r3
10003572:	1ac9      	subs	r1, r1, r3
10003574:	08ce      	lsrs	r6, r1, #3
10003576:	4366      	muls	r6, r4
10003578:	0c36      	lsrs	r6, r6, #16
1000357a:	44b6      	add	lr, r6
1000357c:	b293      	uxth	r3, r2
1000357e:	4373      	muls	r3, r6
10003580:	0f1f      	lsrs	r7, r3, #28
10003582:	011b      	lsls	r3, r3, #4
10003584:	1ac0      	subs	r0, r0, r3
10003586:	41b9      	sbcs	r1, r7
10003588:	0c13      	lsrs	r3, r2, #16
1000358a:	4373      	muls	r3, r6
1000358c:	0b1f      	lsrs	r7, r3, #12
1000358e:	051b      	lsls	r3, r3, #20
10003590:	1ac0      	subs	r0, r0, r3
10003592:	41b9      	sbcs	r1, r7
10003594:	0d86      	lsrs	r6, r0, #22
10003596:	028f      	lsls	r7, r1, #10
10003598:	433e      	orrs	r6, r7
1000359a:	4366      	muls	r6, r4
1000359c:	0c36      	lsrs	r6, r6, #16
1000359e:	2d09      	cmp	r5, #9
100035a0:	db24      	blt.n	100035ec <last0>
100035a2:	0a52      	lsrs	r2, r2, #9
100035a4:	4372      	muls	r2, r6
100035a6:	1a80      	subs	r0, r0, r2
100035a8:	0377      	lsls	r7, r6, #13
100035aa:	0a46      	lsrs	r6, r0, #9
100035ac:	4366      	muls	r6, r4
100035ae:	0c36      	lsrs	r6, r6, #16
100035b0:	2316      	movs	r3, #22
100035b2:	1b5b      	subs	r3, r3, r5
100035b4:	40de      	lsrs	r6, r3
100035b6:	40df      	lsrs	r7, r3
100035b8:	19bf      	adds	r7, r7, r6
100035ba:	4664      	mov	r4, ip
100035bc:	4366      	muls	r6, r4
100035be:	1b82      	subs	r2, r0, r6
100035c0:	4670      	mov	r0, lr
100035c2:	3504      	adds	r5, #4
100035c4:	3306      	adds	r3, #6
100035c6:	0001      	movs	r1, r0
100035c8:	40d9      	lsrs	r1, r3
100035ca:	40a8      	lsls	r0, r5
100035cc:	19c0      	adds	r0, r0, r7
100035ce:	d300      	bcc.n	100035d2 <y64_x32+0xb6>
100035d0:	3101      	adds	r1, #1
100035d2:	42a2      	cmp	r2, r4
100035d4:	d206      	bcs.n	100035e4 <y64_x32+0xc8>
100035d6:	2300      	movs	r3, #0
100035d8:	bdf0      	pop	{r4, r5, r6, r7, pc}
100035da:	0000      	.short	0x0000
100035dc:	d0000000 	.word	0xd0000000
100035e0:	ffffffff 	.word	0xffffffff
100035e4:	1b12      	subs	r2, r2, r4
100035e6:	3001      	adds	r0, #1
100035e8:	d3f3      	bcc.n	100035d2 <y64_x32+0xb6>
100035ea:	e7f1      	b.n	100035d0 <y64_x32+0xb4>

100035ec <last0>:
100035ec:	2709      	movs	r7, #9
100035ee:	1b7f      	subs	r7, r7, r5
100035f0:	40fe      	lsrs	r6, r7
100035f2:	4664      	mov	r4, ip
100035f4:	b2a2      	uxth	r2, r4
100035f6:	4372      	muls	r2, r6
100035f8:	1a80      	subs	r0, r0, r2
100035fa:	d200      	bcs.n	100035fe <last0+0x12>
100035fc:	3901      	subs	r1, #1
100035fe:	0c22      	lsrs	r2, r4, #16
10003600:	4372      	muls	r2, r6
10003602:	0c13      	lsrs	r3, r2, #16
10003604:	0412      	lsls	r2, r2, #16
10003606:	1a82      	subs	r2, r0, r2
10003608:	4199      	sbcs	r1, r3
1000360a:	000b      	movs	r3, r1
1000360c:	4670      	mov	r0, lr
1000360e:	3504      	adds	r5, #4
10003610:	3713      	adds	r7, #19
10003612:	0001      	movs	r1, r0
10003614:	40f9      	lsrs	r1, r7
10003616:	40a8      	lsls	r0, r5
10003618:	1980      	adds	r0, r0, r6
1000361a:	d300      	bcc.n	1000361e <last0+0x32>
1000361c:	3101      	adds	r1, #1
1000361e:	2b00      	cmp	r3, #0
10003620:	d102      	bne.n	10003628 <last0+0x3c>
10003622:	42a2      	cmp	r2, r4
10003624:	d20a      	bcs.n	1000363c <last0+0x50>
10003626:	bdf0      	pop	{r4, r5, r6, r7, pc}
10003628:	3001      	adds	r0, #1
1000362a:	d300      	bcc.n	1000362e <last0+0x42>
1000362c:	3101      	adds	r1, #1
1000362e:	1b12      	subs	r2, r2, r4
10003630:	d2fa      	bcs.n	10003628 <last0+0x3c>
10003632:	3b01      	subs	r3, #1
10003634:	d1f8      	bne.n	10003628 <last0+0x3c>
10003636:	42a2      	cmp	r2, r4
10003638:	d200      	bcs.n	1000363c <last0+0x50>
1000363a:	bdf0      	pop	{r4, r5, r6, r7, pc}
1000363c:	3001      	adds	r0, #1
1000363e:	d300      	bcc.n	10003642 <last0+0x56>
10003640:	3101      	adds	r1, #1
10003642:	1b12      	subs	r2, r2, r4
10003644:	e7f7      	b.n	10003636 <last0+0x4a>

10003646 <y64_x48>:
10003646:	b5f0      	push	{r4, r5, r6, r7, lr}
10003648:	0c1c      	lsrs	r4, r3, #16
1000364a:	d000      	beq.n	1000364e <y64_x48+0x8>
1000364c:	e080      	b.n	10003750 <y64_x64>
1000364e:	b40c      	push	{r2, r3}
10003650:	2500      	movs	r5, #0
10003652:	0a1c      	lsrs	r4, r3, #8
10003654:	d104      	bne.n	10003660 <y64_x48+0x1a>
10003656:	021b      	lsls	r3, r3, #8
10003658:	0e16      	lsrs	r6, r2, #24
1000365a:	4333      	orrs	r3, r6
1000365c:	0212      	lsls	r2, r2, #8
1000365e:	3508      	adds	r5, #8
10003660:	0b1c      	lsrs	r4, r3, #12
10003662:	d104      	bne.n	1000366e <y64_x48+0x28>
10003664:	011b      	lsls	r3, r3, #4
10003666:	0f16      	lsrs	r6, r2, #28
10003668:	4333      	orrs	r3, r6
1000366a:	0112      	lsls	r2, r2, #4
1000366c:	3504      	adds	r5, #4
1000366e:	0b9c      	lsrs	r4, r3, #14
10003670:	d104      	bne.n	1000367c <y64_x48+0x36>
10003672:	009b      	lsls	r3, r3, #2
10003674:	0f96      	lsrs	r6, r2, #30
10003676:	4333      	orrs	r3, r6
10003678:	0092      	lsls	r2, r2, #2
1000367a:	3502      	adds	r5, #2
1000367c:	0bdc      	lsrs	r4, r3, #15
1000367e:	d102      	bne.n	10003686 <y64_x48+0x40>
10003680:	1892      	adds	r2, r2, r2
10003682:	415b      	adcs	r3, r3
10003684:	3501      	adds	r5, #1
10003686:	001c      	movs	r4, r3
10003688:	1897      	adds	r7, r2, r2
1000368a:	4164      	adcs	r4, r4
1000368c:	3401      	adds	r4, #1
1000368e:	4f46      	ldr	r7, [pc, #280]	; (100037a8 <y64_x64+0x58>)
10003690:	667c      	str	r4, [r7, #100]	; 0x64
10003692:	4c46      	ldr	r4, [pc, #280]	; (100037ac <y64_x64+0x5c>)
10003694:	663c      	str	r4, [r7, #96]	; 0x60
10003696:	0c0e      	lsrs	r6, r1, #16
10003698:	e7ff      	b.n	1000369a <y64_x48+0x54>
1000369a:	e7ff      	b.n	1000369c <y64_x48+0x56>
1000369c:	e7ff      	b.n	1000369e <y64_x48+0x58>
1000369e:	46c0      	nop			; (mov r8, r8)
100036a0:	6f3c      	ldr	r4, [r7, #112]	; 0x70
100036a2:	4366      	muls	r6, r4
100036a4:	0c36      	lsrs	r6, r6, #16
100036a6:	0377      	lsls	r7, r6, #13
100036a8:	46be      	mov	lr, r7
100036aa:	b297      	uxth	r7, r2
100036ac:	4377      	muls	r7, r6
100036ae:	1bc0      	subs	r0, r0, r7
100036b0:	d200      	bcs.n	100036b4 <y64_x48+0x6e>
100036b2:	3901      	subs	r1, #1
100036b4:	1bc0      	subs	r0, r0, r7
100036b6:	d200      	bcs.n	100036ba <y64_x48+0x74>
100036b8:	3901      	subs	r1, #1
100036ba:	b29f      	uxth	r7, r3
100036bc:	4377      	muls	r7, r6
100036be:	1bc9      	subs	r1, r1, r7
100036c0:	1bc9      	subs	r1, r1, r7
100036c2:	0c17      	lsrs	r7, r2, #16
100036c4:	4377      	muls	r7, r6
100036c6:	047e      	lsls	r6, r7, #17
100036c8:	0bff      	lsrs	r7, r7, #15
100036ca:	1b80      	subs	r0, r0, r6
100036cc:	41b9      	sbcs	r1, r7
100036ce:	08ce      	lsrs	r6, r1, #3
100036d0:	4366      	muls	r6, r4
100036d2:	0c36      	lsrs	r6, r6, #16
100036d4:	2d0c      	cmp	r5, #12
100036d6:	db33      	blt.n	10003740 <last1>
100036d8:	44b6      	add	lr, r6
100036da:	0b12      	lsrs	r2, r2, #12
100036dc:	051f      	lsls	r7, r3, #20
100036de:	433a      	orrs	r2, r7
100036e0:	0b1b      	lsrs	r3, r3, #12
100036e2:	b297      	uxth	r7, r2
100036e4:	4377      	muls	r7, r6
100036e6:	1bc0      	subs	r0, r0, r7
100036e8:	d200      	bcs.n	100036ec <y64_x48+0xa6>
100036ea:	3901      	subs	r1, #1
100036ec:	b29f      	uxth	r7, r3
100036ee:	4377      	muls	r7, r6
100036f0:	1bc9      	subs	r1, r1, r7
100036f2:	0c17      	lsrs	r7, r2, #16
100036f4:	4377      	muls	r7, r6
100036f6:	043e      	lsls	r6, r7, #16
100036f8:	0c3f      	lsrs	r7, r7, #16
100036fa:	1b80      	subs	r0, r0, r6
100036fc:	41b9      	sbcs	r1, r7
100036fe:	0d86      	lsrs	r6, r0, #22
10003700:	028f      	lsls	r7, r1, #10
10003702:	433e      	orrs	r6, r7
10003704:	4366      	muls	r6, r4
10003706:	2729      	movs	r7, #41	; 0x29
10003708:	1b7f      	subs	r7, r7, r5
1000370a:	40fe      	lsrs	r6, r7
1000370c:	3d0c      	subs	r5, #12
1000370e:	4677      	mov	r7, lr
10003710:	40af      	lsls	r7, r5
10003712:	19bf      	adds	r7, r7, r6
10003714:	bc30      	pop	{r4, r5}
10003716:	b2a2      	uxth	r2, r4
10003718:	b2ab      	uxth	r3, r5
1000371a:	4372      	muls	r2, r6
1000371c:	4373      	muls	r3, r6
1000371e:	1a80      	subs	r0, r0, r2
10003720:	4199      	sbcs	r1, r3
10003722:	0c22      	lsrs	r2, r4, #16
10003724:	4372      	muls	r2, r6
10003726:	0c13      	lsrs	r3, r2, #16
10003728:	0412      	lsls	r2, r2, #16
1000372a:	1a80      	subs	r0, r0, r2
1000372c:	4199      	sbcs	r1, r3
1000372e:	0002      	movs	r2, r0
10003730:	000b      	movs	r3, r1
10003732:	3701      	adds	r7, #1
10003734:	1b00      	subs	r0, r0, r4
10003736:	41a9      	sbcs	r1, r5
10003738:	d2f9      	bcs.n	1000372e <y64_x48+0xe8>
1000373a:	1e78      	subs	r0, r7, #1
1000373c:	2100      	movs	r1, #0
1000373e:	bdf0      	pop	{r4, r5, r6, r7, pc}

10003740 <last1>:
10003740:	270c      	movs	r7, #12
10003742:	1b7f      	subs	r7, r7, r5
10003744:	40fe      	lsrs	r6, r7
10003746:	4677      	mov	r7, lr
10003748:	0b7f      	lsrs	r7, r7, #13
1000374a:	40af      	lsls	r7, r5
1000374c:	19ff      	adds	r7, r7, r7
1000374e:	e7e0      	b.n	10003712 <y64_x48+0xcc>

10003750 <y64_x64>:
10003750:	2400      	movs	r4, #0
10003752:	1c5d      	adds	r5, r3, #1
10003754:	d007      	beq.n	10003766 <y64_x64+0x16>
10003756:	4f14      	ldr	r7, [pc, #80]	; (100037a8 <y64_x64+0x58>)
10003758:	667d      	str	r5, [r7, #100]	; 0x64
1000375a:	6639      	str	r1, [r7, #96]	; 0x60
1000375c:	e7ff      	b.n	1000375e <y64_x64+0xe>
1000375e:	e7ff      	b.n	10003760 <y64_x64+0x10>
10003760:	e7ff      	b.n	10003762 <y64_x64+0x12>
10003762:	e7ff      	b.n	10003764 <y64_x64+0x14>
10003764:	6f3c      	ldr	r4, [r7, #112]	; 0x70
10003766:	b295      	uxth	r5, r2
10003768:	b29e      	uxth	r6, r3
1000376a:	4365      	muls	r5, r4
1000376c:	4366      	muls	r6, r4
1000376e:	1b40      	subs	r0, r0, r5
10003770:	41b1      	sbcs	r1, r6
10003772:	0c15      	lsrs	r5, r2, #16
10003774:	0c1e      	lsrs	r6, r3, #16
10003776:	4365      	muls	r5, r4
10003778:	4366      	muls	r6, r4
1000377a:	0436      	lsls	r6, r6, #16
1000377c:	0c2f      	lsrs	r7, r5, #16
1000377e:	433e      	orrs	r6, r7
10003780:	042d      	lsls	r5, r5, #16
10003782:	1b40      	subs	r0, r0, r5
10003784:	41b1      	sbcs	r1, r6
10003786:	4299      	cmp	r1, r3
10003788:	d204      	bcs.n	10003794 <y64_x64+0x44>
1000378a:	0002      	movs	r2, r0
1000378c:	000b      	movs	r3, r1
1000378e:	0020      	movs	r0, r4
10003790:	2100      	movs	r1, #0
10003792:	bdf0      	pop	{r4, r5, r6, r7, pc}
10003794:	d101      	bne.n	1000379a <y64_x64+0x4a>
10003796:	4290      	cmp	r0, r2
10003798:	d3f7      	bcc.n	1000378a <y64_x64+0x3a>
1000379a:	1a80      	subs	r0, r0, r2
1000379c:	4199      	sbcs	r1, r3
1000379e:	3401      	adds	r4, #1
100037a0:	4299      	cmp	r1, r3
100037a2:	d3f2      	bcc.n	1000378a <y64_x64+0x3a>
100037a4:	e7f6      	b.n	10003794 <y64_x64+0x44>
100037a6:	0000      	.short	0x0000
100037a8:	d0000000 	.word	0xd0000000
100037ac:	ffffffff 	.word	0xffffffff

100037b0 <__wrap___aeabi_drsub>:
100037b0:	4048      	eors	r0, r1
100037b2:	4041      	eors	r1, r0
100037b4:	4048      	eors	r0, r1

100037b6 <__wrap___aeabi_dsub>:
100037b6:	b418      	push	{r3, r4}
100037b8:	4b1b      	ldr	r3, [pc, #108]	; (10003828 <__wrap___aeabi_dmul+0x12>)
100037ba:	685b      	ldr	r3, [r3, #4]
100037bc:	46fc      	mov	ip, pc
100037be:	9301      	str	r3, [sp, #4]
100037c0:	bd08      	pop	{r3, pc}
100037c2:	df04      	.short	0xdf04
100037c4:	10003a8b 	.word	0x10003a8b

100037c8 <__wrap___aeabi_dadd>:
100037c8:	b418      	push	{r3, r4}
100037ca:	4b17      	ldr	r3, [pc, #92]	; (10003828 <__wrap___aeabi_dmul+0x12>)
100037cc:	681b      	ldr	r3, [r3, #0]
100037ce:	46fc      	mov	ip, pc
100037d0:	9301      	str	r3, [sp, #4]
100037d2:	bd08      	pop	{r3, pc}
100037d4:	3a95df00 	.word	0x3a95df00
100037d8:	1000      	.short	0x1000

100037da <__wrap___aeabi_ddiv>:
100037da:	4694      	mov	ip, r2
100037dc:	4a13      	ldr	r2, [pc, #76]	; (1000382c <__wrap___aeabi_dmul+0x16>)
100037de:	6f92      	ldr	r2, [r2, #120]	; 0x78
100037e0:	0892      	lsrs	r2, r2, #2
100037e2:	d209      	bcs.n	100037f8 <ddiv_save_state>
100037e4:	4662      	mov	r2, ip

100037e6 <ddiv_shim_call>:
100037e6:	b418      	push	{r3, r4}
100037e8:	4b0f      	ldr	r3, [pc, #60]	; (10003828 <__wrap___aeabi_dmul+0x12>)
100037ea:	68db      	ldr	r3, [r3, #12]
100037ec:	46fc      	mov	ip, pc
100037ee:	9301      	str	r3, [sp, #4]
100037f0:	bd08      	pop	{r3, pc}
100037f2:	df0c      	.short	0xdf0c
100037f4:	10003d4d 	.word	0x10003d4d

100037f8 <ddiv_save_state>:
100037f8:	4a0c      	ldr	r2, [pc, #48]	; (1000382c <__wrap___aeabi_dmul+0x16>)
100037fa:	b5f0      	push	{r4, r5, r6, r7, lr}
100037fc:	6e14      	ldr	r4, [r2, #96]	; 0x60
100037fe:	6e55      	ldr	r5, [r2, #100]	; 0x64
10003800:	6f57      	ldr	r7, [r2, #116]	; 0x74
10003802:	6f16      	ldr	r6, [r2, #112]	; 0x70
10003804:	4662      	mov	r2, ip
10003806:	f7ff ffee 	bl	100037e6 <ddiv_shim_call>
1000380a:	4a08      	ldr	r2, [pc, #32]	; (1000382c <__wrap___aeabi_dmul+0x16>)
1000380c:	6614      	str	r4, [r2, #96]	; 0x60
1000380e:	6655      	str	r5, [r2, #100]	; 0x64
10003810:	6757      	str	r7, [r2, #116]	; 0x74
10003812:	6716      	str	r6, [r2, #112]	; 0x70
10003814:	bdf0      	pop	{r4, r5, r6, r7, pc}

10003816 <__wrap___aeabi_dmul>:
10003816:	b418      	push	{r3, r4}
10003818:	4b03      	ldr	r3, [pc, #12]	; (10003828 <__wrap___aeabi_dmul+0x12>)
1000381a:	689b      	ldr	r3, [r3, #8]
1000381c:	46fc      	mov	ip, pc
1000381e:	9301      	str	r3, [sp, #4]
10003820:	bd08      	pop	{r3, pc}
10003822:	df08      	.short	0xdf08
10003824:	10003bf1 	.word	0x10003bf1
10003828:	20000fe4 	.word	0x20000fe4
1000382c:	d0000000 	.word	0xd0000000

10003830 <__wrap___aeabi_cdrcmple>:
10003830:	b5ff      	push	{r0, r1, r2, r3, r4, r5, r6, r7, lr}
10003832:	4050      	eors	r0, r2
10003834:	4042      	eors	r2, r0
10003836:	4050      	eors	r0, r2
10003838:	4059      	eors	r1, r3
1000383a:	404b      	eors	r3, r1
1000383c:	4059      	eors	r1, r3
1000383e:	e000      	b.n	10003842 <__aeabi_dfcmple_guts>

10003840 <__wrap___aeabi_cdcmpeq>:
10003840:	b5ff      	push	{r0, r1, r2, r3, r4, r5, r6, r7, lr}

10003842 <__aeabi_dfcmple_guts>:
10003842:	4f15      	ldr	r7, [pc, #84]	; (10003898 <__aeabi_dfcmple_guts+0x56>)
10003844:	004c      	lsls	r4, r1, #1
10003846:	0d64      	lsrs	r4, r4, #21
10003848:	d003      	beq.n	10003852 <__aeabi_dfcmple_guts+0x10>
1000384a:	42bc      	cmp	r4, r7
1000384c:	d104      	bne.n	10003858 <__aeabi_dfcmple_guts+0x16>
1000384e:	030c      	lsls	r4, r1, #12
10003850:	d814      	bhi.n	1000387c <__aeabi_dfcmple_guts+0x3a>
10003852:	2000      	movs	r0, #0
10003854:	0d09      	lsrs	r1, r1, #20
10003856:	0509      	lsls	r1, r1, #20
10003858:	005c      	lsls	r4, r3, #1
1000385a:	0d64      	lsrs	r4, r4, #21
1000385c:	d003      	beq.n	10003866 <__aeabi_dfcmple_guts+0x24>
1000385e:	42bc      	cmp	r4, r7
10003860:	d104      	bne.n	1000386c <__aeabi_dfcmple_guts+0x2a>
10003862:	031c      	lsls	r4, r3, #12
10003864:	d80a      	bhi.n	1000387c <__aeabi_dfcmple_guts+0x3a>
10003866:	2200      	movs	r2, #0
10003868:	0d1b      	lsrs	r3, r3, #20
1000386a:	051b      	lsls	r3, r3, #20
1000386c:	2601      	movs	r6, #1
1000386e:	404b      	eors	r3, r1
10003870:	d409      	bmi.n	10003886 <__aeabi_dfcmple_guts+0x44>
10003872:	404b      	eors	r3, r1
10003874:	d503      	bpl.n	1000387e <__aeabi_dfcmple_guts+0x3c>
10003876:	428b      	cmp	r3, r1
10003878:	d100      	bne.n	1000387c <__aeabi_dfcmple_guts+0x3a>
1000387a:	4282      	cmp	r2, r0
1000387c:	bdff      	pop	{r0, r1, r2, r3, r4, r5, r6, r7, pc}
1000387e:	4299      	cmp	r1, r3
10003880:	d1fc      	bne.n	1000387c <__aeabi_dfcmple_guts+0x3a>
10003882:	4290      	cmp	r0, r2
10003884:	bdff      	pop	{r0, r1, r2, r3, r4, r5, r6, r7, pc}
10003886:	430b      	orrs	r3, r1
10003888:	18db      	adds	r3, r3, r3
1000388a:	4303      	orrs	r3, r0
1000388c:	4313      	orrs	r3, r2
1000388e:	d0f5      	beq.n	1000387c <__aeabi_dfcmple_guts+0x3a>
10003890:	43c9      	mvns	r1, r1
10003892:	1849      	adds	r1, r1, r1
10003894:	bdff      	pop	{r0, r1, r2, r3, r4, r5, r6, r7, pc}
10003896:	0000      	.short	0x0000
10003898:	000007ff 	.word	0x000007ff

1000389c <__wrap___aeabi_dcmplt>:
1000389c:	b500      	push	{lr}
1000389e:	f7ff ffcf 	bl	10003840 <__wrap___aeabi_cdcmpeq>
100038a2:	4180      	sbcs	r0, r0
100038a4:	bd00      	pop	{pc}
100038a6:	46c0      	nop			; (mov r8, r8)

100038a8 <__wrap___aeabi_dcmple>:
100038a8:	b500      	push	{lr}
100038aa:	f7ff ffc9 	bl	10003840 <__wrap___aeabi_cdcmpeq>
100038ae:	d901      	bls.n	100038b4 <__wrap___aeabi_dcmple+0xc>
100038b0:	2000      	movs	r0, #0
100038b2:	bd00      	pop	{pc}
100038b4:	2001      	movs	r0, #1
100038b6:	bd00      	pop	{pc}

100038b8 <__wrap___aeabi_dcmpge>:
100038b8:	b500      	push	{lr}
100038ba:	f7ff ffb9 	bl	10003830 <__wrap___aeabi_cdrcmple>
100038be:	d901      	bls.n	100038c4 <__wrap___aeabi_dcmpge+0xc>
100038c0:	2000      	movs	r0, #0
100038c2:	bd00      	pop	{pc}
100038c4:	2001      	movs	r0, #1
100038c6:	bd00      	pop	{pc}

100038c8 <__wrap___aeabi_dcmpgt>:
100038c8:	b500      	push	{lr}
100038ca:	f7ff ffb1 	bl	10003830 <__wrap___aeabi_cdrcmple>
100038ce:	4180      	sbcs	r0, r0
100038d0:	bd00      	pop	{pc}

100038d2 <__wrap___aeabi_dcmpun>:
100038d2:	2001      	movs	r0, #1
100038d4:	0540      	lsls	r0, r0, #21
100038d6:	004a      	lsls	r2, r1, #1
100038d8:	1812      	adds	r2, r2, r0
100038da:	d804      	bhi.n	100038e6 <__wrap___aeabi_dcmpun+0x14>
100038dc:	005a      	lsls	r2, r3, #1
100038de:	1812      	adds	r2, r2, r0
100038e0:	d801      	bhi.n	100038e6 <__wrap___aeabi_dcmpun+0x14>
100038e2:	2000      	movs	r0, #0
100038e4:	4770      	bx	lr
100038e6:	2001      	movs	r0, #1
100038e8:	4770      	bx	lr
100038ea:	2000      	movs	r0, #0
100038ec:	4770      	bx	lr
	...

100038f0 <__wrap___aeabi_ui2d>:
100038f0:	2100      	movs	r1, #0
100038f2:	2800      	cmp	r0, #0
100038f4:	d105      	bne.n	10003902 <__wrap___aeabi_i2d+0xa>
100038f6:	4770      	bx	lr

100038f8 <__wrap___aeabi_i2d>:
100038f8:	17c1      	asrs	r1, r0, #31
100038fa:	4048      	eors	r0, r1
100038fc:	1a40      	subs	r0, r0, r1
100038fe:	d0fa      	beq.n	100038f6 <__wrap___aeabi_ui2d+0x6>
10003900:	07c9      	lsls	r1, r1, #31
10003902:	b513      	push	{r0, r1, r4, lr}
10003904:	4b06      	ldr	r3, [pc, #24]	; (10003920 <__wrap___aeabi_i2d+0x28>)
10003906:	681b      	ldr	r3, [r3, #0]
10003908:	4798      	blx	r3
1000390a:	bc0c      	pop	{r2, r3}
1000390c:	1c44      	adds	r4, r0, #1
1000390e:	40a2      	lsls	r2, r4
10003910:	0510      	lsls	r0, r2, #20
10003912:	0b12      	lsrs	r2, r2, #12
10003914:	4903      	ldr	r1, [pc, #12]	; (10003924 <__wrap___aeabi_i2d+0x2c>)
10003916:	1b09      	subs	r1, r1, r4
10003918:	0509      	lsls	r1, r1, #20
1000391a:	4319      	orrs	r1, r3
1000391c:	4311      	orrs	r1, r2
1000391e:	bd10      	pop	{r4, pc}
10003920:	20000fa4 	.word	0x20000fa4
10003924:	0000041f 	.word	0x0000041f

10003928 <__wrap___aeabi_d2iz>:
10003928:	b510      	push	{r4, lr}
1000392a:	004c      	lsls	r4, r1, #1
1000392c:	0d62      	lsrs	r2, r4, #21
1000392e:	2380      	movs	r3, #128	; 0x80
10003930:	18d2      	adds	r2, r2, r3
10003932:	00db      	lsls	r3, r3, #3
10003934:	1ad2      	subs	r2, r2, r3
10003936:	055b      	lsls	r3, r3, #21
10003938:	2a7e      	cmp	r2, #126	; 0x7e
1000393a:	dd10      	ble.n	1000395e <__wrap___aeabi_d2iz+0x36>
1000393c:	3a9e      	subs	r2, #158	; 0x9e
1000393e:	da13      	bge.n	10003968 <__wrap___aeabi_d2iz+0x40>
10003940:	17cc      	asrs	r4, r1, #31
10003942:	0309      	lsls	r1, r1, #12
10003944:	0849      	lsrs	r1, r1, #1
10003946:	4319      	orrs	r1, r3
10003948:	4252      	negs	r2, r2
1000394a:	40d1      	lsrs	r1, r2
1000394c:	0064      	lsls	r4, r4, #1
1000394e:	3401      	adds	r4, #1
10003950:	3215      	adds	r2, #21
10003952:	2a20      	cmp	r2, #32
10003954:	da05      	bge.n	10003962 <__wrap___aeabi_d2iz+0x3a>
10003956:	40d0      	lsrs	r0, r2
10003958:	4308      	orrs	r0, r1
1000395a:	4360      	muls	r0, r4
1000395c:	bd10      	pop	{r4, pc}
1000395e:	2000      	movs	r0, #0
10003960:	bd10      	pop	{r4, pc}
10003962:	4608      	mov	r0, r1
10003964:	4360      	muls	r0, r4
10003966:	bd10      	pop	{r4, pc}
10003968:	0fc8      	lsrs	r0, r1, #31
1000396a:	18c0      	adds	r0, r0, r3
1000396c:	3801      	subs	r0, #1
1000396e:	bd10      	pop	{r4, pc}

10003970 <__wrap___aeabi_d2uiz>:
10003970:	b418      	push	{r3, r4}
10003972:	4b04      	ldr	r3, [pc, #16]	; (10003984 <__wrap___aeabi_d2uiz+0x14>)
10003974:	6a5b      	ldr	r3, [r3, #36]	; 0x24
10003976:	46fc      	mov	ip, pc
10003978:	9301      	str	r3, [sp, #4]
1000397a:	bd08      	pop	{r3, pc}
1000397c:	3efddf24 	.word	0x3efddf24
10003980:	00001000 	.word	0x00001000
10003984:	20000fe4 	.word	0x20000fe4

10003988 <__aeabi_double_init>:
10003988:	b570      	push	{r4, r5, r6, lr}
1000398a:	2313      	movs	r3, #19
1000398c:	781c      	ldrb	r4, [r3, #0]
1000398e:	2c01      	cmp	r4, #1
10003990:	d00c      	beq.n	100039ac <__aeabi_double_init+0x24>
10003992:	2c01      	cmp	r4, #1
10003994:	dc13      	bgt.n	100039be <__aeabi_double_init+0x36>
10003996:	2c02      	cmp	r4, #2
10003998:	dc02      	bgt.n	100039a0 <__aeabi_double_init+0x18>
1000399a:	4a1f      	ldr	r2, [pc, #124]	; (10003a18 <__aeabi_double_init+0x90>)
1000399c:	4b1f      	ldr	r3, [pc, #124]	; (10003a1c <__aeabi_double_init+0x94>)
1000399e:	649a      	str	r2, [r3, #72]	; 0x48
100039a0:	481f      	ldr	r0, [pc, #124]	; (10003a20 <__aeabi_double_init+0x98>)
100039a2:	f7ff fc71 	bl	10003288 <rom_func_lookup>
100039a6:	4b1f      	ldr	r3, [pc, #124]	; (10003a24 <__aeabi_double_init+0x9c>)
100039a8:	6018      	str	r0, [r3, #0]
100039aa:	bd70      	pop	{r4, r5, r6, pc}
100039ac:	2300      	movs	r3, #0
100039ae:	2b1f      	cmp	r3, #31
100039b0:	d8ef      	bhi.n	10003992 <__aeabi_double_init+0xa>
100039b2:	0099      	lsls	r1, r3, #2
100039b4:	4818      	ldr	r0, [pc, #96]	; (10003a18 <__aeabi_double_init+0x90>)
100039b6:	4a19      	ldr	r2, [pc, #100]	; (10003a1c <__aeabi_double_init+0x94>)
100039b8:	5088      	str	r0, [r1, r2]
100039ba:	3301      	adds	r3, #1
100039bc:	e7f7      	b.n	100039ae <__aeabi_double_init+0x26>
100039be:	481a      	ldr	r0, [pc, #104]	; (10003a28 <__aeabi_double_init+0xa0>)
100039c0:	f7ff fc6a 	bl	10003298 <rom_data_lookup>
100039c4:	0005      	movs	r5, r0
100039c6:	4819      	ldr	r0, [pc, #100]	; (10003a2c <__aeabi_double_init+0xa4>)
100039c8:	f7ff fc66 	bl	10003298 <rom_data_lookup>
100039cc:	3802      	subs	r0, #2
100039ce:	7803      	ldrb	r3, [r0, #0]
100039d0:	009b      	lsls	r3, r3, #2
100039d2:	2b7f      	cmp	r3, #127	; 0x7f
100039d4:	dd19      	ble.n	10003a0a <__aeabi_double_init+0x82>
100039d6:	2280      	movs	r2, #128	; 0x80
100039d8:	0029      	movs	r1, r5
100039da:	4810      	ldr	r0, [pc, #64]	; (10003a1c <__aeabi_double_init+0x94>)
100039dc:	f000 fbac 	bl	10004138 <__wrap___aeabi_memcpy>
100039e0:	2c02      	cmp	r4, #2
100039e2:	d1d8      	bne.n	10003996 <__aeabi_double_init+0xe>
100039e4:	4b12      	ldr	r3, [pc, #72]	; (10003a30 <__aeabi_double_init+0xa8>)
100039e6:	881a      	ldrh	r2, [r3, #0]
100039e8:	23b5      	movs	r3, #181	; 0xb5
100039ea:	021b      	lsls	r3, r3, #8
100039ec:	429a      	cmp	r2, r3
100039ee:	d109      	bne.n	10003a04 <__aeabi_double_init+0x7c>
100039f0:	4b10      	ldr	r3, [pc, #64]	; (10003a34 <__aeabi_double_init+0xac>)
100039f2:	881a      	ldrh	r2, [r3, #0]
100039f4:	4b10      	ldr	r3, [pc, #64]	; (10003a38 <__aeabi_double_init+0xb0>)
100039f6:	429a      	cmp	r2, r3
100039f8:	d104      	bne.n	10003a04 <__aeabi_double_init+0x7c>
100039fa:	4b10      	ldr	r3, [pc, #64]	; (10003a3c <__aeabi_double_init+0xb4>)
100039fc:	881a      	ldrh	r2, [r3, #0]
100039fe:	4b10      	ldr	r3, [pc, #64]	; (10003a40 <__aeabi_double_init+0xb8>)
10003a00:	429a      	cmp	r2, r3
10003a02:	d0c8      	beq.n	10003996 <__aeabi_double_init+0xe>
10003a04:	2000      	movs	r0, #0
10003a06:	f7fe f987 	bl	10001d18 <panic>
10003a0a:	4b0e      	ldr	r3, [pc, #56]	; (10003a44 <__aeabi_double_init+0xbc>)
10003a0c:	4a0e      	ldr	r2, [pc, #56]	; (10003a48 <__aeabi_double_init+0xc0>)
10003a0e:	2132      	movs	r1, #50	; 0x32
10003a10:	480e      	ldr	r0, [pc, #56]	; (10003a4c <__aeabi_double_init+0xc4>)
10003a12:	f7fe f8e7 	bl	10001be4 <__assert_func>
10003a16:	46c0      	nop			; (mov r8, r8)
10003a18:	10003a51 	.word	0x10003a51
10003a1c:	20000fe4 	.word	0x20000fe4
10003a20:	0000334c 	.word	0x0000334c
10003a24:	20000fa4 	.word	0x20000fa4
10003a28:	00004453 	.word	0x00004453
10003a2c:	00004653 	.word	0x00004653
10003a30:	00003854 	.word	0x00003854
10003a34:	000038d8 	.word	0x000038d8
10003a38:	00004649 	.word	0x00004649
10003a3c:	0000389c 	.word	0x0000389c
10003a40:	00004659 	.word	0x00004659
10003a44:	10007df8 	.word	0x10007df8
10003a48:	10007ea4 	.word	0x10007ea4
10003a4c:	10007e58 	.word	0x10007e58

10003a50 <double_table_shim_on_use_helper>:
10003a50:	b507      	push	{r0, r1, r2, lr}
10003a52:	4660      	mov	r0, ip
10003a54:	2800      	cmp	r0, #0
10003a56:	d100      	bne.n	10003a5a <double_table_shim_on_use_helper+0xa>
10003a58:	be00      	bkpt	0x0000
10003a5a:	8801      	ldrh	r1, [r0, #0]
10003a5c:	0a0a      	lsrs	r2, r1, #8
10003a5e:	3002      	adds	r0, #2
10003a60:	2adf      	cmp	r2, #223	; 0xdf
10003a62:	d1fa      	bne.n	10003a5a <double_table_shim_on_use_helper+0xa>
10003a64:	b2c9      	uxtb	r1, r1
10003a66:	0882      	lsrs	r2, r0, #2
10003a68:	d304      	bcc.n	10003a74 <double_table_shim_on_use_helper+0x24>
10003a6a:	8802      	ldrh	r2, [r0, #0]
10003a6c:	8840      	ldrh	r0, [r0, #2]
10003a6e:	0400      	lsls	r0, r0, #16
10003a70:	4310      	orrs	r0, r2
10003a72:	e000      	b.n	10003a76 <double_table_shim_on_use_helper+0x26>
10003a74:	6800      	ldr	r0, [r0, #0]
10003a76:	4a02      	ldr	r2, [pc, #8]	; (10003a80 <double_table_shim_on_use_helper+0x30>)
10003a78:	5050      	str	r0, [r2, r1]
10003a7a:	9003      	str	r0, [sp, #12]
10003a7c:	bd07      	pop	{r0, r1, r2, pc}
10003a7e:	0000      	.short	0x0000
10003a80:	20000fe4 	.word	0x20000fe4

10003a84 <drsub_shim>:
10003a84:	b40f      	push	{r0, r1, r2, r3}
10003a86:	bc03      	pop	{r0, r1}
10003a88:	bc0c      	pop	{r2, r3}

10003a8a <dsub_shim>:
10003a8a:	b5f0      	push	{r4, r5, r6, r7, lr}
10003a8c:	2401      	movs	r4, #1
10003a8e:	07e4      	lsls	r4, r4, #31
10003a90:	4063      	eors	r3, r4
10003a92:	e000      	b.n	10003a96 <da_entry>

10003a94 <dadd_shim>:
10003a94:	b5f0      	push	{r4, r5, r6, r7, lr}

10003a96 <da_entry>:
10003a96:	0d0c      	lsrs	r4, r1, #20
10003a98:	0fcf      	lsrs	r7, r1, #31
10003a9a:	1e66      	subs	r6, r4, #1
10003a9c:	0536      	lsls	r6, r6, #20
10003a9e:	1b89      	subs	r1, r1, r6
10003aa0:	0564      	lsls	r4, r4, #21
10003aa2:	d303      	bcc.n	10003aac <l7_1>
10003aa4:	43c9      	mvns	r1, r1
10003aa6:	4240      	negs	r0, r0
10003aa8:	d300      	bcc.n	10003aac <l7_1>
10003aaa:	3101      	adds	r1, #1

10003aac <l7_1>:
10003aac:	0d64      	lsrs	r4, r4, #21
10003aae:	d003      	beq.n	10003ab8 <l7_2>
10003ab0:	1c66      	adds	r6, r4, #1
10003ab2:	0af6      	lsrs	r6, r6, #11
10003ab4:	d007      	beq.n	10003ac6 <l7_3>
10003ab6:	1be4      	subs	r4, r4, r7

10003ab8 <l7_2>:
10003ab8:	2000      	movs	r0, #0
10003aba:	007f      	lsls	r7, r7, #1
10003abc:	1c79      	adds	r1, r7, #1
10003abe:	0789      	lsls	r1, r1, #30
10003ac0:	1289      	asrs	r1, r1, #10
10003ac2:	3c80      	subs	r4, #128	; 0x80
10003ac4:	0324      	lsls	r4, r4, #12

10003ac6 <l7_3>:
10003ac6:	0d1d      	lsrs	r5, r3, #20
10003ac8:	0fdf      	lsrs	r7, r3, #31
10003aca:	1e6e      	subs	r6, r5, #1
10003acc:	0536      	lsls	r6, r6, #20
10003ace:	1b9b      	subs	r3, r3, r6
10003ad0:	056d      	lsls	r5, r5, #21
10003ad2:	d303      	bcc.n	10003adc <l8_1>
10003ad4:	43db      	mvns	r3, r3
10003ad6:	4252      	negs	r2, r2
10003ad8:	d300      	bcc.n	10003adc <l8_1>
10003ada:	3301      	adds	r3, #1

10003adc <l8_1>:
10003adc:	0d6d      	lsrs	r5, r5, #21
10003ade:	d003      	beq.n	10003ae8 <l8_2>
10003ae0:	1c6e      	adds	r6, r5, #1
10003ae2:	0af6      	lsrs	r6, r6, #11
10003ae4:	d007      	beq.n	10003af6 <l8_3>
10003ae6:	1bed      	subs	r5, r5, r7

10003ae8 <l8_2>:
10003ae8:	2200      	movs	r2, #0
10003aea:	007f      	lsls	r7, r7, #1
10003aec:	1c7b      	adds	r3, r7, #1
10003aee:	079b      	lsls	r3, r3, #30
10003af0:	129b      	asrs	r3, r3, #10
10003af2:	3d80      	subs	r5, #128	; 0x80
10003af4:	032d      	lsls	r5, r5, #12

10003af6 <l8_3>:
10003af6:	1b2f      	subs	r7, r5, r4
10003af8:	1b66      	subs	r6, r4, r5
10003afa:	d458      	bmi.n	10003bae <da_ygtx>
10003afc:	46a4      	mov	ip, r4
10003afe:	2e20      	cmp	r6, #32
10003b00:	da46      	bge.n	10003b90 <da_xrgty>
10003b02:	3720      	adds	r7, #32
10003b04:	0014      	movs	r4, r2
10003b06:	40bc      	lsls	r4, r7

10003b08 <da_xgty0>:
10003b08:	001d      	movs	r5, r3
10003b0a:	40bd      	lsls	r5, r7
10003b0c:	40f2      	lsrs	r2, r6
10003b0e:	4133      	asrs	r3, r6
10003b10:	432a      	orrs	r2, r5

10003b12 <da_add>:
10003b12:	1880      	adds	r0, r0, r2
10003b14:	4159      	adcs	r1, r3

10003b16 <da_pack>:
10003b16:	0fcb      	lsrs	r3, r1, #31
10003b18:	d005      	beq.n	10003b26 <da_pack+0x10>
10003b1a:	43c9      	mvns	r1, r1
10003b1c:	43c0      	mvns	r0, r0
10003b1e:	2200      	movs	r2, #0
10003b20:	4264      	negs	r4, r4
10003b22:	4150      	adcs	r0, r2
10003b24:	4151      	adcs	r1, r2
10003b26:	4662      	mov	r2, ip
10003b28:	0d4d      	lsrs	r5, r1, #21
10003b2a:	d128      	bne.n	10003b7e <da_0>
10003b2c:	0d0d      	lsrs	r5, r1, #20
10003b2e:	d107      	bne.n	10003b40 <da_1>
10003b30:	2800      	cmp	r0, #0
10003b32:	d01f      	beq.n	10003b74 <da_5>

10003b34 <da_2>:
10003b34:	1924      	adds	r4, r4, r4
10003b36:	4140      	adcs	r0, r0
10003b38:	4149      	adcs	r1, r1
10003b3a:	3a01      	subs	r2, #1
10003b3c:	0d0d      	lsrs	r5, r1, #20
10003b3e:	d0f9      	beq.n	10003b34 <da_2>

10003b40 <da_1>:
10003b40:	0064      	lsls	r4, r4, #1
10003b42:	d306      	bcc.n	10003b52 <da_3>

10003b44 <da_4>:
10003b44:	3001      	adds	r0, #1
10003b46:	d300      	bcc.n	10003b4a <da_4+0x6>
10003b48:	3101      	adds	r1, #1
10003b4a:	2c00      	cmp	r4, #0
10003b4c:	d101      	bne.n	10003b52 <da_3>
10003b4e:	0840      	lsrs	r0, r0, #1
10003b50:	0040      	lsls	r0, r0, #1

10003b52 <da_3>:
10003b52:	3a01      	subs	r2, #1
10003b54:	d40b      	bmi.n	10003b6e <da_6>
10003b56:	1c94      	adds	r4, r2, #2
10003b58:	0ae4      	lsrs	r4, r4, #11
10003b5a:	d104      	bne.n	10003b66 <da_7>
10003b5c:	0512      	lsls	r2, r2, #20
10003b5e:	4411      	add	r1, r2
10003b60:	07db      	lsls	r3, r3, #31
10003b62:	4419      	add	r1, r3
10003b64:	bdf0      	pop	{r4, r5, r6, r7, pc}

10003b66 <da_7>:
10003b66:	07d9      	lsls	r1, r3, #31
10003b68:	4b20      	ldr	r3, [pc, #128]	; (10003bec <da_xmgty+0x4>)
10003b6a:	4319      	orrs	r1, r3
10003b6c:	e000      	b.n	10003b70 <da_6+0x2>

10003b6e <da_6>:
10003b6e:	07d9      	lsls	r1, r3, #31
10003b70:	2000      	movs	r0, #0
10003b72:	bdf0      	pop	{r4, r5, r6, r7, pc}

10003b74 <da_5>:
10003b74:	2900      	cmp	r1, #0
10003b76:	d1dd      	bne.n	10003b34 <da_2>
10003b78:	2c00      	cmp	r4, #0
10003b7a:	d1db      	bne.n	10003b34 <da_2>
10003b7c:	bdf0      	pop	{r4, r5, r6, r7, pc}

10003b7e <da_0>:
10003b7e:	3201      	adds	r2, #1
10003b80:	07c6      	lsls	r6, r0, #31
10003b82:	0840      	lsrs	r0, r0, #1
10003b84:	07cd      	lsls	r5, r1, #31
10003b86:	4328      	orrs	r0, r5
10003b88:	0849      	lsrs	r1, r1, #1
10003b8a:	2e00      	cmp	r6, #0
10003b8c:	d0e1      	beq.n	10003b52 <da_3>
10003b8e:	e7d9      	b.n	10003b44 <da_4>

10003b90 <da_xrgty>:
10003b90:	2e3c      	cmp	r6, #60	; 0x3c
10003b92:	da29      	bge.n	10003be8 <da_xmgty>
10003b94:	3e20      	subs	r6, #32
10003b96:	3740      	adds	r7, #64	; 0x40
10003b98:	0014      	movs	r4, r2
10003b9a:	40bc      	lsls	r4, r7
10003b9c:	d000      	beq.n	10003ba0 <da_xrgty+0x10>
10003b9e:	2401      	movs	r4, #1
10003ba0:	40f2      	lsrs	r2, r6
10003ba2:	4314      	orrs	r4, r2
10003ba4:	001a      	movs	r2, r3
10003ba6:	40bb      	lsls	r3, r7
10003ba8:	431c      	orrs	r4, r3
10003baa:	17d3      	asrs	r3, r2, #31
10003bac:	e7ac      	b.n	10003b08 <da_xgty0>

10003bae <da_ygtx>:
10003bae:	46ac      	mov	ip, r5
10003bb0:	2f20      	cmp	r7, #32
10003bb2:	da08      	bge.n	10003bc6 <da_yrgtx>
10003bb4:	3620      	adds	r6, #32
10003bb6:	0004      	movs	r4, r0
10003bb8:	40b4      	lsls	r4, r6

10003bba <da_ygtx0>:
10003bba:	000d      	movs	r5, r1
10003bbc:	40b5      	lsls	r5, r6
10003bbe:	40f8      	lsrs	r0, r7
10003bc0:	4139      	asrs	r1, r7
10003bc2:	4328      	orrs	r0, r5
10003bc4:	e7a5      	b.n	10003b12 <da_add>

10003bc6 <da_yrgtx>:
10003bc6:	2f3c      	cmp	r7, #60	; 0x3c
10003bc8:	da0c      	bge.n	10003be4 <da_ymgtx>
10003bca:	3f20      	subs	r7, #32
10003bcc:	3640      	adds	r6, #64	; 0x40
10003bce:	0004      	movs	r4, r0
10003bd0:	40b4      	lsls	r4, r6
10003bd2:	d000      	beq.n	10003bd6 <da_yrgtx+0x10>
10003bd4:	2401      	movs	r4, #1
10003bd6:	40f8      	lsrs	r0, r7
10003bd8:	4304      	orrs	r4, r0
10003bda:	0008      	movs	r0, r1
10003bdc:	40b1      	lsls	r1, r6
10003bde:	430c      	orrs	r4, r1
10003be0:	17c1      	asrs	r1, r0, #31
10003be2:	e7ea      	b.n	10003bba <da_ygtx0>

10003be4 <da_ymgtx>:
10003be4:	0010      	movs	r0, r2
10003be6:	0019      	movs	r1, r3

10003be8 <da_xmgty>:
10003be8:	2400      	movs	r4, #0
10003bea:	e794      	b.n	10003b16 <da_pack>
10003bec:	7ff00000 	.word	0x7ff00000

10003bf0 <dmul_shim>:
10003bf0:	b5f0      	push	{r4, r5, r6, r7, lr}
10003bf2:	0d0c      	lsrs	r4, r1, #20
10003bf4:	1e66      	subs	r6, r4, #1
10003bf6:	0536      	lsls	r6, r6, #20
10003bf8:	1b89      	subs	r1, r1, r6
10003bfa:	0ae6      	lsrs	r6, r4, #11
10003bfc:	0564      	lsls	r4, r4, #21
10003bfe:	0d64      	lsrs	r4, r4, #21
10003c00:	d002      	beq.n	10003c08 <l11_1>
10003c02:	1c65      	adds	r5, r4, #1
10003c04:	0aed      	lsrs	r5, r5, #11
10003c06:	d004      	beq.n	10003c12 <l11_2>

10003c08 <l11_1>:
10003c08:	2000      	movs	r0, #0
10003c0a:	2101      	movs	r1, #1
10003c0c:	0509      	lsls	r1, r1, #20
10003c0e:	3c80      	subs	r4, #128	; 0x80
10003c10:	0324      	lsls	r4, r4, #12

10003c12 <l11_2>:
10003c12:	46a4      	mov	ip, r4
10003c14:	0d1c      	lsrs	r4, r3, #20
10003c16:	1e67      	subs	r7, r4, #1
10003c18:	053f      	lsls	r7, r7, #20
10003c1a:	1bdb      	subs	r3, r3, r7
10003c1c:	0ae7      	lsrs	r7, r4, #11
10003c1e:	0564      	lsls	r4, r4, #21
10003c20:	0d64      	lsrs	r4, r4, #21
10003c22:	d002      	beq.n	10003c2a <l12_1>
10003c24:	1c65      	adds	r5, r4, #1
10003c26:	0aed      	lsrs	r5, r5, #11
10003c28:	d004      	beq.n	10003c34 <l12_2>

10003c2a <l12_1>:
10003c2a:	2200      	movs	r2, #0
10003c2c:	2301      	movs	r3, #1
10003c2e:	051b      	lsls	r3, r3, #20
10003c30:	3c80      	subs	r4, #128	; 0x80
10003c32:	0324      	lsls	r4, r4, #12

10003c34 <l12_2>:
10003c34:	4077      	eors	r7, r6
10003c36:	4464      	add	r4, ip
10003c38:	b497      	push	{r0, r1, r2, r4, r7}
10003c3a:	b284      	uxth	r4, r0
10003c3c:	b296      	uxth	r6, r2
10003c3e:	4374      	muls	r4, r6
10003c40:	0c07      	lsrs	r7, r0, #16
10003c42:	437e      	muls	r6, r7
10003c44:	0c15      	lsrs	r5, r2, #16
10003c46:	436f      	muls	r7, r5
10003c48:	b280      	uxth	r0, r0
10003c4a:	4368      	muls	r0, r5
10003c4c:	1836      	adds	r6, r6, r0
10003c4e:	d302      	bcc.n	10003c56 <l13_1>
10003c50:	2001      	movs	r0, #1
10003c52:	0400      	lsls	r0, r0, #16
10003c54:	183f      	adds	r7, r7, r0

10003c56 <l13_1>:
10003c56:	0430      	lsls	r0, r6, #16
10003c58:	0c35      	lsrs	r5, r6, #16
10003c5a:	1900      	adds	r0, r0, r4
10003c5c:	417d      	adcs	r5, r7
10003c5e:	4684      	mov	ip, r0
10003c60:	b288      	uxth	r0, r1
10003c62:	b29a      	uxth	r2, r3
10003c64:	4350      	muls	r0, r2
10003c66:	0c0c      	lsrs	r4, r1, #16
10003c68:	4362      	muls	r2, r4
10003c6a:	0c1f      	lsrs	r7, r3, #16
10003c6c:	437c      	muls	r4, r7
10003c6e:	b28e      	uxth	r6, r1
10003c70:	437e      	muls	r6, r7
10003c72:	1992      	adds	r2, r2, r6
10003c74:	d302      	bcc.n	10003c7c <l14_1>
10003c76:	2601      	movs	r6, #1
10003c78:	0436      	lsls	r6, r6, #16
10003c7a:	19a4      	adds	r4, r4, r6

10003c7c <l14_1>:
10003c7c:	0416      	lsls	r6, r2, #16
10003c7e:	0c17      	lsrs	r7, r2, #16
10003c80:	1836      	adds	r6, r6, r0
10003c82:	4167      	adcs	r7, r4
10003c84:	bc01      	pop	{r0}
10003c86:	b281      	uxth	r1, r0
10003c88:	b29a      	uxth	r2, r3
10003c8a:	4351      	muls	r1, r2
10003c8c:	0c04      	lsrs	r4, r0, #16
10003c8e:	4362      	muls	r2, r4
10003c90:	0c1b      	lsrs	r3, r3, #16
10003c92:	435c      	muls	r4, r3
10003c94:	b280      	uxth	r0, r0
10003c96:	4358      	muls	r0, r3
10003c98:	1812      	adds	r2, r2, r0
10003c9a:	d302      	bcc.n	10003ca2 <l15_1>
10003c9c:	2001      	movs	r0, #1
10003c9e:	0400      	lsls	r0, r0, #16
10003ca0:	1824      	adds	r4, r4, r0

10003ca2 <l15_1>:
10003ca2:	0410      	lsls	r0, r2, #16
10003ca4:	0c13      	lsrs	r3, r2, #16
10003ca6:	1840      	adds	r0, r0, r1
10003ca8:	4163      	adcs	r3, r4
10003caa:	182d      	adds	r5, r5, r0
10003cac:	415e      	adcs	r6, r3
10003cae:	2000      	movs	r0, #0
10003cb0:	4147      	adcs	r7, r0
10003cb2:	bc06      	pop	{r1, r2}
10003cb4:	b288      	uxth	r0, r1
10003cb6:	b293      	uxth	r3, r2
10003cb8:	4358      	muls	r0, r3
10003cba:	0c0c      	lsrs	r4, r1, #16
10003cbc:	4363      	muls	r3, r4
10003cbe:	0c12      	lsrs	r2, r2, #16
10003cc0:	4354      	muls	r4, r2
10003cc2:	b289      	uxth	r1, r1
10003cc4:	4351      	muls	r1, r2
10003cc6:	185b      	adds	r3, r3, r1
10003cc8:	d302      	bcc.n	10003cd0 <l16_1>
10003cca:	2101      	movs	r1, #1
10003ccc:	0409      	lsls	r1, r1, #16
10003cce:	1864      	adds	r4, r4, r1

10003cd0 <l16_1>:
10003cd0:	0419      	lsls	r1, r3, #16
10003cd2:	0c1a      	lsrs	r2, r3, #16
10003cd4:	1809      	adds	r1, r1, r0
10003cd6:	4162      	adcs	r2, r4
10003cd8:	186d      	adds	r5, r5, r1
10003cda:	4156      	adcs	r6, r2
10003cdc:	2000      	movs	r0, #0
10003cde:	4147      	adcs	r7, r0
10003ce0:	bc18      	pop	{r3, r4}
10003ce2:	02f9      	lsls	r1, r7, #11
10003ce4:	0d72      	lsrs	r2, r6, #21
10003ce6:	4311      	orrs	r1, r2
10003ce8:	02f0      	lsls	r0, r6, #11
10003cea:	0d6a      	lsrs	r2, r5, #21
10003cec:	4310      	orrs	r0, r2
10003cee:	02ed      	lsls	r5, r5, #11
10003cf0:	0d0a      	lsrs	r2, r1, #20
10003cf2:	d103      	bne.n	10003cfc <l16_1+0x2c>
10003cf4:	196d      	adds	r5, r5, r5
10003cf6:	4140      	adcs	r0, r0
10003cf8:	4149      	adcs	r1, r1
10003cfa:	3b01      	subs	r3, #1
10003cfc:	4e12      	ldr	r6, [pc, #72]	; (10003d48 <dm_1+0xa>)
10003cfe:	1b9b      	subs	r3, r3, r6
10003d00:	0076      	lsls	r6, r6, #1
10003d02:	42b3      	cmp	r3, r6
10003d04:	d20e      	bcs.n	10003d24 <dm_0>
10003d06:	006d      	lsls	r5, r5, #1
10003d08:	d307      	bcc.n	10003d1a <l16_1+0x4a>
10003d0a:	3001      	adds	r0, #1
10003d0c:	2600      	movs	r6, #0
10003d0e:	4171      	adcs	r1, r6
10003d10:	4666      	mov	r6, ip
10003d12:	4335      	orrs	r5, r6
10003d14:	d101      	bne.n	10003d1a <l16_1+0x4a>
10003d16:	0840      	lsrs	r0, r0, #1
10003d18:	0040      	lsls	r0, r0, #1
10003d1a:	051b      	lsls	r3, r3, #20
10003d1c:	18c9      	adds	r1, r1, r3

10003d1e <dm_2>:
10003d1e:	07e4      	lsls	r4, r4, #31
10003d20:	4421      	add	r1, r4
10003d22:	bdf0      	pop	{r4, r5, r6, r7, pc}

10003d24 <dm_0>:
10003d24:	da0b      	bge.n	10003d3e <dm_1>
10003d26:	3301      	adds	r3, #1
10003d28:	d106      	bne.n	10003d38 <dm_0+0x14>
10003d2a:	3001      	adds	r0, #1
10003d2c:	d104      	bne.n	10003d38 <dm_0+0x14>
10003d2e:	3101      	adds	r1, #1
10003d30:	0d4f      	lsrs	r7, r1, #21
10003d32:	d001      	beq.n	10003d38 <dm_0+0x14>
10003d34:	0849      	lsrs	r1, r1, #1
10003d36:	e7f2      	b.n	10003d1e <dm_2>
10003d38:	07e1      	lsls	r1, r4, #31
10003d3a:	2000      	movs	r0, #0
10003d3c:	bdf0      	pop	{r4, r5, r6, r7, pc}

10003d3e <dm_1>:
10003d3e:	3601      	adds	r6, #1
10003d40:	0531      	lsls	r1, r6, #20
10003d42:	2000      	movs	r0, #0
10003d44:	e7eb      	b.n	10003d1e <dm_2>
10003d46:	0000      	.short	0x0000
10003d48:	000003ff 	.word	0x000003ff

10003d4c <ddiv_shim>:
10003d4c:	b5f0      	push	{r4, r5, r6, r7, lr}

10003d4e <ddiv0>:
10003d4e:	0d1c      	lsrs	r4, r3, #20
10003d50:	1e67      	subs	r7, r4, #1
10003d52:	053f      	lsls	r7, r7, #20
10003d54:	1bdb      	subs	r3, r3, r7
10003d56:	0ae7      	lsrs	r7, r4, #11
10003d58:	0564      	lsls	r4, r4, #21
10003d5a:	0d64      	lsrs	r4, r4, #21
10003d5c:	d002      	beq.n	10003d64 <l19_1>
10003d5e:	1c66      	adds	r6, r4, #1
10003d60:	0af6      	lsrs	r6, r6, #11
10003d62:	d004      	beq.n	10003d6e <l19_2>

10003d64 <l19_1>:
10003d64:	2200      	movs	r2, #0
10003d66:	2301      	movs	r3, #1
10003d68:	051b      	lsls	r3, r3, #20
10003d6a:	3c80      	subs	r4, #128	; 0x80
10003d6c:	0324      	lsls	r4, r4, #12

10003d6e <l19_2>:
10003d6e:	25d0      	movs	r5, #208	; 0xd0
10003d70:	062d      	lsls	r5, r5, #24
10003d72:	2600      	movs	r6, #0
10003d74:	43f6      	mvns	r6, r6
10003d76:	662e      	str	r6, [r5, #96]	; 0x60
10003d78:	091e      	lsrs	r6, r3, #4
10003d7a:	666e      	str	r6, [r5, #100]	; 0x64
10003d7c:	0fce      	lsrs	r6, r1, #31
10003d7e:	19f6      	adds	r6, r6, r7
10003d80:	46b4      	mov	ip, r6
10003d82:	0049      	lsls	r1, r1, #1
10003d84:	0d4f      	lsrs	r7, r1, #21
10003d86:	d002      	beq.n	10003d8e <l19_2+0x20>
10003d88:	1c7e      	adds	r6, r7, #1
10003d8a:	0af6      	lsrs	r6, r6, #11
10003d8c:	d003      	beq.n	10003d96 <l19_2+0x28>
10003d8e:	2000      	movs	r0, #0
10003d90:	2100      	movs	r1, #0
10003d92:	3f40      	subs	r7, #64	; 0x40
10003d94:	033f      	lsls	r7, r7, #12
10003d96:	1b3e      	subs	r6, r7, r4
10003d98:	00b6      	lsls	r6, r6, #2
10003d9a:	44b4      	add	ip, r6
10003d9c:	3f01      	subs	r7, #1
10003d9e:	057f      	lsls	r7, r7, #21
10003da0:	1bc9      	subs	r1, r1, r7
10003da2:	0849      	lsrs	r1, r1, #1
10003da4:	6f2e      	ldr	r6, [r5, #112]	; 0x70
10003da6:	3601      	adds	r6, #1
10003da8:	0876      	lsrs	r6, r6, #1
10003daa:	029c      	lsls	r4, r3, #10
10003dac:	0d95      	lsrs	r5, r2, #22
10003dae:	4325      	orrs	r5, r4
10003db0:	4375      	muls	r5, r6
10003db2:	13ed      	asrs	r5, r5, #15
10003db4:	4375      	muls	r5, r6
10003db6:	13ad      	asrs	r5, r5, #14
10003db8:	3501      	adds	r5, #1
10003dba:	106d      	asrs	r5, r5, #1
10003dbc:	03f6      	lsls	r6, r6, #15
10003dbe:	1b76      	subs	r6, r6, r5
10003dc0:	b40c      	push	{r2, r3}
10003dc2:	02cc      	lsls	r4, r1, #11
10003dc4:	0d45      	lsrs	r5, r0, #21
10003dc6:	432c      	orrs	r4, r5
10003dc8:	b2a2      	uxth	r2, r4
10003dca:	b2b3      	uxth	r3, r6
10003dcc:	435a      	muls	r2, r3
10003dce:	0c27      	lsrs	r7, r4, #16
10003dd0:	437b      	muls	r3, r7
10003dd2:	0c35      	lsrs	r5, r6, #16
10003dd4:	436f      	muls	r7, r5
10003dd6:	b2a4      	uxth	r4, r4
10003dd8:	436c      	muls	r4, r5
10003dda:	191b      	adds	r3, r3, r4
10003ddc:	d302      	bcc.n	10003de4 <l20_1>
10003dde:	2401      	movs	r4, #1
10003de0:	0424      	lsls	r4, r4, #16
10003de2:	193f      	adds	r7, r7, r4

10003de4 <l20_1>:
10003de4:	041c      	lsls	r4, r3, #16
10003de6:	0c1d      	lsrs	r5, r3, #16
10003de8:	18a4      	adds	r4, r4, r2
10003dea:	417d      	adcs	r5, r7
10003dec:	1924      	adds	r4, r4, r4
10003dee:	416d      	adcs	r5, r5
10003df0:	9a00      	ldr	r2, [sp, #0]
10003df2:	b291      	uxth	r1, r2
10003df4:	b2ac      	uxth	r4, r5
10003df6:	4361      	muls	r1, r4
10003df8:	0c17      	lsrs	r7, r2, #16
10003dfa:	437c      	muls	r4, r7
10003dfc:	0c2b      	lsrs	r3, r5, #16
10003dfe:	435f      	muls	r7, r3
10003e00:	b292      	uxth	r2, r2
10003e02:	435a      	muls	r2, r3
10003e04:	18a4      	adds	r4, r4, r2
10003e06:	d302      	bcc.n	10003e0e <l21_1>
10003e08:	2201      	movs	r2, #1
10003e0a:	0412      	lsls	r2, r2, #16
10003e0c:	18bf      	adds	r7, r7, r2

10003e0e <l21_1>:
10003e0e:	0422      	lsls	r2, r4, #16
10003e10:	0c23      	lsrs	r3, r4, #16
10003e12:	1852      	adds	r2, r2, r1
10003e14:	417b      	adcs	r3, r7
10003e16:	9c01      	ldr	r4, [sp, #4]
10003e18:	436c      	muls	r4, r5
10003e1a:	191b      	adds	r3, r3, r4
10003e1c:	0e52      	lsrs	r2, r2, #25
10003e1e:	01d9      	lsls	r1, r3, #7
10003e20:	430a      	orrs	r2, r1
10003e22:	0144      	lsls	r4, r0, #5
10003e24:	1aa0      	subs	r0, r4, r2
10003e26:	b281      	uxth	r1, r0
10003e28:	b2b2      	uxth	r2, r6
10003e2a:	4351      	muls	r1, r2
10003e2c:	1403      	asrs	r3, r0, #16
10003e2e:	435a      	muls	r2, r3
10003e30:	0c36      	lsrs	r6, r6, #16
10003e32:	4373      	muls	r3, r6
10003e34:	b287      	uxth	r7, r0
10003e36:	4377      	muls	r7, r6
10003e38:	17d6      	asrs	r6, r2, #31
10003e3a:	19d2      	adds	r2, r2, r7
10003e3c:	2700      	movs	r7, #0
10003e3e:	417e      	adcs	r6, r7
10003e40:	0436      	lsls	r6, r6, #16
10003e42:	199b      	adds	r3, r3, r6
10003e44:	0417      	lsls	r7, r2, #16
10003e46:	0c16      	lsrs	r6, r2, #16
10003e48:	187f      	adds	r7, r7, r1
10003e4a:	415e      	adcs	r6, r3
10003e4c:	1673      	asrs	r3, r6, #25
10003e4e:	18ed      	adds	r5, r5, r3
10003e50:	01f3      	lsls	r3, r6, #7
10003e52:	2600      	movs	r6, #0
10003e54:	3380      	adds	r3, #128	; 0x80
10003e56:	4175      	adcs	r5, r6
10003e58:	0fa9      	lsrs	r1, r5, #30
10003e5a:	d106      	bne.n	10003e6a <dd_0>
10003e5c:	0064      	lsls	r4, r4, #1
10003e5e:	0a69      	lsrs	r1, r5, #9
10003e60:	05e8      	lsls	r0, r5, #23
10003e62:	0a5b      	lsrs	r3, r3, #9
10003e64:	4318      	orrs	r0, r3
10003e66:	d209      	bcs.n	10003e7c <dd_1>
10003e68:	e02f      	b.n	10003eca <dd_2>

10003e6a <dd_0>:
10003e6a:	2204      	movs	r2, #4
10003e6c:	4494      	add	ip, r2
10003e6e:	3380      	adds	r3, #128	; 0x80
10003e70:	4175      	adcs	r5, r6
10003e72:	0aa9      	lsrs	r1, r5, #10
10003e74:	05a8      	lsls	r0, r5, #22
10003e76:	0a9b      	lsrs	r3, r3, #10
10003e78:	4318      	orrs	r0, r3
10003e7a:	d326      	bcc.n	10003eca <dd_2>

10003e7c <dd_1>:
10003e7c:	4140      	adcs	r0, r0
10003e7e:	4149      	adcs	r1, r1
10003e80:	0424      	lsls	r4, r4, #16
10003e82:	9a00      	ldr	r2, [sp, #0]
10003e84:	9b01      	ldr	r3, [sp, #4]
10003e86:	000d      	movs	r5, r1
10003e88:	4355      	muls	r5, r2
10003e8a:	1b64      	subs	r4, r4, r5
10003e8c:	4343      	muls	r3, r0
10003e8e:	1ae4      	subs	r4, r4, r3
10003e90:	b295      	uxth	r5, r2
10003e92:	b286      	uxth	r6, r0
10003e94:	4375      	muls	r5, r6
10003e96:	0c17      	lsrs	r7, r2, #16
10003e98:	437e      	muls	r6, r7
10003e9a:	0c03      	lsrs	r3, r0, #16
10003e9c:	435f      	muls	r7, r3
10003e9e:	b292      	uxth	r2, r2
10003ea0:	435a      	muls	r2, r3
10003ea2:	18b6      	adds	r6, r6, r2
10003ea4:	d302      	bcc.n	10003eac <l23_1>
10003ea6:	2201      	movs	r2, #1
10003ea8:	0412      	lsls	r2, r2, #16
10003eaa:	18bf      	adds	r7, r7, r2

10003eac <l23_1>:
10003eac:	0432      	lsls	r2, r6, #16
10003eae:	0c33      	lsrs	r3, r6, #16
10003eb0:	1952      	adds	r2, r2, r5
10003eb2:	417b      	adcs	r3, r7
10003eb4:	4252      	negs	r2, r2
10003eb6:	419c      	sbcs	r4, r3
10003eb8:	2c00      	cmp	r4, #0
10003eba:	d402      	bmi.n	10003ec2 <l23_1+0x16>
10003ebc:	2200      	movs	r2, #0
10003ebe:	3001      	adds	r0, #1
10003ec0:	4151      	adcs	r1, r2
10003ec2:	0840      	lsrs	r0, r0, #1
10003ec4:	07ca      	lsls	r2, r1, #31
10003ec6:	4310      	orrs	r0, r2
10003ec8:	0849      	lsrs	r1, r1, #1

10003eca <dd_2>:
10003eca:	b002      	add	sp, #8
10003ecc:	4662      	mov	r2, ip
10003ece:	07d7      	lsls	r7, r2, #31
10003ed0:	1092      	asrs	r2, r2, #2
10003ed2:	4b08      	ldr	r3, [pc, #32]	; (10003ef4 <dd_4+0x6>)
10003ed4:	18d2      	adds	r2, r2, r3
10003ed6:	4b08      	ldr	r3, [pc, #32]	; (10003ef8 <dd_4+0xa>)
10003ed8:	429a      	cmp	r2, r3
10003eda:	d203      	bcs.n	10003ee4 <dd_3>
10003edc:	0512      	lsls	r2, r2, #20
10003ede:	1889      	adds	r1, r1, r2

10003ee0 <dd_5>:
10003ee0:	19c9      	adds	r1, r1, r7
10003ee2:	bdf0      	pop	{r4, r5, r6, r7, pc}

10003ee4 <dd_3>:
10003ee4:	2000      	movs	r0, #0
10003ee6:	2a00      	cmp	r2, #0
10003ee8:	dc01      	bgt.n	10003eee <dd_4>
10003eea:	0039      	movs	r1, r7
10003eec:	bdf0      	pop	{r4, r5, r6, r7, pc}

10003eee <dd_4>:
10003eee:	3301      	adds	r3, #1
10003ef0:	0519      	lsls	r1, r3, #20
10003ef2:	e7f5      	b.n	10003ee0 <dd_5>
10003ef4:	000003fd 	.word	0x000003fd
10003ef8:	000007fe 	.word	0x000007fe

10003efc <double2uint_shim>:
10003efc:	2200      	movs	r2, #0

10003efe <double2ufix_shim>:
10003efe:	b500      	push	{lr}
10003f00:	3220      	adds	r2, #32
10003f02:	f000 f804 	bl	10003f0e <double2ufix64_shim>
10003f06:	0008      	movs	r0, r1
10003f08:	bd00      	pop	{pc}
	...

10003f0c <double2uint64_shim>:
10003f0c:	2200      	movs	r2, #0

10003f0e <double2ufix64_shim>:
10003f0e:	150b      	asrs	r3, r1, #20
10003f10:	d40a      	bmi.n	10003f28 <ret_dzero>

10003f12 <d2fix>:
10003f12:	b510      	push	{r4, lr}
10003f14:	4694      	mov	ip, r2
10003f16:	f000 f831 	bl	10003f7c <dunpacks>
10003f1a:	1414      	asrs	r4, r2, #16
10003f1c:	3401      	adds	r4, #1
10003f1e:	da00      	bge.n	10003f22 <d2fix+0x10>
10003f20:	2100      	movs	r1, #0
10003f22:	17cb      	asrs	r3, r1, #31
10003f24:	4c14      	ldr	r4, [pc, #80]	; (10003f78 <d2fix_a+0x4a>)
10003f26:	4720      	bx	r4

10003f28 <ret_dzero>:
10003f28:	2000      	movs	r0, #0
10003f2a:	2100      	movs	r1, #0
10003f2c:	4770      	bx	lr

10003f2e <d2fix_a>:
10003f2e:	4462      	add	r2, ip
10003f30:	3a34      	subs	r2, #52	; 0x34
10003f32:	d40c      	bmi.n	10003f4e <d2fix_a+0x20>
10003f34:	2a0c      	cmp	r2, #12
10003f36:	da07      	bge.n	10003f48 <d2fix_a+0x1a>
10003f38:	0004      	movs	r4, r0
10003f3a:	4091      	lsls	r1, r2
10003f3c:	4090      	lsls	r0, r2
10003f3e:	4252      	negs	r2, r2
10003f40:	3220      	adds	r2, #32
10003f42:	40d4      	lsrs	r4, r2
10003f44:	4321      	orrs	r1, r4
10003f46:	bd10      	pop	{r4, pc}
10003f48:	43d8      	mvns	r0, r3
10003f4a:	43d9      	mvns	r1, r3
10003f4c:	bd10      	pop	{r4, pc}
10003f4e:	3220      	adds	r2, #32
10003f50:	d407      	bmi.n	10003f62 <d2fix_a+0x34>
10003f52:	460c      	mov	r4, r1
10003f54:	4094      	lsls	r4, r2
10003f56:	4252      	negs	r2, r2
10003f58:	3220      	adds	r2, #32
10003f5a:	4111      	asrs	r1, r2
10003f5c:	40d0      	lsrs	r0, r2
10003f5e:	4320      	orrs	r0, r4
10003f60:	bd10      	pop	{r4, pc}
10003f62:	0008      	movs	r0, r1
10003f64:	17c9      	asrs	r1, r1, #31
10003f66:	3220      	adds	r2, #32
10003f68:	d403      	bmi.n	10003f72 <d2fix_a+0x44>
10003f6a:	4252      	negs	r2, r2
10003f6c:	3220      	adds	r2, #32
10003f6e:	4110      	asrs	r0, r2
10003f70:	bd10      	pop	{r4, pc}
10003f72:	0018      	movs	r0, r3
10003f74:	0019      	movs	r1, r3
10003f76:	bd10      	pop	{r4, pc}
10003f78:	10003f2f 	.word	0x10003f2f

10003f7c <dunpacks>:
10003f7c:	0d0a      	lsrs	r2, r1, #20
10003f7e:	0fcc      	lsrs	r4, r1, #31
10003f80:	1e53      	subs	r3, r2, #1
10003f82:	051b      	lsls	r3, r3, #20
10003f84:	1ac9      	subs	r1, r1, r3
10003f86:	0552      	lsls	r2, r2, #21
10003f88:	d303      	bcc.n	10003f92 <l59_1>
10003f8a:	43c9      	mvns	r1, r1
10003f8c:	4240      	negs	r0, r0
10003f8e:	d300      	bcc.n	10003f92 <l59_1>
10003f90:	3101      	adds	r1, #1

10003f92 <l59_1>:
10003f92:	0d52      	lsrs	r2, r2, #21
10003f94:	d003      	beq.n	10003f9e <l59_2>
10003f96:	1c53      	adds	r3, r2, #1
10003f98:	0adb      	lsrs	r3, r3, #11
10003f9a:	d007      	beq.n	10003fac <l59_3>
10003f9c:	1b12      	subs	r2, r2, r4

10003f9e <l59_2>:
10003f9e:	2000      	movs	r0, #0
10003fa0:	0064      	lsls	r4, r4, #1
10003fa2:	1c61      	adds	r1, r4, #1
10003fa4:	0789      	lsls	r1, r1, #30
10003fa6:	1289      	asrs	r1, r1, #10
10003fa8:	3a80      	subs	r2, #128	; 0x80
10003faa:	0312      	lsls	r2, r2, #12

10003fac <l59_3>:
10003fac:	4b01      	ldr	r3, [pc, #4]	; (10003fb4 <l59_3+0x8>)
10003fae:	1ad2      	subs	r2, r2, r3
10003fb0:	4770      	bx	lr
10003fb2:	0000      	.short	0x0000
10003fb4:	000003ff 	.word	0x000003ff

10003fb8 <__wrap___aeabi_lmul>:
10003fb8:	4351      	muls	r1, r2
10003fba:	4343      	muls	r3, r0
10003fbc:	18c9      	adds	r1, r1, r3
10003fbe:	468c      	mov	ip, r1
10003fc0:	0c11      	lsrs	r1, r2, #16
10003fc2:	b283      	uxth	r3, r0
10003fc4:	434b      	muls	r3, r1
10003fc6:	b410      	push	{r4}
10003fc8:	0c04      	lsrs	r4, r0, #16
10003fca:	4361      	muls	r1, r4
10003fcc:	b292      	uxth	r2, r2
10003fce:	b280      	uxth	r0, r0
10003fd0:	4350      	muls	r0, r2
10003fd2:	4362      	muls	r2, r4
10003fd4:	041c      	lsls	r4, r3, #16
10003fd6:	0c1b      	lsrs	r3, r3, #16
10003fd8:	1900      	adds	r0, r0, r4
10003fda:	bc10      	pop	{r4}
10003fdc:	4159      	adcs	r1, r3
10003fde:	0413      	lsls	r3, r2, #16
10003fe0:	0c12      	lsrs	r2, r2, #16
10003fe2:	18c0      	adds	r0, r0, r3
10003fe4:	4151      	adcs	r1, r2
10003fe6:	4461      	add	r1, ip
10003fe8:	4770      	bx	lr
	...

10003fec <__aeabi_float_init>:
10003fec:	b570      	push	{r4, r5, r6, lr}
10003fee:	2313      	movs	r3, #19
10003ff0:	781d      	ldrb	r5, [r3, #0]
10003ff2:	482a      	ldr	r0, [pc, #168]	; (1000409c <__aeabi_float_init+0xb0>)
10003ff4:	f7ff f950 	bl	10003298 <rom_data_lookup>
10003ff8:	0004      	movs	r4, r0
10003ffa:	2d01      	cmp	r5, #1
10003ffc:	d011      	beq.n	10004022 <__aeabi_float_init+0x36>
10003ffe:	2d01      	cmp	r5, #1
10004000:	dd09      	ble.n	10004016 <__aeabi_float_init+0x2a>
10004002:	1ea3      	subs	r3, r4, #2
10004004:	781b      	ldrb	r3, [r3, #0]
10004006:	009b      	lsls	r3, r3, #2
10004008:	2b7f      	cmp	r3, #127	; 0x7f
1000400a:	dd40      	ble.n	1000408e <__aeabi_float_init+0xa2>
1000400c:	2280      	movs	r2, #128	; 0x80
1000400e:	0021      	movs	r1, r4
10004010:	4823      	ldr	r0, [pc, #140]	; (100040a0 <__aeabi_float_init+0xb4>)
10004012:	f000 f891 	bl	10004138 <__wrap___aeabi_memcpy>
10004016:	4823      	ldr	r0, [pc, #140]	; (100040a4 <__aeabi_float_init+0xb8>)
10004018:	f7ff f936 	bl	10003288 <rom_func_lookup>
1000401c:	4b22      	ldr	r3, [pc, #136]	; (100040a8 <__aeabi_float_init+0xbc>)
1000401e:	6018      	str	r0, [r3, #0]
10004020:	bd70      	pop	{r4, r5, r6, pc}
10004022:	2254      	movs	r2, #84	; 0x54
10004024:	0001      	movs	r1, r0
10004026:	481e      	ldr	r0, [pc, #120]	; (100040a0 <__aeabi_float_init+0xb4>)
10004028:	f000 f886 	bl	10004138 <__wrap___aeabi_memcpy>
1000402c:	4b1f      	ldr	r3, [pc, #124]	; (100040ac <__aeabi_float_init+0xc0>)
1000402e:	881a      	ldrh	r2, [r3, #0]
10004030:	4b1f      	ldr	r3, [pc, #124]	; (100040b0 <__aeabi_float_init+0xc4>)
10004032:	429a      	cmp	r2, r3
10004034:	d11c      	bne.n	10004070 <__aeabi_float_init+0x84>
10004036:	23a7      	movs	r3, #167	; 0xa7
10004038:	019b      	lsls	r3, r3, #6
1000403a:	881a      	ldrh	r2, [r3, #0]
1000403c:	4b1d      	ldr	r3, [pc, #116]	; (100040b4 <__aeabi_float_init+0xc8>)
1000403e:	429a      	cmp	r2, r3
10004040:	d116      	bne.n	10004070 <__aeabi_float_init+0x84>
10004042:	4b1d      	ldr	r3, [pc, #116]	; (100040b8 <__aeabi_float_init+0xcc>)
10004044:	881a      	ldrh	r2, [r3, #0]
10004046:	4b1d      	ldr	r3, [pc, #116]	; (100040bc <__aeabi_float_init+0xd0>)
10004048:	429a      	cmp	r2, r3
1000404a:	d111      	bne.n	10004070 <__aeabi_float_init+0x84>
1000404c:	4b1c      	ldr	r3, [pc, #112]	; (100040c0 <__aeabi_float_init+0xd4>)
1000404e:	881a      	ldrh	r2, [r3, #0]
10004050:	2394      	movs	r3, #148	; 0x94
10004052:	019b      	lsls	r3, r3, #6
10004054:	429a      	cmp	r2, r3
10004056:	d10b      	bne.n	10004070 <__aeabi_float_init+0x84>
10004058:	4b1a      	ldr	r3, [pc, #104]	; (100040c4 <__aeabi_float_init+0xd8>)
1000405a:	881a      	ldrh	r2, [r3, #0]
1000405c:	4b1a      	ldr	r3, [pc, #104]	; (100040c8 <__aeabi_float_init+0xdc>)
1000405e:	429a      	cmp	r2, r3
10004060:	d106      	bne.n	10004070 <__aeabi_float_init+0x84>
10004062:	4b1a      	ldr	r3, [pc, #104]	; (100040cc <__aeabi_float_init+0xe0>)
10004064:	681a      	ldr	r2, [r3, #0]
10004066:	4b1a      	ldr	r3, [pc, #104]	; (100040d0 <__aeabi_float_init+0xe4>)
10004068:	429a      	cmp	r2, r3
1000406a:	d101      	bne.n	10004070 <__aeabi_float_init+0x84>
1000406c:	2315      	movs	r3, #21
1000406e:	e007      	b.n	10004080 <__aeabi_float_init+0x94>
10004070:	4818      	ldr	r0, [pc, #96]	; (100040d4 <__aeabi_float_init+0xe8>)
10004072:	f7fd fe51 	bl	10001d18 <panic>
10004076:	0099      	lsls	r1, r3, #2
10004078:	4817      	ldr	r0, [pc, #92]	; (100040d8 <__aeabi_float_init+0xec>)
1000407a:	4a09      	ldr	r2, [pc, #36]	; (100040a0 <__aeabi_float_init+0xb4>)
1000407c:	5088      	str	r0, [r1, r2]
1000407e:	3301      	adds	r3, #1
10004080:	2b1f      	cmp	r3, #31
10004082:	d9f8      	bls.n	10004076 <__aeabi_float_init+0x8a>
10004084:	4a14      	ldr	r2, [pc, #80]	; (100040d8 <__aeabi_float_init+0xec>)
10004086:	4b06      	ldr	r3, [pc, #24]	; (100040a0 <__aeabi_float_init+0xb4>)
10004088:	621a      	str	r2, [r3, #32]
1000408a:	61da      	str	r2, [r3, #28]
1000408c:	e7b7      	b.n	10003ffe <__aeabi_float_init+0x12>
1000408e:	4b13      	ldr	r3, [pc, #76]	; (100040dc <__aeabi_float_init+0xf0>)
10004090:	4a13      	ldr	r2, [pc, #76]	; (100040e0 <__aeabi_float_init+0xf4>)
10004092:	2142      	movs	r1, #66	; 0x42
10004094:	4813      	ldr	r0, [pc, #76]	; (100040e4 <__aeabi_float_init+0xf8>)
10004096:	f7fd fda5 	bl	10001be4 <__assert_func>
1000409a:	46c0      	nop			; (mov r8, r8)
1000409c:	00004653 	.word	0x00004653
100040a0:	200010e4 	.word	0x200010e4
100040a4:	0000334c 	.word	0x0000334c
100040a8:	20000fa4 	.word	0x20000fa4
100040ac:	000029ee 	.word	0x000029ee
100040b0:	00000fc4 	.word	0x00000fc4
100040b4:	00000dc2 	.word	0x00000dc2
100040b8:	00002b96 	.word	0x00002b96
100040bc:	0000b5c0 	.word	0x0000b5c0
100040c0:	00002b18 	.word	0x00002b18
100040c4:	00002acc 	.word	0x00002acc
100040c8:	0000b510 	.word	0x0000b510
100040cc:	00002cfc 	.word	0x00002cfc
100040d0:	6487ed51 	.word	0x6487ed51
100040d4:	10007940 	.word	0x10007940
100040d8:	100040e9 	.word	0x100040e9
100040dc:	10007eb8 	.word	0x10007eb8
100040e0:	10007f34 	.word	0x10007f34
100040e4:	10007eec 	.word	0x10007eec

100040e8 <float_table_shim_on_use_helper>:
100040e8:	b507      	push	{r0, r1, r2, lr}
100040ea:	4660      	mov	r0, ip
100040ec:	2800      	cmp	r0, #0
100040ee:	d100      	bne.n	100040f2 <float_table_shim_on_use_helper+0xa>
100040f0:	be00      	bkpt	0x0000
100040f2:	8801      	ldrh	r1, [r0, #0]
100040f4:	0a0a      	lsrs	r2, r1, #8
100040f6:	3002      	adds	r0, #2
100040f8:	2adf      	cmp	r2, #223	; 0xdf
100040fa:	d1fa      	bne.n	100040f2 <float_table_shim_on_use_helper+0xa>
100040fc:	b2c9      	uxtb	r1, r1
100040fe:	0882      	lsrs	r2, r0, #2
10004100:	d304      	bcc.n	1000410c <float_table_shim_on_use_helper+0x24>
10004102:	8802      	ldrh	r2, [r0, #0]
10004104:	8840      	ldrh	r0, [r0, #2]
10004106:	0400      	lsls	r0, r0, #16
10004108:	4310      	orrs	r0, r2
1000410a:	e000      	b.n	1000410e <float_table_shim_on_use_helper+0x26>
1000410c:	6800      	ldr	r0, [r0, #0]
1000410e:	4a02      	ldr	r2, [pc, #8]	; (10004118 <float_table_shim_on_use_helper+0x30>)
10004110:	5050      	str	r0, [r2, r1]
10004112:	9003      	str	r0, [sp, #12]
10004114:	bd07      	pop	{r0, r1, r2, pc}
10004116:	0000      	.short	0x0000
10004118:	200010e4 	.word	0x200010e4

1000411c <__aeabi_mem_init>:
1000411c:	4801      	ldr	r0, [pc, #4]	; (10004124 <__aeabi_mem_init+0x8>)
1000411e:	2104      	movs	r1, #4
10004120:	4b01      	ldr	r3, [pc, #4]	; (10004128 <__aeabi_mem_init+0xc>)
10004122:	4718      	bx	r3
10004124:	200004b0 	.word	0x200004b0
10004128:	100032a9 	.word	0x100032a9

1000412c <__wrap_memset>:
1000412c:	4b01      	ldr	r3, [pc, #4]	; (10004134 <__wrap_memset+0x8>)
1000412e:	681b      	ldr	r3, [r3, #0]
10004130:	4718      	bx	r3
10004132:	0000      	.short	0x0000
10004134:	200004b0 	.word	0x200004b0

10004138 <__wrap___aeabi_memcpy>:
10004138:	4b01      	ldr	r3, [pc, #4]	; (10004140 <__wrap___aeabi_memcpy+0x8>)
1000413a:	685b      	ldr	r3, [r3, #4]
1000413c:	4718      	bx	r3
1000413e:	0000      	.short	0x0000
10004140:	200004b0 	.word	0x200004b0

10004144 <stdio_out_chars_no_crlf>:
10004144:	b510      	push	{r4, lr}
10004146:	000c      	movs	r4, r1
10004148:	6803      	ldr	r3, [r0, #0]
1000414a:	0011      	movs	r1, r2
1000414c:	0020      	movs	r0, r4
1000414e:	4798      	blx	r3
10004150:	bd10      	pop	{r4, pc}
	...

10004154 <stdio_out_chars_crlf>:
10004154:	b5f8      	push	{r3, r4, r5, r6, r7, lr}
10004156:	0007      	movs	r7, r0
10004158:	000d      	movs	r5, r1
1000415a:	0016      	movs	r6, r2
1000415c:	7c43      	ldrb	r3, [r0, #17]
1000415e:	2b00      	cmp	r3, #0
10004160:	d002      	beq.n	10004168 <stdio_out_chars_crlf+0x14>
10004162:	2400      	movs	r4, #0
10004164:	2000      	movs	r0, #0
10004166:	e00c      	b.n	10004182 <stdio_out_chars_crlf+0x2e>
10004168:	6803      	ldr	r3, [r0, #0]
1000416a:	0011      	movs	r1, r2
1000416c:	0028      	movs	r0, r5
1000416e:	4798      	blx	r3
10004170:	e02d      	b.n	100041ce <stdio_out_chars_crlf+0x7a>
10004172:	7c3b      	ldrb	r3, [r7, #16]
10004174:	e010      	b.n	10004198 <stdio_out_chars_crlf+0x44>
10004176:	2102      	movs	r1, #2
10004178:	4815      	ldr	r0, [pc, #84]	; (100041d0 <stdio_out_chars_crlf+0x7c>)
1000417a:	683b      	ldr	r3, [r7, #0]
1000417c:	4798      	blx	r3
1000417e:	1c60      	adds	r0, r4, #1
10004180:	3401      	adds	r4, #1
10004182:	42b4      	cmp	r4, r6
10004184:	da14      	bge.n	100041b0 <stdio_out_chars_crlf+0x5c>
10004186:	2c00      	cmp	r4, #0
10004188:	ddf3      	ble.n	10004172 <stdio_out_chars_crlf+0x1e>
1000418a:	192b      	adds	r3, r5, r4
1000418c:	3b01      	subs	r3, #1
1000418e:	781b      	ldrb	r3, [r3, #0]
10004190:	3b0d      	subs	r3, #13
10004192:	425a      	negs	r2, r3
10004194:	4153      	adcs	r3, r2
10004196:	b2db      	uxtb	r3, r3
10004198:	5d2a      	ldrb	r2, [r5, r4]
1000419a:	2a0a      	cmp	r2, #10
1000419c:	d1f0      	bne.n	10004180 <stdio_out_chars_crlf+0x2c>
1000419e:	2b00      	cmp	r3, #0
100041a0:	d1ee      	bne.n	10004180 <stdio_out_chars_crlf+0x2c>
100041a2:	42a0      	cmp	r0, r4
100041a4:	dae7      	bge.n	10004176 <stdio_out_chars_crlf+0x22>
100041a6:	1a21      	subs	r1, r4, r0
100041a8:	1828      	adds	r0, r5, r0
100041aa:	683b      	ldr	r3, [r7, #0]
100041ac:	4798      	blx	r3
100041ae:	e7e2      	b.n	10004176 <stdio_out_chars_crlf+0x22>
100041b0:	42b0      	cmp	r0, r6
100041b2:	da03      	bge.n	100041bc <stdio_out_chars_crlf+0x68>
100041b4:	1a31      	subs	r1, r6, r0
100041b6:	1828      	adds	r0, r5, r0
100041b8:	683b      	ldr	r3, [r7, #0]
100041ba:	4798      	blx	r3
100041bc:	2e00      	cmp	r6, #0
100041be:	dd06      	ble.n	100041ce <stdio_out_chars_crlf+0x7a>
100041c0:	19ad      	adds	r5, r5, r6
100041c2:	3d01      	subs	r5, #1
100041c4:	782b      	ldrb	r3, [r5, #0]
100041c6:	3b0d      	subs	r3, #13
100041c8:	425a      	negs	r2, r3
100041ca:	4153      	adcs	r3, r2
100041cc:	743b      	strb	r3, [r7, #16]
100041ce:	bdf8      	pop	{r3, r4, r5, r6, r7, pc}
100041d0:	10007fac 	.word	0x10007fac

100041d4 <stdio_stack_buffer_flush>:
100041d4:	b570      	push	{r4, r5, r6, lr}
100041d6:	0005      	movs	r5, r0
100041d8:	6803      	ldr	r3, [r0, #0]
100041da:	2b00      	cmp	r3, #0
100041dc:	d016      	beq.n	1000420c <stdio_stack_buffer_flush+0x38>
100041de:	4b0c      	ldr	r3, [pc, #48]	; (10004210 <stdio_stack_buffer_flush+0x3c>)
100041e0:	681c      	ldr	r4, [r3, #0]
100041e2:	e005      	b.n	100041f0 <stdio_stack_buffer_flush+0x1c>
100041e4:	0029      	movs	r1, r5
100041e6:	c904      	ldmia	r1!, {r2}
100041e8:	0020      	movs	r0, r4
100041ea:	f7ff ffb3 	bl	10004154 <stdio_out_chars_crlf>
100041ee:	68e4      	ldr	r4, [r4, #12]
100041f0:	2c00      	cmp	r4, #0
100041f2:	d009      	beq.n	10004208 <stdio_stack_buffer_flush+0x34>
100041f4:	6823      	ldr	r3, [r4, #0]
100041f6:	2b00      	cmp	r3, #0
100041f8:	d0f9      	beq.n	100041ee <stdio_stack_buffer_flush+0x1a>
100041fa:	4b06      	ldr	r3, [pc, #24]	; (10004214 <stdio_stack_buffer_flush+0x40>)
100041fc:	681b      	ldr	r3, [r3, #0]
100041fe:	2b00      	cmp	r3, #0
10004200:	d0f0      	beq.n	100041e4 <stdio_stack_buffer_flush+0x10>
10004202:	42a3      	cmp	r3, r4
10004204:	d1f3      	bne.n	100041ee <stdio_stack_buffer_flush+0x1a>
10004206:	e7ed      	b.n	100041e4 <stdio_stack_buffer_flush+0x10>
10004208:	2300      	movs	r3, #0
1000420a:	602b      	str	r3, [r5, #0]
1000420c:	bd70      	pop	{r4, r5, r6, pc}
1000420e:	46c0      	nop			; (mov r8, r8)
10004210:	20000b7c 	.word	0x20000b7c
10004214:	20000b80 	.word	0x20000b80

10004218 <stdio_buffered_printer>:
10004218:	b570      	push	{r4, r5, r6, lr}
1000421a:	0005      	movs	r5, r0
1000421c:	000c      	movs	r4, r1
1000421e:	680b      	ldr	r3, [r1, #0]
10004220:	2b80      	cmp	r3, #128	; 0x80
10004222:	d005      	beq.n	10004230 <stdio_buffered_printer+0x18>
10004224:	6823      	ldr	r3, [r4, #0]
10004226:	1c5a      	adds	r2, r3, #1
10004228:	6022      	str	r2, [r4, #0]
1000422a:	18e4      	adds	r4, r4, r3
1000422c:	7125      	strb	r5, [r4, #4]
1000422e:	bd70      	pop	{r4, r5, r6, pc}
10004230:	0008      	movs	r0, r1
10004232:	f7ff ffcf 	bl	100041d4 <stdio_stack_buffer_flush>
10004236:	e7f5      	b.n	10004224 <stdio_buffered_printer+0xc>

10004238 <stdout_serialize_begin>:
10004238:	b510      	push	{r4, lr}
1000423a:	b082      	sub	sp, #8
1000423c:	23d0      	movs	r3, #208	; 0xd0
1000423e:	061b      	lsls	r3, r3, #24
10004240:	2400      	movs	r4, #0
10004242:	571c      	ldrsb	r4, [r3, r4]
10004244:	a901      	add	r1, sp, #4
10004246:	4807      	ldr	r0, [pc, #28]	; (10004264 <stdout_serialize_begin+0x2c>)
10004248:	f002 ff16 	bl	10007078 <__mutex_try_enter_veneer>
1000424c:	2800      	cmp	r0, #0
1000424e:	d106      	bne.n	1000425e <stdout_serialize_begin+0x26>
10004250:	9b01      	ldr	r3, [sp, #4]
10004252:	429c      	cmp	r4, r3
10004254:	d003      	beq.n	1000425e <stdout_serialize_begin+0x26>
10004256:	4803      	ldr	r0, [pc, #12]	; (10004264 <stdout_serialize_begin+0x2c>)
10004258:	f002 ff1e 	bl	10007098 <__mutex_enter_blocking_veneer>
1000425c:	2001      	movs	r0, #1
1000425e:	b002      	add	sp, #8
10004260:	bd10      	pop	{r4, pc}
10004262:	46c0      	nop			; (mov r8, r8)
10004264:	20000500 	.word	0x20000500

10004268 <stdout_serialize_end>:
10004268:	b510      	push	{r4, lr}
1000426a:	4802      	ldr	r0, [pc, #8]	; (10004274 <stdout_serialize_end+0xc>)
1000426c:	f002 feec 	bl	10007048 <__mutex_exit_veneer>
10004270:	bd10      	pop	{r4, pc}
10004272:	46c0      	nop			; (mov r8, r8)
10004274:	20000500 	.word	0x20000500

10004278 <stdio_put_string>:
10004278:	b5f0      	push	{r4, r5, r6, r7, lr}
1000427a:	46c6      	mov	lr, r8
1000427c:	b500      	push	{lr}
1000427e:	b084      	sub	sp, #16
10004280:	9001      	str	r0, [sp, #4]
10004282:	000d      	movs	r5, r1
10004284:	0016      	movs	r6, r2
10004286:	001c      	movs	r4, r3
10004288:	f7ff ffd6 	bl	10004238 <stdout_serialize_begin>
1000428c:	4680      	mov	r8, r0
1000428e:	1c6b      	adds	r3, r5, #1
10004290:	d005      	beq.n	1000429e <stdio_put_string+0x26>
10004292:	2c00      	cmp	r4, #0
10004294:	d008      	beq.n	100042a8 <stdio_put_string+0x30>
10004296:	4f19      	ldr	r7, [pc, #100]	; (100042fc <stdio_put_string+0x84>)
10004298:	4b19      	ldr	r3, [pc, #100]	; (10004300 <stdio_put_string+0x88>)
1000429a:	681c      	ldr	r4, [r3, #0]
1000429c:	e007      	b.n	100042ae <stdio_put_string+0x36>
1000429e:	9801      	ldr	r0, [sp, #4]
100042a0:	f002 fe92 	bl	10006fc8 <strlen>
100042a4:	0005      	movs	r5, r0
100042a6:	e7f4      	b.n	10004292 <stdio_put_string+0x1a>
100042a8:	4f16      	ldr	r7, [pc, #88]	; (10004304 <stdio_put_string+0x8c>)
100042aa:	e7f5      	b.n	10004298 <stdio_put_string+0x20>
100042ac:	68e4      	ldr	r4, [r4, #12]
100042ae:	2c00      	cmp	r4, #0
100042b0:	d016      	beq.n	100042e0 <stdio_put_string+0x68>
100042b2:	6823      	ldr	r3, [r4, #0]
100042b4:	2b00      	cmp	r3, #0
100042b6:	d0f9      	beq.n	100042ac <stdio_put_string+0x34>
100042b8:	4b13      	ldr	r3, [pc, #76]	; (10004308 <stdio_put_string+0x90>)
100042ba:	681b      	ldr	r3, [r3, #0]
100042bc:	2b00      	cmp	r3, #0
100042be:	d001      	beq.n	100042c4 <stdio_put_string+0x4c>
100042c0:	42a3      	cmp	r3, r4
100042c2:	d1f3      	bne.n	100042ac <stdio_put_string+0x34>
100042c4:	002a      	movs	r2, r5
100042c6:	9901      	ldr	r1, [sp, #4]
100042c8:	0020      	movs	r0, r4
100042ca:	47b8      	blx	r7
100042cc:	2e00      	cmp	r6, #0
100042ce:	d0ed      	beq.n	100042ac <stdio_put_string+0x34>
100042d0:	ab02      	add	r3, sp, #8
100042d2:	1dd9      	adds	r1, r3, #7
100042d4:	230a      	movs	r3, #10
100042d6:	700b      	strb	r3, [r1, #0]
100042d8:	2201      	movs	r2, #1
100042da:	0020      	movs	r0, r4
100042dc:	47b8      	blx	r7
100042de:	e7e5      	b.n	100042ac <stdio_put_string+0x34>
100042e0:	4643      	mov	r3, r8
100042e2:	2b00      	cmp	r3, #0
100042e4:	d106      	bne.n	100042f4 <stdio_put_string+0x7c>
100042e6:	1e68      	subs	r0, r5, #1
100042e8:	4185      	sbcs	r5, r0
100042ea:	b2e8      	uxtb	r0, r5
100042ec:	b004      	add	sp, #16
100042ee:	bc04      	pop	{r2}
100042f0:	4690      	mov	r8, r2
100042f2:	bdf0      	pop	{r4, r5, r6, r7, pc}
100042f4:	f7ff ffb8 	bl	10004268 <stdout_serialize_end>
100042f8:	e7f5      	b.n	100042e6 <stdio_put_string+0x6e>
100042fa:	46c0      	nop			; (mov r8, r8)
100042fc:	10004145 	.word	0x10004145
10004300:	20000b7c 	.word	0x20000b7c
10004304:	10004155 	.word	0x10004155
10004308:	20000b80 	.word	0x20000b80

1000430c <stdio_set_driver_enabled>:
1000430c:	4a09      	ldr	r2, [pc, #36]	; (10004334 <stdio_set_driver_enabled+0x28>)
1000430e:	6813      	ldr	r3, [r2, #0]
10004310:	2b00      	cmp	r3, #0
10004312:	d00b      	beq.n	1000432c <stdio_set_driver_enabled+0x20>
10004314:	4283      	cmp	r3, r0
10004316:	d002      	beq.n	1000431e <stdio_set_driver_enabled+0x12>
10004318:	330c      	adds	r3, #12
1000431a:	001a      	movs	r2, r3
1000431c:	e7f7      	b.n	1000430e <stdio_set_driver_enabled+0x2>
1000431e:	2900      	cmp	r1, #0
10004320:	d107      	bne.n	10004332 <stdio_set_driver_enabled+0x26>
10004322:	68c3      	ldr	r3, [r0, #12]
10004324:	6013      	str	r3, [r2, #0]
10004326:	2300      	movs	r3, #0
10004328:	60c3      	str	r3, [r0, #12]
1000432a:	e002      	b.n	10004332 <stdio_set_driver_enabled+0x26>
1000432c:	2900      	cmp	r1, #0
1000432e:	d000      	beq.n	10004332 <stdio_set_driver_enabled+0x26>
10004330:	6010      	str	r0, [r2, #0]
10004332:	4770      	bx	lr
10004334:	20000b7c 	.word	0x20000b7c

10004338 <stdio_flush>:
10004338:	b510      	push	{r4, lr}
1000433a:	4b06      	ldr	r3, [pc, #24]	; (10004354 <stdio_flush+0x1c>)
1000433c:	681c      	ldr	r4, [r3, #0]
1000433e:	e000      	b.n	10004342 <stdio_flush+0xa>
10004340:	68e4      	ldr	r4, [r4, #12]
10004342:	2c00      	cmp	r4, #0
10004344:	d004      	beq.n	10004350 <stdio_flush+0x18>
10004346:	6863      	ldr	r3, [r4, #4]
10004348:	2b00      	cmp	r3, #0
1000434a:	d0f9      	beq.n	10004340 <stdio_flush+0x8>
1000434c:	4798      	blx	r3
1000434e:	e7f7      	b.n	10004340 <stdio_flush+0x8>
10004350:	bd10      	pop	{r4, pc}
10004352:	46c0      	nop			; (mov r8, r8)
10004354:	20000b7c 	.word	0x20000b7c

10004358 <__wrap_puts>:
10004358:	b570      	push	{r4, r5, r6, lr}
1000435a:	0005      	movs	r5, r0
1000435c:	f002 fe34 	bl	10006fc8 <strlen>
10004360:	0004      	movs	r4, r0
10004362:	2300      	movs	r3, #0
10004364:	2201      	movs	r2, #1
10004366:	0001      	movs	r1, r0
10004368:	0028      	movs	r0, r5
1000436a:	f7ff ff85 	bl	10004278 <stdio_put_string>
1000436e:	f7ff ffe3 	bl	10004338 <stdio_flush>
10004372:	0020      	movs	r0, r4
10004374:	bd70      	pop	{r4, r5, r6, pc}
	...

10004378 <__wrap_vprintf>:
10004378:	b570      	push	{r4, r5, r6, lr}
1000437a:	b0a2      	sub	sp, #136	; 0x88
1000437c:	0004      	movs	r4, r0
1000437e:	000e      	movs	r6, r1
10004380:	f7ff ff5a 	bl	10004238 <stdout_serialize_begin>
10004384:	0005      	movs	r5, r0
10004386:	2284      	movs	r2, #132	; 0x84
10004388:	2100      	movs	r1, #0
1000438a:	a801      	add	r0, sp, #4
1000438c:	f7ff fece 	bl	1000412c <__wrap_memset>
10004390:	0033      	movs	r3, r6
10004392:	0022      	movs	r2, r4
10004394:	a901      	add	r1, sp, #4
10004396:	4808      	ldr	r0, [pc, #32]	; (100043b8 <__wrap_vprintf+0x40>)
10004398:	f7fe ff5e 	bl	10003258 <vfctprintf>
1000439c:	0004      	movs	r4, r0
1000439e:	a801      	add	r0, sp, #4
100043a0:	f7ff ff18 	bl	100041d4 <stdio_stack_buffer_flush>
100043a4:	f7ff ffc8 	bl	10004338 <stdio_flush>
100043a8:	2d00      	cmp	r5, #0
100043aa:	d102      	bne.n	100043b2 <__wrap_vprintf+0x3a>
100043ac:	0020      	movs	r0, r4
100043ae:	b022      	add	sp, #136	; 0x88
100043b0:	bd70      	pop	{r4, r5, r6, pc}
100043b2:	f7ff ff59 	bl	10004268 <stdout_serialize_end>
100043b6:	e7f9      	b.n	100043ac <__wrap_vprintf+0x34>
100043b8:	10004219 	.word	0x10004219

100043bc <__wrap_printf>:
100043bc:	b40f      	push	{r0, r1, r2, r3}
100043be:	b500      	push	{lr}
100043c0:	b083      	sub	sp, #12
100043c2:	a904      	add	r1, sp, #16
100043c4:	c901      	ldmia	r1!, {r0}
100043c6:	9101      	str	r1, [sp, #4]
100043c8:	f7ff ffd6 	bl	10004378 <__wrap_vprintf>
100043cc:	b003      	add	sp, #12
100043ce:	bc08      	pop	{r3}
100043d0:	b004      	add	sp, #16
100043d2:	4718      	bx	r3

100043d4 <stdio_init_all>:
100043d4:	b510      	push	{r4, lr}
100043d6:	f000 f955 	bl	10004684 <stdio_usb_init>
100043da:	bd10      	pop	{r4, pc}

100043dc <resetd_init>:
100043dc:	4770      	bx	lr
	...

100043e0 <resetd_reset>:
100043e0:	4b01      	ldr	r3, [pc, #4]	; (100043e8 <resetd_reset+0x8>)
100043e2:	2200      	movs	r2, #0
100043e4:	701a      	strb	r2, [r3, #0]
100043e6:	4770      	bx	lr
100043e8:	20000fdf 	.word	0x20000fdf

100043ec <resetd_open>:
100043ec:	794b      	ldrb	r3, [r1, #5]
100043ee:	2bff      	cmp	r3, #255	; 0xff
100043f0:	d10c      	bne.n	1000440c <resetd_open+0x20>
100043f2:	798b      	ldrb	r3, [r1, #6]
100043f4:	2b00      	cmp	r3, #0
100043f6:	d10b      	bne.n	10004410 <resetd_open+0x24>
100043f8:	79cb      	ldrb	r3, [r1, #7]
100043fa:	2b01      	cmp	r3, #1
100043fc:	d10a      	bne.n	10004414 <resetd_open+0x28>
100043fe:	2a08      	cmp	r2, #8
10004400:	d90a      	bls.n	10004418 <resetd_open+0x2c>
10004402:	788a      	ldrb	r2, [r1, #2]
10004404:	4b05      	ldr	r3, [pc, #20]	; (1000441c <resetd_open+0x30>)
10004406:	701a      	strb	r2, [r3, #0]
10004408:	2009      	movs	r0, #9
1000440a:	e000      	b.n	1000440e <resetd_open+0x22>
1000440c:	2000      	movs	r0, #0
1000440e:	4770      	bx	lr
10004410:	2000      	movs	r0, #0
10004412:	e7fc      	b.n	1000440e <resetd_open+0x22>
10004414:	2000      	movs	r0, #0
10004416:	e7fa      	b.n	1000440e <resetd_open+0x22>
10004418:	2000      	movs	r0, #0
1000441a:	e7f8      	b.n	1000440e <resetd_open+0x22>
1000441c:	20000fdf 	.word	0x20000fdf

10004420 <resetd_xfer_cb>:
10004420:	2001      	movs	r0, #1
10004422:	4770      	bx	lr

10004424 <resetd_control_xfer_cb>:
10004424:	b570      	push	{r4, r5, r6, lr}
10004426:	2900      	cmp	r1, #0
10004428:	d12b      	bne.n	10004482 <resetd_control_xfer_cb+0x5e>
1000442a:	7911      	ldrb	r1, [r2, #4]
1000442c:	7953      	ldrb	r3, [r2, #5]
1000442e:	021b      	lsls	r3, r3, #8
10004430:	430b      	orrs	r3, r1
10004432:	4915      	ldr	r1, [pc, #84]	; (10004488 <resetd_control_xfer_cb+0x64>)
10004434:	7809      	ldrb	r1, [r1, #0]
10004436:	428b      	cmp	r3, r1
10004438:	d001      	beq.n	1000443e <resetd_control_xfer_cb+0x1a>
1000443a:	2000      	movs	r0, #0
1000443c:	bd70      	pop	{r4, r5, r6, pc}
1000443e:	7853      	ldrb	r3, [r2, #1]
10004440:	2b01      	cmp	r3, #1
10004442:	d003      	beq.n	1000444c <resetd_control_xfer_cb+0x28>
10004444:	2b02      	cmp	r3, #2
10004446:	d015      	beq.n	10004474 <resetd_control_xfer_cb+0x50>
10004448:	2000      	movs	r0, #0
1000444a:	e7f7      	b.n	1000443c <resetd_control_xfer_cb+0x18>
1000444c:	7891      	ldrb	r1, [r2, #2]
1000444e:	78d3      	ldrb	r3, [r2, #3]
10004450:	021b      	lsls	r3, r3, #8
10004452:	430b      	orrs	r3, r1
10004454:	05da      	lsls	r2, r3, #23
10004456:	d50b      	bpl.n	10004470 <resetd_control_xfer_cb+0x4c>
10004458:	0a5a      	lsrs	r2, r3, #9
1000445a:	2501      	movs	r5, #1
1000445c:	4095      	lsls	r5, r2
1000445e:	247f      	movs	r4, #127	; 0x7f
10004460:	401c      	ands	r4, r3
10004462:	480a      	ldr	r0, [pc, #40]	; (1000448c <resetd_control_xfer_cb+0x68>)
10004464:	f7fe ff10 	bl	10003288 <rom_func_lookup>
10004468:	0003      	movs	r3, r0
1000446a:	0021      	movs	r1, r4
1000446c:	0028      	movs	r0, r5
1000446e:	4798      	blx	r3
10004470:	2500      	movs	r5, #0
10004472:	e7f4      	b.n	1000445e <resetd_control_xfer_cb+0x3a>
10004474:	2264      	movs	r2, #100	; 0x64
10004476:	2100      	movs	r1, #0
10004478:	2000      	movs	r0, #0
1000447a:	f7fd fe4f 	bl	1000211c <watchdog_reboot>
1000447e:	2001      	movs	r0, #1
10004480:	e7dc      	b.n	1000443c <resetd_control_xfer_cb+0x18>
10004482:	2001      	movs	r0, #1
10004484:	e7da      	b.n	1000443c <resetd_control_xfer_cb+0x18>
10004486:	46c0      	nop			; (mov r8, r8)
10004488:	20000fdf 	.word	0x20000fdf
1000448c:	00004255 	.word	0x00004255

10004490 <usbd_app_driver_get_cb>:
10004490:	2301      	movs	r3, #1
10004492:	7003      	strb	r3, [r0, #0]
10004494:	4800      	ldr	r0, [pc, #0]	; (10004498 <usbd_app_driver_get_cb+0x8>)
10004496:	4770      	bx	lr
10004498:	10007fb0 	.word	0x10007fb0

1000449c <tud_cdc_line_coding_cb>:
1000449c:	b510      	push	{r4, lr}
1000449e:	780b      	ldrb	r3, [r1, #0]
100044a0:	784a      	ldrb	r2, [r1, #1]
100044a2:	0212      	lsls	r2, r2, #8
100044a4:	431a      	orrs	r2, r3
100044a6:	788b      	ldrb	r3, [r1, #2]
100044a8:	041b      	lsls	r3, r3, #16
100044aa:	431a      	orrs	r2, r3
100044ac:	78cb      	ldrb	r3, [r1, #3]
100044ae:	061b      	lsls	r3, r3, #24
100044b0:	4313      	orrs	r3, r2
100044b2:	2296      	movs	r2, #150	; 0x96
100044b4:	00d2      	lsls	r2, r2, #3
100044b6:	4293      	cmp	r3, r2
100044b8:	d000      	beq.n	100044bc <tud_cdc_line_coding_cb+0x20>
100044ba:	bd10      	pop	{r4, pc}
100044bc:	4803      	ldr	r0, [pc, #12]	; (100044cc <tud_cdc_line_coding_cb+0x30>)
100044be:	f7fe fee3 	bl	10003288 <rom_func_lookup>
100044c2:	0003      	movs	r3, r0
100044c4:	2100      	movs	r1, #0
100044c6:	0008      	movs	r0, r1
100044c8:	4798      	blx	r3
100044ca:	46c0      	nop			; (mov r8, r8)
100044cc:	00004255 	.word	0x00004255

100044d0 <stdio_usb_in_chars>:
100044d0:	b530      	push	{r4, r5, lr}
100044d2:	b083      	sub	sp, #12
100044d4:	0004      	movs	r4, r0
100044d6:	000d      	movs	r5, r1
100044d8:	a901      	add	r1, sp, #4
100044da:	4818      	ldr	r0, [pc, #96]	; (1000453c <stdio_usb_in_chars+0x6c>)
100044dc:	f002 fdcc 	bl	10007078 <__mutex_try_enter_veneer>
100044e0:	2800      	cmp	r0, #0
100044e2:	d108      	bne.n	100044f6 <stdio_usb_in_chars+0x26>
100044e4:	23d0      	movs	r3, #208	; 0xd0
100044e6:	061b      	lsls	r3, r3, #24
100044e8:	681b      	ldr	r3, [r3, #0]
100044ea:	9a01      	ldr	r2, [sp, #4]
100044ec:	429a      	cmp	r2, r3
100044ee:	d021      	beq.n	10004534 <stdio_usb_in_chars+0x64>
100044f0:	4812      	ldr	r0, [pc, #72]	; (1000453c <stdio_usb_in_chars+0x6c>)
100044f2:	f002 fdd1 	bl	10007098 <__mutex_enter_blocking_veneer>
100044f6:	2000      	movs	r0, #0
100044f8:	f001 fe54 	bl	100061a4 <tud_cdc_n_connected>
100044fc:	2800      	cmp	r0, #0
100044fe:	d107      	bne.n	10004510 <stdio_usb_in_chars+0x40>
10004500:	2403      	movs	r4, #3
10004502:	4264      	negs	r4, r4
10004504:	480d      	ldr	r0, [pc, #52]	; (1000453c <stdio_usb_in_chars+0x6c>)
10004506:	f002 fd9f 	bl	10007048 <__mutex_exit_veneer>
1000450a:	0020      	movs	r0, r4
1000450c:	b003      	add	sp, #12
1000450e:	bd30      	pop	{r4, r5, pc}
10004510:	2000      	movs	r0, #0
10004512:	f001 fe69 	bl	100061e8 <tud_cdc_n_available>
10004516:	2800      	cmp	r0, #0
10004518:	d102      	bne.n	10004520 <stdio_usb_in_chars+0x50>
1000451a:	2403      	movs	r4, #3
1000451c:	4264      	negs	r4, r4
1000451e:	e7f1      	b.n	10004504 <stdio_usb_in_chars+0x34>
10004520:	002a      	movs	r2, r5
10004522:	0021      	movs	r1, r4
10004524:	2000      	movs	r0, #0
10004526:	f001 fe6b 	bl	10006200 <tud_cdc_n_read>
1000452a:	1e04      	subs	r4, r0, #0
1000452c:	d1ea      	bne.n	10004504 <stdio_usb_in_chars+0x34>
1000452e:	2403      	movs	r4, #3
10004530:	4264      	negs	r4, r4
10004532:	e7e7      	b.n	10004504 <stdio_usb_in_chars+0x34>
10004534:	2403      	movs	r4, #3
10004536:	4264      	negs	r4, r4
10004538:	e7e7      	b.n	1000450a <stdio_usb_in_chars+0x3a>
1000453a:	46c0      	nop			; (mov r8, r8)
1000453c:	20000fac 	.word	0x20000fac

10004540 <low_priority_worker_irq>:
10004540:	b510      	push	{r4, lr}
10004542:	2100      	movs	r1, #0
10004544:	4805      	ldr	r0, [pc, #20]	; (1000455c <low_priority_worker_irq+0x1c>)
10004546:	f002 fd97 	bl	10007078 <__mutex_try_enter_veneer>
1000454a:	2800      	cmp	r0, #0
1000454c:	d100      	bne.n	10004550 <low_priority_worker_irq+0x10>
1000454e:	bd10      	pop	{r4, pc}
10004550:	f001 fbc2 	bl	10005cd8 <tud_task>
10004554:	4801      	ldr	r0, [pc, #4]	; (1000455c <low_priority_worker_irq+0x1c>)
10004556:	f002 fd77 	bl	10007048 <__mutex_exit_veneer>
1000455a:	e7f8      	b.n	1000454e <low_priority_worker_irq+0xe>
1000455c:	20000fac 	.word	0x20000fac

10004560 <stdio_usb_out_chars>:
10004560:	b5f0      	push	{r4, r5, r6, r7, lr}
10004562:	46c6      	mov	lr, r8
10004564:	b500      	push	{lr}
10004566:	b082      	sub	sp, #8
10004568:	4680      	mov	r8, r0
1000456a:	000d      	movs	r5, r1
1000456c:	a901      	add	r1, sp, #4
1000456e:	482e      	ldr	r0, [pc, #184]	; (10004628 <stdio_usb_out_chars+0xc8>)
10004570:	f002 fd82 	bl	10007078 <__mutex_try_enter_veneer>
10004574:	2800      	cmp	r0, #0
10004576:	d108      	bne.n	1000458a <stdio_usb_out_chars+0x2a>
10004578:	23d0      	movs	r3, #208	; 0xd0
1000457a:	061b      	lsls	r3, r3, #24
1000457c:	681b      	ldr	r3, [r3, #0]
1000457e:	9a01      	ldr	r2, [sp, #4]
10004580:	429a      	cmp	r2, r3
10004582:	d00f      	beq.n	100045a4 <stdio_usb_out_chars+0x44>
10004584:	4828      	ldr	r0, [pc, #160]	; (10004628 <stdio_usb_out_chars+0xc8>)
10004586:	f002 fd87 	bl	10007098 <__mutex_enter_blocking_veneer>
1000458a:	2000      	movs	r0, #0
1000458c:	f001 fe0a 	bl	100061a4 <tud_cdc_n_connected>
10004590:	2800      	cmp	r0, #0
10004592:	d147      	bne.n	10004624 <stdio_usb_out_chars+0xc4>
10004594:	4b25      	ldr	r3, [pc, #148]	; (1000462c <stdio_usb_out_chars+0xcc>)
10004596:	2000      	movs	r0, #0
10004598:	2100      	movs	r1, #0
1000459a:	6018      	str	r0, [r3, #0]
1000459c:	6059      	str	r1, [r3, #4]
1000459e:	4822      	ldr	r0, [pc, #136]	; (10004628 <stdio_usb_out_chars+0xc8>)
100045a0:	f002 fd52 	bl	10007048 <__mutex_exit_veneer>
100045a4:	b002      	add	sp, #8
100045a6:	bc04      	pop	{r2}
100045a8:	4690      	mov	r8, r2
100045aa:	bdf0      	pop	{r4, r5, r6, r7, pc}
100045ac:	f001 fb94 	bl	10005cd8 <tud_task>
100045b0:	2000      	movs	r0, #0
100045b2:	f001 fe39 	bl	10006228 <tud_cdc_n_write_flush>
100045b6:	2000      	movs	r0, #0
100045b8:	f001 fdf4 	bl	100061a4 <tud_cdc_n_connected>
100045bc:	2800      	cmp	r0, #0
100045be:	d0ee      	beq.n	1000459e <stdio_usb_out_chars+0x3e>
100045c0:	2000      	movs	r0, #0
100045c2:	f001 feb3 	bl	1000632c <tud_cdc_n_write_available>
100045c6:	2800      	cmp	r0, #0
100045c8:	d01d      	beq.n	10004606 <stdio_usb_out_chars+0xa6>
100045ca:	42ac      	cmp	r4, r5
100045cc:	dae7      	bge.n	1000459e <stdio_usb_out_chars+0x3e>
100045ce:	1b2e      	subs	r6, r5, r4
100045d0:	2000      	movs	r0, #0
100045d2:	f001 feab 	bl	1000632c <tud_cdc_n_write_available>
100045d6:	4286      	cmp	r6, r0
100045d8:	dc00      	bgt.n	100045dc <stdio_usb_out_chars+0x7c>
100045da:	0030      	movs	r0, r6
100045dc:	2800      	cmp	r0, #0
100045de:	d0e5      	beq.n	100045ac <stdio_usb_out_chars+0x4c>
100045e0:	4643      	mov	r3, r8
100045e2:	1919      	adds	r1, r3, r4
100045e4:	0002      	movs	r2, r0
100045e6:	2000      	movs	r0, #0
100045e8:	f001 fe84 	bl	100062f4 <tud_cdc_n_write>
100045ec:	0006      	movs	r6, r0
100045ee:	f001 fb73 	bl	10005cd8 <tud_task>
100045f2:	2000      	movs	r0, #0
100045f4:	f001 fe18 	bl	10006228 <tud_cdc_n_write_flush>
100045f8:	19a4      	adds	r4, r4, r6
100045fa:	f7fc ffc3 	bl	10001584 <time_us_64>
100045fe:	4b0b      	ldr	r3, [pc, #44]	; (1000462c <stdio_usb_out_chars+0xcc>)
10004600:	6018      	str	r0, [r3, #0]
10004602:	6059      	str	r1, [r3, #4]
10004604:	e7e1      	b.n	100045ca <stdio_usb_out_chars+0x6a>
10004606:	f7fc ffbd 	bl	10001584 <time_us_64>
1000460a:	4b08      	ldr	r3, [pc, #32]	; (1000462c <stdio_usb_out_chars+0xcc>)
1000460c:	681e      	ldr	r6, [r3, #0]
1000460e:	685f      	ldr	r7, [r3, #4]
10004610:	4a07      	ldr	r2, [pc, #28]	; (10004630 <stdio_usb_out_chars+0xd0>)
10004612:	2300      	movs	r3, #0
10004614:	1992      	adds	r2, r2, r6
10004616:	417b      	adcs	r3, r7
10004618:	4299      	cmp	r1, r3
1000461a:	d8c0      	bhi.n	1000459e <stdio_usb_out_chars+0x3e>
1000461c:	d1d5      	bne.n	100045ca <stdio_usb_out_chars+0x6a>
1000461e:	4290      	cmp	r0, r2
10004620:	d9d3      	bls.n	100045ca <stdio_usb_out_chars+0x6a>
10004622:	e7bc      	b.n	1000459e <stdio_usb_out_chars+0x3e>
10004624:	2400      	movs	r4, #0
10004626:	e7d0      	b.n	100045ca <stdio_usb_out_chars+0x6a>
10004628:	20000fac 	.word	0x20000fac
1000462c:	20000620 	.word	0x20000620
10004630:	0007a120 	.word	0x0007a120

10004634 <timer_task>:
10004634:	b510      	push	{r4, lr}
10004636:	4b0a      	ldr	r3, [pc, #40]	; (10004660 <timer_task+0x2c>)
10004638:	781a      	ldrb	r2, [r3, #0]
1000463a:	23d0      	movs	r3, #208	; 0xd0
1000463c:	061b      	lsls	r3, r3, #24
1000463e:	681b      	ldr	r3, [r3, #0]
10004640:	429a      	cmp	r2, r3
10004642:	d107      	bne.n	10004654 <timer_task+0x20>
10004644:	4b07      	ldr	r3, [pc, #28]	; (10004664 <timer_task+0x30>)
10004646:	7818      	ldrb	r0, [r3, #0]
10004648:	f7fb ffa8 	bl	1000059c <irq_set_pending>
1000464c:	20fa      	movs	r0, #250	; 0xfa
1000464e:	0080      	lsls	r0, r0, #2
10004650:	2100      	movs	r1, #0
10004652:	bd10      	pop	{r4, pc}
10004654:	4b04      	ldr	r3, [pc, #16]	; (10004668 <timer_task+0x34>)
10004656:	4a05      	ldr	r2, [pc, #20]	; (1000466c <timer_task+0x38>)
10004658:	2132      	movs	r1, #50	; 0x32
1000465a:	4805      	ldr	r0, [pc, #20]	; (10004670 <timer_task+0x3c>)
1000465c:	f7fd fac2 	bl	10001be4 <__assert_func>
10004660:	20000fe1 	.word	0x20000fe1
10004664:	20000fe0 	.word	0x20000fe0
10004668:	1000800c 	.word	0x1000800c
1000466c:	10007fec 	.word	0x10007fec
10004670:	10008034 	.word	0x10008034

10004674 <usb_irq>:
10004674:	b510      	push	{r4, lr}
10004676:	4b02      	ldr	r3, [pc, #8]	; (10004680 <usb_irq+0xc>)
10004678:	7818      	ldrb	r0, [r3, #0]
1000467a:	f7fb ff8f 	bl	1000059c <irq_set_pending>
1000467e:	bd10      	pop	{r4, pc}
10004680:	20000fe0 	.word	0x20000fe0

10004684 <stdio_usb_init>:
10004684:	b570      	push	{r4, r5, r6, lr}
10004686:	b084      	sub	sp, #16
10004688:	23d0      	movs	r3, #208	; 0xd0
1000468a:	061b      	lsls	r3, r3, #24
1000468c:	781a      	ldrb	r2, [r3, #0]
1000468e:	4b2c      	ldr	r3, [pc, #176]	; (10004740 <stdio_usb_init+0xbc>)
10004690:	701a      	strb	r2, [r3, #0]
10004692:	4b2c      	ldr	r3, [pc, #176]	; (10004744 <stdio_usb_init+0xc0>)
10004694:	781b      	ldrb	r3, [r3, #0]
10004696:	f002 f889 	bl	100067ac <tusb_init>
1000469a:	482b      	ldr	r0, [pc, #172]	; (10004748 <stdio_usb_init+0xc4>)
1000469c:	f7fd fa6c 	bl	10001b78 <mutex_init>
100046a0:	2001      	movs	r0, #1
100046a2:	f7fc fa2f 	bl	10000b04 <user_irq_claim_unused>
100046a6:	b2c0      	uxtb	r0, r0
100046a8:	4c28      	ldr	r4, [pc, #160]	; (1000474c <stdio_usb_init+0xc8>)
100046aa:	7020      	strb	r0, [r4, #0]
100046ac:	4928      	ldr	r1, [pc, #160]	; (10004750 <stdio_usb_init+0xcc>)
100046ae:	f7fb ff97 	bl	100005e0 <irq_set_exclusive_handler>
100046b2:	7820      	ldrb	r0, [r4, #0]
100046b4:	2101      	movs	r1, #1
100046b6:	f7fb ff69 	bl	1000058c <irq_set_enabled>
100046ba:	2005      	movs	r0, #5
100046bc:	f7fb ff7e 	bl	100005bc <irq_has_shared_handler>
100046c0:	1e04      	subs	r4, r0, #0
100046c2:	d00b      	beq.n	100046dc <stdio_usb_init+0x58>
100046c4:	2200      	movs	r2, #0
100046c6:	4923      	ldr	r1, [pc, #140]	; (10004754 <stdio_usb_init+0xd0>)
100046c8:	2005      	movs	r0, #5
100046ca:	f7fb ffb3 	bl	10000634 <irq_add_shared_handler>
100046ce:	2101      	movs	r1, #1
100046d0:	4821      	ldr	r0, [pc, #132]	; (10004758 <stdio_usb_init+0xd4>)
100046d2:	f7ff fe1b 	bl	1000430c <stdio_set_driver_enabled>
100046d6:	0020      	movs	r0, r4
100046d8:	b004      	add	sp, #16
100046da:	bd70      	pop	{r4, r5, r6, pc}
100046dc:	f7fc fd8a 	bl	100011f4 <alarm_pool_get_default>
100046e0:	0004      	movs	r4, r0
100046e2:	f7fc ff4f 	bl	10001584 <time_us_64>
100046e6:	2900      	cmp	r1, #0
100046e8:	db1d      	blt.n	10004726 <stdio_usb_init+0xa2>
100046ea:	22fa      	movs	r2, #250	; 0xfa
100046ec:	0092      	lsls	r2, r2, #2
100046ee:	2300      	movs	r3, #0
100046f0:	1812      	adds	r2, r2, r0
100046f2:	414b      	adcs	r3, r1
100046f4:	4299      	cmp	r1, r3
100046f6:	d802      	bhi.n	100046fe <stdio_usb_init+0x7a>
100046f8:	d104      	bne.n	10004704 <stdio_usb_init+0x80>
100046fa:	4290      	cmp	r0, r2
100046fc:	d902      	bls.n	10004704 <stdio_usb_init+0x80>
100046fe:	2201      	movs	r2, #1
10004700:	4252      	negs	r2, r2
10004702:	17d3      	asrs	r3, r2, #31
10004704:	2b00      	cmp	r3, #0
10004706:	db14      	blt.n	10004732 <stdio_usb_init+0xae>
10004708:	2101      	movs	r1, #1
1000470a:	9102      	str	r1, [sp, #8]
1000470c:	2100      	movs	r1, #0
1000470e:	9101      	str	r1, [sp, #4]
10004710:	4912      	ldr	r1, [pc, #72]	; (1000475c <stdio_usb_init+0xd8>)
10004712:	9100      	str	r1, [sp, #0]
10004714:	0020      	movs	r0, r4
10004716:	f7fc fd83 	bl	10001220 <alarm_pool_add_alarm_at>
1000471a:	1e44      	subs	r4, r0, #1
1000471c:	41a0      	sbcs	r0, r4
1000471e:	b2c4      	uxtb	r4, r0
10004720:	2c00      	cmp	r4, #0
10004722:	d0d8      	beq.n	100046d6 <stdio_usb_init+0x52>
10004724:	e7d3      	b.n	100046ce <stdio_usb_init+0x4a>
10004726:	4b0e      	ldr	r3, [pc, #56]	; (10004760 <stdio_usb_init+0xdc>)
10004728:	4a0e      	ldr	r2, [pc, #56]	; (10004764 <stdio_usb_init+0xe0>)
1000472a:	213f      	movs	r1, #63	; 0x3f
1000472c:	480e      	ldr	r0, [pc, #56]	; (10004768 <stdio_usb_init+0xe4>)
1000472e:	f7fd fa59 	bl	10001be4 <__assert_func>
10004732:	4b0b      	ldr	r3, [pc, #44]	; (10004760 <stdio_usb_init+0xdc>)
10004734:	4a0b      	ldr	r2, [pc, #44]	; (10004764 <stdio_usb_init+0xe0>)
10004736:	213f      	movs	r1, #63	; 0x3f
10004738:	480b      	ldr	r0, [pc, #44]	; (10004768 <stdio_usb_init+0xe4>)
1000473a:	f7fd fa53 	bl	10001be4 <__assert_func>
1000473e:	46c0      	nop			; (mov r8, r8)
10004740:	20000fe1 	.word	0x20000fe1
10004744:	10008760 	.word	0x10008760
10004748:	20000fac 	.word	0x20000fac
1000474c:	20000fe0 	.word	0x20000fe0
10004750:	10004541 	.word	0x10004541
10004754:	10004675 	.word	0x10004675
10004758:	200004c0 	.word	0x200004c0
1000475c:	10004635 	.word	0x10004635
10004760:	10007478 	.word	0x10007478
10004764:	10007fd4 	.word	0x10007fd4
10004768:	10007494 	.word	0x10007494

1000476c <tud_descriptor_device_cb>:
1000476c:	4800      	ldr	r0, [pc, #0]	; (10004770 <tud_descriptor_device_cb+0x4>)
1000476e:	4770      	bx	lr
10004770:	100080fc 	.word	0x100080fc

10004774 <tud_descriptor_configuration_cb>:
10004774:	4800      	ldr	r0, [pc, #0]	; (10004778 <tud_descriptor_configuration_cb+0x4>)
10004776:	4770      	bx	lr
10004778:	100080a8 	.word	0x100080a8

1000477c <tud_descriptor_string_cb>:
1000477c:	b510      	push	{r4, lr}
1000477e:	0004      	movs	r4, r0
10004780:	4b15      	ldr	r3, [pc, #84]	; (100047d8 <tud_descriptor_string_cb+0x5c>)
10004782:	781b      	ldrb	r3, [r3, #0]
10004784:	2b00      	cmp	r3, #0
10004786:	d00d      	beq.n	100047a4 <tud_descriptor_string_cb+0x28>
10004788:	2c00      	cmp	r4, #0
1000478a:	d110      	bne.n	100047ae <tud_descriptor_string_cb+0x32>
1000478c:	4b13      	ldr	r3, [pc, #76]	; (100047dc <tud_descriptor_string_cb+0x60>)
1000478e:	4a14      	ldr	r2, [pc, #80]	; (100047e0 <tud_descriptor_string_cb+0x64>)
10004790:	805a      	strh	r2, [r3, #2]
10004792:	2301      	movs	r3, #1
10004794:	3301      	adds	r3, #1
10004796:	005b      	lsls	r3, r3, #1
10004798:	22c0      	movs	r2, #192	; 0xc0
1000479a:	0092      	lsls	r2, r2, #2
1000479c:	4313      	orrs	r3, r2
1000479e:	480f      	ldr	r0, [pc, #60]	; (100047dc <tud_descriptor_string_cb+0x60>)
100047a0:	8003      	strh	r3, [r0, #0]
100047a2:	bd10      	pop	{r4, pc}
100047a4:	2111      	movs	r1, #17
100047a6:	480c      	ldr	r0, [pc, #48]	; (100047d8 <tud_descriptor_string_cb+0x5c>)
100047a8:	f002 fbbe 	bl	10006f28 <pico_get_unique_board_id_string>
100047ac:	e7ec      	b.n	10004788 <tud_descriptor_string_cb+0xc>
100047ae:	2c05      	cmp	r4, #5
100047b0:	d80f      	bhi.n	100047d2 <tud_descriptor_string_cb+0x56>
100047b2:	00a4      	lsls	r4, r4, #2
100047b4:	4b0b      	ldr	r3, [pc, #44]	; (100047e4 <tud_descriptor_string_cb+0x68>)
100047b6:	58e4      	ldr	r4, [r4, r3]
100047b8:	2300      	movs	r3, #0
100047ba:	e004      	b.n	100047c6 <tud_descriptor_string_cb+0x4a>
100047bc:	3301      	adds	r3, #1
100047be:	0059      	lsls	r1, r3, #1
100047c0:	4806      	ldr	r0, [pc, #24]	; (100047dc <tud_descriptor_string_cb+0x60>)
100047c2:	5242      	strh	r2, [r0, r1]
100047c4:	b2db      	uxtb	r3, r3
100047c6:	2b12      	cmp	r3, #18
100047c8:	d8e4      	bhi.n	10004794 <tud_descriptor_string_cb+0x18>
100047ca:	5ce2      	ldrb	r2, [r4, r3]
100047cc:	2a00      	cmp	r2, #0
100047ce:	d1f5      	bne.n	100047bc <tud_descriptor_string_cb+0x40>
100047d0:	e7e0      	b.n	10004794 <tud_descriptor_string_cb+0x18>
100047d2:	2000      	movs	r0, #0
100047d4:	e7e5      	b.n	100047a2 <tud_descriptor_string_cb+0x26>
100047d6:	46c0      	nop			; (mov r8, r8)
100047d8:	20000fc4 	.word	0x20000fc4
100047dc:	20000b54 	.word	0x20000b54
100047e0:	00000409 	.word	0x00000409
100047e4:	10008110 	.word	0x10008110

100047e8 <hw_endpoint_get_by_addr>:
100047e8:	237f      	movs	r3, #127	; 0x7f
100047ea:	4003      	ands	r3, r0
100047ec:	09c2      	lsrs	r2, r0, #7
100047ee:	0058      	lsls	r0, r3, #1
100047f0:	1880      	adds	r0, r0, r2
100047f2:	0140      	lsls	r0, r0, #5
100047f4:	4b01      	ldr	r3, [pc, #4]	; (100047fc <hw_endpoint_get_by_addr+0x14>)
100047f6:	18c0      	adds	r0, r0, r3
100047f8:	4770      	bx	lr
100047fa:	46c0      	nop			; (mov r8, r8)
100047fc:	20000b84 	.word	0x20000b84

10004800 <reset_ep0_pid>:
10004800:	b510      	push	{r4, lr}
10004802:	b082      	sub	sp, #8
10004804:	ab01      	add	r3, sp, #4
10004806:	2200      	movs	r2, #0
10004808:	701a      	strb	r2, [r3, #0]
1000480a:	3280      	adds	r2, #128	; 0x80
1000480c:	705a      	strb	r2, [r3, #1]
1000480e:	2400      	movs	r4, #0
10004810:	e006      	b.n	10004820 <reset_ep0_pid+0x20>
10004812:	ab01      	add	r3, sp, #4
10004814:	5d18      	ldrb	r0, [r3, r4]
10004816:	f7ff ffe7 	bl	100047e8 <hw_endpoint_get_by_addr>
1000481a:	2301      	movs	r3, #1
1000481c:	70c3      	strb	r3, [r0, #3]
1000481e:	3401      	adds	r4, #1
10004820:	2c01      	cmp	r4, #1
10004822:	d9f6      	bls.n	10004812 <reset_ep0_pid+0x12>
10004824:	b002      	add	sp, #8
10004826:	bd10      	pop	{r4, pc}

10004828 <_hw_endpoint_alloc>:
10004828:	b510      	push	{r4, lr}
1000482a:	8b83      	ldrh	r3, [r0, #28]
1000482c:	333f      	adds	r3, #63	; 0x3f
1000482e:	223f      	movs	r2, #63	; 0x3f
10004830:	4393      	bics	r3, r2
10004832:	2902      	cmp	r1, #2
10004834:	d015      	beq.n	10004862 <_hw_endpoint_alloc+0x3a>
10004836:	4c12      	ldr	r4, [pc, #72]	; (10004880 <_hw_endpoint_alloc+0x58>)
10004838:	6822      	ldr	r2, [r4, #0]
1000483a:	60c2      	str	r2, [r0, #12]
1000483c:	18d3      	adds	r3, r2, r3
1000483e:	6023      	str	r3, [r4, #0]
10004840:	069c      	lsls	r4, r3, #26
10004842:	d110      	bne.n	10004866 <_hw_endpoint_alloc+0x3e>
10004844:	4c0f      	ldr	r4, [pc, #60]	; (10004884 <_hw_endpoint_alloc+0x5c>)
10004846:	4062      	eors	r2, r4
10004848:	4063      	eors	r3, r4
1000484a:	2480      	movs	r4, #128	; 0x80
1000484c:	0164      	lsls	r4, r4, #5
1000484e:	42a3      	cmp	r3, r4
10004850:	d80f      	bhi.n	10004872 <_hw_endpoint_alloc+0x4a>
10004852:	0689      	lsls	r1, r1, #26
10004854:	4311      	orrs	r1, r2
10004856:	2380      	movs	r3, #128	; 0x80
10004858:	061b      	lsls	r3, r3, #24
1000485a:	4319      	orrs	r1, r3
1000485c:	6843      	ldr	r3, [r0, #4]
1000485e:	6019      	str	r1, [r3, #0]
10004860:	bd10      	pop	{r4, pc}
10004862:	005b      	lsls	r3, r3, #1
10004864:	e7e7      	b.n	10004836 <_hw_endpoint_alloc+0xe>
10004866:	4b08      	ldr	r3, [pc, #32]	; (10004888 <_hw_endpoint_alloc+0x60>)
10004868:	4a08      	ldr	r2, [pc, #32]	; (1000488c <_hw_endpoint_alloc+0x64>)
1000486a:	2154      	movs	r1, #84	; 0x54
1000486c:	4808      	ldr	r0, [pc, #32]	; (10004890 <_hw_endpoint_alloc+0x68>)
1000486e:	f7fd f9b9 	bl	10001be4 <__assert_func>
10004872:	4b08      	ldr	r3, [pc, #32]	; (10004894 <_hw_endpoint_alloc+0x6c>)
10004874:	4a05      	ldr	r2, [pc, #20]	; (1000488c <_hw_endpoint_alloc+0x64>)
10004876:	2156      	movs	r1, #86	; 0x56
10004878:	4805      	ldr	r0, [pc, #20]	; (10004890 <_hw_endpoint_alloc+0x68>)
1000487a:	f7fd f9b3 	bl	10001be4 <__assert_func>
1000487e:	46c0      	nop			; (mov r8, r8)
10004880:	20000f88 	.word	0x20000f88
10004884:	50100000 	.word	0x50100000
10004888:	10008188 	.word	0x10008188
1000488c:	10008128 	.word	0x10008128
10004890:	100081b8 	.word	0x100081b8
10004894:	10008210 	.word	0x10008210

10004898 <hw_endpoint_init>:
10004898:	b5f8      	push	{r3, r4, r5, r6, r7, lr}
1000489a:	0005      	movs	r5, r0
1000489c:	000e      	movs	r6, r1
1000489e:	0014      	movs	r4, r2
100048a0:	f7ff ffa2 	bl	100047e8 <hw_endpoint_get_by_addr>
100048a4:	237f      	movs	r3, #127	; 0x7f
100048a6:	402b      	ands	r3, r5
100048a8:	09ef      	lsrs	r7, r5, #7
100048aa:	7085      	strb	r5, [r0, #2]
100048ac:	427a      	negs	r2, r7
100048ae:	417a      	adcs	r2, r7
100048b0:	7042      	strb	r2, [r0, #1]
100048b2:	2200      	movs	r2, #0
100048b4:	70c2      	strb	r2, [r0, #3]
100048b6:	8386      	strh	r6, [r0, #28]
100048b8:	7784      	strb	r4, [r0, #30]
100048ba:	2f01      	cmp	r7, #1
100048bc:	d00d      	beq.n	100048da <hw_endpoint_init+0x42>
100048be:	00da      	lsls	r2, r3, #3
100048c0:	4912      	ldr	r1, [pc, #72]	; (1000490c <hw_endpoint_init+0x74>)
100048c2:	468c      	mov	ip, r1
100048c4:	4462      	add	r2, ip
100048c6:	6082      	str	r2, [r0, #8]
100048c8:	6882      	ldr	r2, [r0, #8]
100048ca:	2100      	movs	r1, #0
100048cc:	6011      	str	r1, [r2, #0]
100048ce:	2b00      	cmp	r3, #0
100048d0:	d109      	bne.n	100048e6 <hw_endpoint_init+0x4e>
100048d2:	6043      	str	r3, [r0, #4]
100048d4:	4b0e      	ldr	r3, [pc, #56]	; (10004910 <hw_endpoint_init+0x78>)
100048d6:	60c3      	str	r3, [r0, #12]
100048d8:	bdf8      	pop	{r3, r4, r5, r6, r7, pc}
100048da:	00da      	lsls	r2, r3, #3
100048dc:	490d      	ldr	r1, [pc, #52]	; (10004914 <hw_endpoint_init+0x7c>)
100048de:	468c      	mov	ip, r1
100048e0:	4462      	add	r2, ip
100048e2:	6082      	str	r2, [r0, #8]
100048e4:	e7f0      	b.n	100048c8 <hw_endpoint_init+0x30>
100048e6:	2f01      	cmp	r7, #1
100048e8:	d009      	beq.n	100048fe <hw_endpoint_init+0x66>
100048ea:	3b01      	subs	r3, #1
100048ec:	00db      	lsls	r3, r3, #3
100048ee:	4a0a      	ldr	r2, [pc, #40]	; (10004918 <hw_endpoint_init+0x80>)
100048f0:	4694      	mov	ip, r2
100048f2:	4463      	add	r3, ip
100048f4:	6043      	str	r3, [r0, #4]
100048f6:	0021      	movs	r1, r4
100048f8:	f7ff ff96 	bl	10004828 <_hw_endpoint_alloc>
100048fc:	e7ec      	b.n	100048d8 <hw_endpoint_init+0x40>
100048fe:	3b01      	subs	r3, #1
10004900:	00db      	lsls	r3, r3, #3
10004902:	4a06      	ldr	r2, [pc, #24]	; (1000491c <hw_endpoint_init+0x84>)
10004904:	4694      	mov	ip, r2
10004906:	4463      	add	r3, ip
10004908:	6043      	str	r3, [r0, #4]
1000490a:	e7f4      	b.n	100048f6 <hw_endpoint_init+0x5e>
1000490c:	50100084 	.word	0x50100084
10004910:	50100100 	.word	0x50100100
10004914:	50100080 	.word	0x50100080
10004918:	5010000c 	.word	0x5010000c
1000491c:	50100008 	.word	0x50100008

10004920 <reset_non_control_endpoints>:
10004920:	b510      	push	{r4, lr}
10004922:	2300      	movs	r3, #0
10004924:	2b0e      	cmp	r3, #14
10004926:	d809      	bhi.n	1000493c <reset_non_control_endpoints+0x1c>
10004928:	3301      	adds	r3, #1
1000492a:	00da      	lsls	r2, r3, #3
1000492c:	2100      	movs	r1, #0
1000492e:	4808      	ldr	r0, [pc, #32]	; (10004950 <reset_non_control_endpoints+0x30>)
10004930:	5011      	str	r1, [r2, r0]
10004932:	4684      	mov	ip, r0
10004934:	4462      	add	r2, ip
10004936:	6051      	str	r1, [r2, #4]
10004938:	b2db      	uxtb	r3, r3
1000493a:	e7f3      	b.n	10004924 <reset_non_control_endpoints+0x4>
1000493c:	22f0      	movs	r2, #240	; 0xf0
1000493e:	0092      	lsls	r2, r2, #2
10004940:	2100      	movs	r1, #0
10004942:	4804      	ldr	r0, [pc, #16]	; (10004954 <reset_non_control_endpoints+0x34>)
10004944:	f7ff fbf2 	bl	1000412c <__wrap_memset>
10004948:	4b03      	ldr	r3, [pc, #12]	; (10004958 <reset_non_control_endpoints+0x38>)
1000494a:	4a04      	ldr	r2, [pc, #16]	; (1000495c <reset_non_control_endpoints+0x3c>)
1000494c:	601a      	str	r2, [r3, #0]
1000494e:	bd10      	pop	{r4, pc}
10004950:	50100000 	.word	0x50100000
10004954:	20000bc4 	.word	0x20000bc4
10004958:	20000f88 	.word	0x20000f88
1000495c:	50100180 	.word	0x50100180

10004960 <hw_handle_buff_status>:
10004960:	b5f0      	push	{r4, r5, r6, r7, lr}
10004962:	46ce      	mov	lr, r9
10004964:	4647      	mov	r7, r8
10004966:	b580      	push	{r7, lr}
10004968:	b083      	sub	sp, #12
1000496a:	4b1d      	ldr	r3, [pc, #116]	; (100049e0 <hw_handle_buff_status+0x80>)
1000496c:	6d9f      	ldr	r7, [r3, #88]	; 0x58
1000496e:	2400      	movs	r4, #0
10004970:	2601      	movs	r6, #1
10004972:	e014      	b.n	1000499e <hw_handle_buff_status+0x3e>
10004974:	464b      	mov	r3, r9
10004976:	005b      	lsls	r3, r3, #1
10004978:	4443      	add	r3, r8
1000497a:	015b      	lsls	r3, r3, #5
1000497c:	4a19      	ldr	r2, [pc, #100]	; (100049e4 <hw_handle_buff_status+0x84>)
1000497e:	18d3      	adds	r3, r2, r3
10004980:	8a9a      	ldrh	r2, [r3, #20]
10004982:	7899      	ldrb	r1, [r3, #2]
10004984:	2301      	movs	r3, #1
10004986:	9300      	str	r3, [sp, #0]
10004988:	2300      	movs	r3, #0
1000498a:	2000      	movs	r0, #0
1000498c:	f000 fe2a 	bl	100055e4 <dcd_event_xfer_complete>
10004990:	0028      	movs	r0, r5
10004992:	f000 fa25 	bl	10004de0 <hw_endpoint_reset_transfer>
10004996:	43b7      	bics	r7, r6
10004998:	0076      	lsls	r6, r6, #1
1000499a:	3401      	adds	r4, #1
1000499c:	b2e4      	uxtb	r4, r4
1000499e:	2f00      	cmp	r7, #0
100049a0:	d018      	beq.n	100049d4 <hw_handle_buff_status+0x74>
100049a2:	2c1f      	cmp	r4, #31
100049a4:	d816      	bhi.n	100049d4 <hw_handle_buff_status+0x74>
100049a6:	423e      	tst	r6, r7
100049a8:	d0f6      	beq.n	10004998 <hw_handle_buff_status+0x38>
100049aa:	4b0f      	ldr	r3, [pc, #60]	; (100049e8 <hw_handle_buff_status+0x88>)
100049ac:	659e      	str	r6, [r3, #88]	; 0x58
100049ae:	0863      	lsrs	r3, r4, #1
100049b0:	4699      	mov	r9, r3
100049b2:	2301      	movs	r3, #1
100049b4:	4063      	eors	r3, r4
100049b6:	2201      	movs	r2, #1
100049b8:	401a      	ands	r2, r3
100049ba:	4690      	mov	r8, r2
100049bc:	464b      	mov	r3, r9
100049be:	005d      	lsls	r5, r3, #1
100049c0:	4445      	add	r5, r8
100049c2:	016d      	lsls	r5, r5, #5
100049c4:	4b07      	ldr	r3, [pc, #28]	; (100049e4 <hw_handle_buff_status+0x84>)
100049c6:	18ed      	adds	r5, r5, r3
100049c8:	0028      	movs	r0, r5
100049ca:	f000 fa99 	bl	10004f00 <hw_endpoint_xfer_continue>
100049ce:	2800      	cmp	r0, #0
100049d0:	d0e1      	beq.n	10004996 <hw_handle_buff_status+0x36>
100049d2:	e7cf      	b.n	10004974 <hw_handle_buff_status+0x14>
100049d4:	b003      	add	sp, #12
100049d6:	bc0c      	pop	{r2, r3}
100049d8:	4690      	mov	r8, r2
100049da:	4699      	mov	r9, r3
100049dc:	bdf0      	pop	{r4, r5, r6, r7, pc}
100049de:	46c0      	nop			; (mov r8, r8)
100049e0:	50110000 	.word	0x50110000
100049e4:	20000b84 	.word	0x20000b84
100049e8:	50113000 	.word	0x50113000

100049ec <dcd_rp2040_irq>:
100049ec:	b570      	push	{r4, r5, r6, lr}
100049ee:	4a2a      	ldr	r2, [pc, #168]	; (10004a98 <dcd_rp2040_irq+0xac>)
100049f0:	2398      	movs	r3, #152	; 0x98
100049f2:	58d5      	ldr	r5, [r2, r3]
100049f4:	2480      	movs	r4, #128	; 0x80
100049f6:	0264      	lsls	r4, r4, #9
100049f8:	402c      	ands	r4, r5
100049fa:	d10a      	bne.n	10004a12 <dcd_rp2040_irq+0x26>
100049fc:	06eb      	lsls	r3, r5, #27
100049fe:	d416      	bmi.n	10004a2e <dcd_rp2040_irq+0x42>
10004a00:	04eb      	lsls	r3, r5, #19
10004a02:	d419      	bmi.n	10004a38 <dcd_rp2040_irq+0x4c>
10004a04:	046b      	lsls	r3, r5, #17
10004a06:	d429      	bmi.n	10004a5c <dcd_rp2040_irq+0x70>
10004a08:	042b      	lsls	r3, r5, #16
10004a0a:	d433      	bmi.n	10004a74 <dcd_rp2040_irq+0x88>
10004a0c:	42ac      	cmp	r4, r5
10004a0e:	d13e      	bne.n	10004a8e <dcd_rp2040_irq+0xa2>
10004a10:	bd70      	pop	{r4, r5, r6, pc}
10004a12:	f7ff fef5 	bl	10004800 <reset_ep0_pid>
10004a16:	2201      	movs	r2, #1
10004a18:	4920      	ldr	r1, [pc, #128]	; (10004a9c <dcd_rp2040_irq+0xb0>)
10004a1a:	2000      	movs	r0, #0
10004a1c:	f000 fdc8 	bl	100055b0 <dcd_event_setup_received>
10004a20:	4b1f      	ldr	r3, [pc, #124]	; (10004aa0 <dcd_rp2040_irq+0xb4>)
10004a22:	2280      	movs	r2, #128	; 0x80
10004a24:	0292      	lsls	r2, r2, #10
10004a26:	651a      	str	r2, [r3, #80]	; 0x50
10004a28:	2480      	movs	r4, #128	; 0x80
10004a2a:	0264      	lsls	r4, r4, #9
10004a2c:	e7e6      	b.n	100049fc <dcd_rp2040_irq+0x10>
10004a2e:	2310      	movs	r3, #16
10004a30:	431c      	orrs	r4, r3
10004a32:	f7ff ff95 	bl	10004960 <hw_handle_buff_status>
10004a36:	e7e3      	b.n	10004a00 <dcd_rp2040_irq+0x14>
10004a38:	2380      	movs	r3, #128	; 0x80
10004a3a:	015b      	lsls	r3, r3, #5
10004a3c:	431c      	orrs	r4, r3
10004a3e:	4b16      	ldr	r3, [pc, #88]	; (10004a98 <dcd_rp2040_irq+0xac>)
10004a40:	2200      	movs	r2, #0
10004a42:	601a      	str	r2, [r3, #0]
10004a44:	f7ff ff6c 	bl	10004920 <reset_non_control_endpoints>
10004a48:	2201      	movs	r2, #1
10004a4a:	2100      	movs	r1, #0
10004a4c:	2000      	movs	r0, #0
10004a4e:	f000 fd99 	bl	10005584 <dcd_event_bus_reset>
10004a52:	4b13      	ldr	r3, [pc, #76]	; (10004aa0 <dcd_rp2040_irq+0xb4>)
10004a54:	2280      	movs	r2, #128	; 0x80
10004a56:	0312      	lsls	r2, r2, #12
10004a58:	651a      	str	r2, [r3, #80]	; 0x50
10004a5a:	e7d3      	b.n	10004a04 <dcd_rp2040_irq+0x18>
10004a5c:	2380      	movs	r3, #128	; 0x80
10004a5e:	01db      	lsls	r3, r3, #7
10004a60:	431c      	orrs	r4, r3
10004a62:	2201      	movs	r2, #1
10004a64:	2104      	movs	r1, #4
10004a66:	2000      	movs	r0, #0
10004a68:	f000 fd78 	bl	1000555c <dcd_event_bus_signal>
10004a6c:	4b0c      	ldr	r3, [pc, #48]	; (10004aa0 <dcd_rp2040_irq+0xb4>)
10004a6e:	2210      	movs	r2, #16
10004a70:	651a      	str	r2, [r3, #80]	; 0x50
10004a72:	e7c9      	b.n	10004a08 <dcd_rp2040_irq+0x1c>
10004a74:	2380      	movs	r3, #128	; 0x80
10004a76:	021b      	lsls	r3, r3, #8
10004a78:	431c      	orrs	r4, r3
10004a7a:	2201      	movs	r2, #1
10004a7c:	2105      	movs	r1, #5
10004a7e:	2000      	movs	r0, #0
10004a80:	f000 fd6c 	bl	1000555c <dcd_event_bus_signal>
10004a84:	4b06      	ldr	r3, [pc, #24]	; (10004aa0 <dcd_rp2040_irq+0xb4>)
10004a86:	2280      	movs	r2, #128	; 0x80
10004a88:	0112      	lsls	r2, r2, #4
10004a8a:	651a      	str	r2, [r3, #80]	; 0x50
10004a8c:	e7be      	b.n	10004a0c <dcd_rp2040_irq+0x20>
10004a8e:	0021      	movs	r1, r4
10004a90:	4069      	eors	r1, r5
10004a92:	4804      	ldr	r0, [pc, #16]	; (10004aa4 <dcd_rp2040_irq+0xb8>)
10004a94:	f7fd f940 	bl	10001d18 <panic>
10004a98:	50110000 	.word	0x50110000
10004a9c:	50100000 	.word	0x50100000
10004aa0:	50113000 	.word	0x50113000
10004aa4:	10008250 	.word	0x10008250

10004aa8 <hw_endpoint_xfer>:
10004aa8:	b570      	push	{r4, r5, r6, lr}
10004aaa:	000c      	movs	r4, r1
10004aac:	0015      	movs	r5, r2
10004aae:	f7ff fe9b 	bl	100047e8 <hw_endpoint_get_by_addr>
10004ab2:	002a      	movs	r2, r5
10004ab4:	0021      	movs	r1, r4
10004ab6:	f000 f9ff 	bl	10004eb8 <hw_endpoint_xfer_start>
10004aba:	bd70      	pop	{r4, r5, r6, pc}

10004abc <dcd_int_enable>:
10004abc:	b510      	push	{r4, lr}
10004abe:	2800      	cmp	r0, #0
10004ac0:	d104      	bne.n	10004acc <dcd_int_enable+0x10>
10004ac2:	2101      	movs	r1, #1
10004ac4:	2005      	movs	r0, #5
10004ac6:	f7fb fd61 	bl	1000058c <irq_set_enabled>
10004aca:	bd10      	pop	{r4, pc}
10004acc:	21b9      	movs	r1, #185	; 0xb9
10004ace:	4b03      	ldr	r3, [pc, #12]	; (10004adc <dcd_int_enable+0x20>)
10004ad0:	4a03      	ldr	r2, [pc, #12]	; (10004ae0 <dcd_int_enable+0x24>)
10004ad2:	0049      	lsls	r1, r1, #1
10004ad4:	4803      	ldr	r0, [pc, #12]	; (10004ae4 <dcd_int_enable+0x28>)
10004ad6:	f7fd f885 	bl	10001be4 <__assert_func>
10004ada:	46c0      	nop			; (mov r8, r8)
10004adc:	10008244 	.word	0x10008244
10004ae0:	10008148 	.word	0x10008148
10004ae4:	100081b8 	.word	0x100081b8

10004ae8 <dcd_set_address>:
10004ae8:	b510      	push	{r4, lr}
10004aea:	2800      	cmp	r0, #0
10004aec:	d105      	bne.n	10004afa <dcd_set_address+0x12>
10004aee:	2200      	movs	r2, #0
10004af0:	2100      	movs	r1, #0
10004af2:	2080      	movs	r0, #128	; 0x80
10004af4:	f7ff ffd8 	bl	10004aa8 <hw_endpoint_xfer>
10004af8:	bd10      	pop	{r4, pc}
10004afa:	21bf      	movs	r1, #191	; 0xbf
10004afc:	4b02      	ldr	r3, [pc, #8]	; (10004b08 <dcd_set_address+0x20>)
10004afe:	4a03      	ldr	r2, [pc, #12]	; (10004b0c <dcd_set_address+0x24>)
10004b00:	0049      	lsls	r1, r1, #1
10004b02:	4803      	ldr	r0, [pc, #12]	; (10004b10 <dcd_set_address+0x28>)
10004b04:	f7fd f86e 	bl	10001be4 <__assert_func>
10004b08:	10008244 	.word	0x10008244
10004b0c:	10008158 	.word	0x10008158
10004b10:	100081b8 	.word	0x100081b8

10004b14 <dcd_connect>:
10004b14:	4b02      	ldr	r3, [pc, #8]	; (10004b20 <dcd_connect+0xc>)
10004b16:	2280      	movs	r2, #128	; 0x80
10004b18:	0252      	lsls	r2, r2, #9
10004b1a:	64da      	str	r2, [r3, #76]	; 0x4c
10004b1c:	4770      	bx	lr
10004b1e:	46c0      	nop			; (mov r8, r8)
10004b20:	50112000 	.word	0x50112000

10004b24 <dcd_init>:
10004b24:	b570      	push	{r4, r5, r6, lr}
10004b26:	1e05      	subs	r5, r0, #0
10004b28:	d125      	bne.n	10004b76 <dcd_init+0x52>
10004b2a:	f000 f933 	bl	10004d94 <rp2040_usb_init>
10004b2e:	4c15      	ldr	r4, [pc, #84]	; (10004b84 <dcd_init+0x60>)
10004b30:	230c      	movs	r3, #12
10004b32:	67a3      	str	r3, [r4, #120]	; 0x78
10004b34:	4914      	ldr	r1, [pc, #80]	; (10004b88 <dcd_init+0x64>)
10004b36:	2005      	movs	r0, #5
10004b38:	f7fb fd52 	bl	100005e0 <irq_set_exclusive_handler>
10004b3c:	2240      	movs	r2, #64	; 0x40
10004b3e:	2100      	movs	r1, #0
10004b40:	4812      	ldr	r0, [pc, #72]	; (10004b8c <dcd_init+0x68>)
10004b42:	f7ff faf3 	bl	1000412c <__wrap_memset>
10004b46:	2200      	movs	r2, #0
10004b48:	2140      	movs	r1, #64	; 0x40
10004b4a:	2000      	movs	r0, #0
10004b4c:	f7ff fea4 	bl	10004898 <hw_endpoint_init>
10004b50:	2200      	movs	r2, #0
10004b52:	2140      	movs	r1, #64	; 0x40
10004b54:	2080      	movs	r0, #128	; 0x80
10004b56:	f7ff fe9f 	bl	10004898 <hw_endpoint_init>
10004b5a:	f7ff fee1 	bl	10004920 <reset_non_control_endpoints>
10004b5e:	2301      	movs	r3, #1
10004b60:	6423      	str	r3, [r4, #64]	; 0x40
10004b62:	2380      	movs	r3, #128	; 0x80
10004b64:	059b      	lsls	r3, r3, #22
10004b66:	64e3      	str	r3, [r4, #76]	; 0x4c
10004b68:	2390      	movs	r3, #144	; 0x90
10004b6a:	4a09      	ldr	r2, [pc, #36]	; (10004b90 <dcd_init+0x6c>)
10004b6c:	50e2      	str	r2, [r4, r3]
10004b6e:	0028      	movs	r0, r5
10004b70:	f7ff ffd0 	bl	10004b14 <dcd_connect>
10004b74:	bd70      	pop	{r4, r5, r6, pc}
10004b76:	214e      	movs	r1, #78	; 0x4e
10004b78:	4b06      	ldr	r3, [pc, #24]	; (10004b94 <dcd_init+0x70>)
10004b7a:	4a07      	ldr	r2, [pc, #28]	; (10004b98 <dcd_init+0x74>)
10004b7c:	31ff      	adds	r1, #255	; 0xff
10004b7e:	4807      	ldr	r0, [pc, #28]	; (10004b9c <dcd_init+0x78>)
10004b80:	f7fd f830 	bl	10001be4 <__assert_func>
10004b84:	50110000 	.word	0x50110000
10004b88:	100049ed 	.word	0x100049ed
10004b8c:	20000b84 	.word	0x20000b84
10004b90:	0001d010 	.word	0x0001d010
10004b94:	10008244 	.word	0x10008244
10004b98:	1000813c 	.word	0x1000813c
10004b9c:	100081b8 	.word	0x100081b8

10004ba0 <dcd_edpt0_status_complete>:
10004ba0:	780b      	ldrb	r3, [r1, #0]
10004ba2:	065b      	lsls	r3, r3, #25
10004ba4:	d102      	bne.n	10004bac <dcd_edpt0_status_complete+0xc>
10004ba6:	784b      	ldrb	r3, [r1, #1]
10004ba8:	2b05      	cmp	r3, #5
10004baa:	d000      	beq.n	10004bae <dcd_edpt0_status_complete+0xe>
10004bac:	4770      	bx	lr
10004bae:	788a      	ldrb	r2, [r1, #2]
10004bb0:	4b01      	ldr	r3, [pc, #4]	; (10004bb8 <dcd_edpt0_status_complete+0x18>)
10004bb2:	601a      	str	r2, [r3, #0]
10004bb4:	e7fa      	b.n	10004bac <dcd_edpt0_status_complete+0xc>
10004bb6:	46c0      	nop			; (mov r8, r8)
10004bb8:	50110000 	.word	0x50110000

10004bbc <dcd_edpt_open>:
10004bbc:	b510      	push	{r4, lr}
10004bbe:	000c      	movs	r4, r1
10004bc0:	2800      	cmp	r0, #0
10004bc2:	d10d      	bne.n	10004be0 <dcd_edpt_open+0x24>
10004bc4:	7909      	ldrb	r1, [r1, #4]
10004bc6:	7962      	ldrb	r2, [r4, #5]
10004bc8:	2307      	movs	r3, #7
10004bca:	4013      	ands	r3, r2
10004bcc:	021b      	lsls	r3, r3, #8
10004bce:	4319      	orrs	r1, r3
10004bd0:	78e2      	ldrb	r2, [r4, #3]
10004bd2:	0792      	lsls	r2, r2, #30
10004bd4:	0f92      	lsrs	r2, r2, #30
10004bd6:	78a0      	ldrb	r0, [r4, #2]
10004bd8:	f7ff fe5e 	bl	10004898 <hw_endpoint_init>
10004bdc:	2001      	movs	r0, #1
10004bde:	bd10      	pop	{r4, pc}
10004be0:	21d6      	movs	r1, #214	; 0xd6
10004be2:	4b03      	ldr	r3, [pc, #12]	; (10004bf0 <dcd_edpt_open+0x34>)
10004be4:	4a03      	ldr	r2, [pc, #12]	; (10004bf4 <dcd_edpt_open+0x38>)
10004be6:	0049      	lsls	r1, r1, #1
10004be8:	4803      	ldr	r0, [pc, #12]	; (10004bf8 <dcd_edpt_open+0x3c>)
10004bea:	f7fc fffb 	bl	10001be4 <__assert_func>
10004bee:	46c0      	nop			; (mov r8, r8)
10004bf0:	10008244 	.word	0x10008244
10004bf4:	10008168 	.word	0x10008168
10004bf8:	100081b8 	.word	0x100081b8

10004bfc <dcd_edpt_close_all>:
10004bfc:	b510      	push	{r4, lr}
10004bfe:	f7ff fe8f 	bl	10004920 <reset_non_control_endpoints>
10004c02:	bd10      	pop	{r4, pc}

10004c04 <dcd_edpt_xfer>:
10004c04:	b510      	push	{r4, lr}
10004c06:	000c      	movs	r4, r1
10004c08:	0011      	movs	r1, r2
10004c0a:	2800      	cmp	r0, #0
10004c0c:	d105      	bne.n	10004c1a <dcd_edpt_xfer+0x16>
10004c0e:	001a      	movs	r2, r3
10004c10:	0020      	movs	r0, r4
10004c12:	f7ff ff49 	bl	10004aa8 <hw_endpoint_xfer>
10004c16:	2001      	movs	r0, #1
10004c18:	bd10      	pop	{r4, pc}
10004c1a:	21bc      	movs	r1, #188	; 0xbc
10004c1c:	4b02      	ldr	r3, [pc, #8]	; (10004c28 <dcd_edpt_xfer+0x24>)
10004c1e:	4a03      	ldr	r2, [pc, #12]	; (10004c2c <dcd_edpt_xfer+0x28>)
10004c20:	31ff      	adds	r1, #255	; 0xff
10004c22:	4803      	ldr	r0, [pc, #12]	; (10004c30 <dcd_edpt_xfer+0x2c>)
10004c24:	f7fc ffde 	bl	10001be4 <__assert_func>
10004c28:	10008244 	.word	0x10008244
10004c2c:	10008178 	.word	0x10008178
10004c30:	100081b8 	.word	0x100081b8

10004c34 <dcd_edpt_stall>:
10004c34:	b510      	push	{r4, lr}
10004c36:	064b      	lsls	r3, r1, #25
10004c38:	d105      	bne.n	10004c46 <dcd_edpt_stall+0x12>
10004c3a:	09cb      	lsrs	r3, r1, #7
10004c3c:	2b01      	cmp	r3, #1
10004c3e:	d00b      	beq.n	10004c58 <dcd_edpt_stall+0x24>
10004c40:	2202      	movs	r2, #2
10004c42:	4b06      	ldr	r3, [pc, #24]	; (10004c5c <dcd_edpt_stall+0x28>)
10004c44:	669a      	str	r2, [r3, #104]	; 0x68
10004c46:	0008      	movs	r0, r1
10004c48:	f7ff fdce 	bl	100047e8 <hw_endpoint_get_by_addr>
10004c4c:	2280      	movs	r2, #128	; 0x80
10004c4e:	0112      	lsls	r2, r2, #4
10004c50:	2100      	movs	r1, #0
10004c52:	f000 f8cb 	bl	10004dec <_hw_endpoint_buffer_control_update32>
10004c56:	bd10      	pop	{r4, pc}
10004c58:	2201      	movs	r2, #1
10004c5a:	e7f2      	b.n	10004c42 <dcd_edpt_stall+0xe>
10004c5c:	50112000 	.word	0x50112000

10004c60 <dcd_edpt_clear_stall>:
10004c60:	b510      	push	{r4, lr}
10004c62:	064b      	lsls	r3, r1, #25
10004c64:	d100      	bne.n	10004c68 <dcd_edpt_clear_stall+0x8>
10004c66:	bd10      	pop	{r4, pc}
10004c68:	0008      	movs	r0, r1
10004c6a:	f7ff fdbd 	bl	100047e8 <hw_endpoint_get_by_addr>
10004c6e:	2300      	movs	r3, #0
10004c70:	70c3      	strb	r3, [r0, #3]
10004c72:	2200      	movs	r2, #0
10004c74:	4901      	ldr	r1, [pc, #4]	; (10004c7c <dcd_edpt_clear_stall+0x1c>)
10004c76:	f000 f8b9 	bl	10004dec <_hw_endpoint_buffer_control_update32>
10004c7a:	e7f4      	b.n	10004c66 <dcd_edpt_clear_stall+0x6>
10004c7c:	fffff7ff 	.word	0xfffff7ff

10004c80 <prepare_ep_buffer>:
10004c80:	b5f8      	push	{r3, r4, r5, r6, r7, lr}
10004c82:	0004      	movs	r4, r0
10004c84:	000f      	movs	r7, r1
10004c86:	8a43      	ldrh	r3, [r0, #18]
10004c88:	8b82      	ldrh	r2, [r0, #28]
10004c8a:	1c1e      	adds	r6, r3, #0
10004c8c:	4293      	cmp	r3, r2
10004c8e:	d900      	bls.n	10004c92 <prepare_ep_buffer+0x12>
10004c90:	1c16      	adds	r6, r2, #0
10004c92:	b2b6      	uxth	r6, r6
10004c94:	1b9b      	subs	r3, r3, r6
10004c96:	8263      	strh	r3, [r4, #18]
10004c98:	2580      	movs	r5, #128	; 0x80
10004c9a:	00ed      	lsls	r5, r5, #3
10004c9c:	4335      	orrs	r5, r6
10004c9e:	78e3      	ldrb	r3, [r4, #3]
10004ca0:	2b00      	cmp	r3, #0
10004ca2:	d013      	beq.n	10004ccc <prepare_ep_buffer+0x4c>
10004ca4:	2280      	movs	r2, #128	; 0x80
10004ca6:	0192      	lsls	r2, r2, #6
10004ca8:	4315      	orrs	r5, r2
10004caa:	2201      	movs	r2, #1
10004cac:	4053      	eors	r3, r2
10004cae:	70e3      	strb	r3, [r4, #3]
10004cb0:	7863      	ldrb	r3, [r4, #1]
10004cb2:	2b00      	cmp	r3, #0
10004cb4:	d00c      	beq.n	10004cd0 <prepare_ep_buffer+0x50>
10004cb6:	8a63      	ldrh	r3, [r4, #18]
10004cb8:	2b00      	cmp	r3, #0
10004cba:	d102      	bne.n	10004cc2 <prepare_ep_buffer+0x42>
10004cbc:	2380      	movs	r3, #128	; 0x80
10004cbe:	01db      	lsls	r3, r3, #7
10004cc0:	431d      	orrs	r5, r3
10004cc2:	2f00      	cmp	r7, #0
10004cc4:	d000      	beq.n	10004cc8 <prepare_ep_buffer+0x48>
10004cc6:	042d      	lsls	r5, r5, #16
10004cc8:	0028      	movs	r0, r5
10004cca:	bdf8      	pop	{r3, r4, r5, r6, r7, pc}
10004ccc:	2200      	movs	r2, #0
10004cce:	e7eb      	b.n	10004ca8 <prepare_ep_buffer+0x28>
10004cd0:	01b8      	lsls	r0, r7, #6
10004cd2:	68e3      	ldr	r3, [r4, #12]
10004cd4:	469c      	mov	ip, r3
10004cd6:	4460      	add	r0, ip
10004cd8:	0032      	movs	r2, r6
10004cda:	69a1      	ldr	r1, [r4, #24]
10004cdc:	f7ff fa2c 	bl	10004138 <__wrap___aeabi_memcpy>
10004ce0:	69a3      	ldr	r3, [r4, #24]
10004ce2:	469c      	mov	ip, r3
10004ce4:	4466      	add	r6, ip
10004ce6:	61a6      	str	r6, [r4, #24]
10004ce8:	2380      	movs	r3, #128	; 0x80
10004cea:	021b      	lsls	r3, r3, #8
10004cec:	431d      	orrs	r5, r3
10004cee:	e7e2      	b.n	10004cb6 <prepare_ep_buffer+0x36>

10004cf0 <sync_ep_buffer>:
10004cf0:	b570      	push	{r4, r5, r6, lr}
10004cf2:	0004      	movs	r4, r0
10004cf4:	6883      	ldr	r3, [r0, #8]
10004cf6:	681b      	ldr	r3, [r3, #0]
10004cf8:	2900      	cmp	r1, #0
10004cfa:	d000      	beq.n	10004cfe <sync_ep_buffer+0xe>
10004cfc:	0c1b      	lsrs	r3, r3, #16
10004cfe:	059d      	lsls	r5, r3, #22
10004d00:	0dad      	lsrs	r5, r5, #22
10004d02:	7862      	ldrb	r2, [r4, #1]
10004d04:	2a00      	cmp	r2, #0
10004d06:	d111      	bne.n	10004d2c <sync_ep_buffer+0x3c>
10004d08:	041b      	lsls	r3, r3, #16
10004d0a:	d409      	bmi.n	10004d20 <sync_ep_buffer+0x30>
10004d0c:	8aa3      	ldrh	r3, [r4, #20]
10004d0e:	195b      	adds	r3, r3, r5
10004d10:	82a3      	strh	r3, [r4, #20]
10004d12:	8ba3      	ldrh	r3, [r4, #28]
10004d14:	42ab      	cmp	r3, r5
10004d16:	d901      	bls.n	10004d1c <sync_ep_buffer+0x2c>
10004d18:	2300      	movs	r3, #0
10004d1a:	8263      	strh	r3, [r4, #18]
10004d1c:	0028      	movs	r0, r5
10004d1e:	bd70      	pop	{r4, r5, r6, pc}
10004d20:	4b0e      	ldr	r3, [pc, #56]	; (10004d5c <sync_ep_buffer+0x6c>)
10004d22:	4a0f      	ldr	r2, [pc, #60]	; (10004d60 <sync_ep_buffer+0x70>)
10004d24:	21d7      	movs	r1, #215	; 0xd7
10004d26:	480f      	ldr	r0, [pc, #60]	; (10004d64 <sync_ep_buffer+0x74>)
10004d28:	f7fc ff5c 	bl	10001be4 <__assert_func>
10004d2c:	041b      	lsls	r3, r3, #16
10004d2e:	d50e      	bpl.n	10004d4e <sync_ep_buffer+0x5e>
10004d30:	0189      	lsls	r1, r1, #6
10004d32:	68e3      	ldr	r3, [r4, #12]
10004d34:	469c      	mov	ip, r3
10004d36:	4461      	add	r1, ip
10004d38:	002a      	movs	r2, r5
10004d3a:	69a0      	ldr	r0, [r4, #24]
10004d3c:	f7ff f9fc 	bl	10004138 <__wrap___aeabi_memcpy>
10004d40:	8aa3      	ldrh	r3, [r4, #20]
10004d42:	195b      	adds	r3, r3, r5
10004d44:	82a3      	strh	r3, [r4, #20]
10004d46:	69a3      	ldr	r3, [r4, #24]
10004d48:	195b      	adds	r3, r3, r5
10004d4a:	61a3      	str	r3, [r4, #24]
10004d4c:	e7e1      	b.n	10004d12 <sync_ep_buffer+0x22>
10004d4e:	4b06      	ldr	r3, [pc, #24]	; (10004d68 <sync_ep_buffer+0x78>)
10004d50:	4a03      	ldr	r2, [pc, #12]	; (10004d60 <sync_ep_buffer+0x70>)
10004d52:	21de      	movs	r1, #222	; 0xde
10004d54:	4803      	ldr	r0, [pc, #12]	; (10004d64 <sync_ep_buffer+0x74>)
10004d56:	f7fc ff45 	bl	10001be4 <__assert_func>
10004d5a:	46c0      	nop			; (mov r8, r8)
10004d5c:	10008300 	.word	0x10008300
10004d60:	10008264 	.word	0x10008264
10004d64:	10008320 	.word	0x10008320
10004d68:	10008378 	.word	0x10008378

10004d6c <_hw_endpoint_xfer_sync>:
10004d6c:	b510      	push	{r4, lr}
10004d6e:	0004      	movs	r4, r0
10004d70:	6883      	ldr	r3, [r0, #8]
10004d72:	681b      	ldr	r3, [r3, #0]
10004d74:	2100      	movs	r1, #0
10004d76:	f7ff ffbb 	bl	10004cf0 <sync_ep_buffer>
10004d7a:	6863      	ldr	r3, [r4, #4]
10004d7c:	681b      	ldr	r3, [r3, #0]
10004d7e:	005b      	lsls	r3, r3, #1
10004d80:	d502      	bpl.n	10004d88 <_hw_endpoint_xfer_sync+0x1c>
10004d82:	8ba3      	ldrh	r3, [r4, #28]
10004d84:	4283      	cmp	r3, r0
10004d86:	d000      	beq.n	10004d8a <_hw_endpoint_xfer_sync+0x1e>
10004d88:	bd10      	pop	{r4, pc}
10004d8a:	2101      	movs	r1, #1
10004d8c:	0020      	movs	r0, r4
10004d8e:	f7ff ffaf 	bl	10004cf0 <sync_ep_buffer>
10004d92:	e7f9      	b.n	10004d88 <_hw_endpoint_xfer_sync+0x1c>

10004d94 <rp2040_usb_init>:
10004d94:	b510      	push	{r4, lr}
10004d96:	2380      	movs	r3, #128	; 0x80
10004d98:	045b      	lsls	r3, r3, #17
10004d9a:	4a0c      	ldr	r2, [pc, #48]	; (10004dcc <rp2040_usb_init+0x38>)
10004d9c:	6013      	str	r3, [r2, #0]
10004d9e:	4a0c      	ldr	r2, [pc, #48]	; (10004dd0 <rp2040_usb_init+0x3c>)
10004da0:	6013      	str	r3, [r2, #0]
10004da2:	4b0c      	ldr	r3, [pc, #48]	; (10004dd4 <rp2040_usb_init+0x40>)
10004da4:	689a      	ldr	r2, [r3, #8]
10004da6:	2380      	movs	r3, #128	; 0x80
10004da8:	045b      	lsls	r3, r3, #17
10004daa:	4393      	bics	r3, r2
10004dac:	d1f9      	bne.n	10004da2 <rp2040_usb_init+0xe>
10004dae:	4c0a      	ldr	r4, [pc, #40]	; (10004dd8 <rp2040_usb_init+0x44>)
10004db0:	229c      	movs	r2, #156	; 0x9c
10004db2:	2100      	movs	r1, #0
10004db4:	0020      	movs	r0, r4
10004db6:	f7ff f9b9 	bl	1000412c <__wrap_memset>
10004dba:	2280      	movs	r2, #128	; 0x80
10004dbc:	0152      	lsls	r2, r2, #5
10004dbe:	2100      	movs	r1, #0
10004dc0:	4806      	ldr	r0, [pc, #24]	; (10004ddc <rp2040_usb_init+0x48>)
10004dc2:	f7ff f9b3 	bl	1000412c <__wrap_memset>
10004dc6:	2309      	movs	r3, #9
10004dc8:	6763      	str	r3, [r4, #116]	; 0x74
10004dca:	bd10      	pop	{r4, pc}
10004dcc:	4000e000 	.word	0x4000e000
10004dd0:	4000f000 	.word	0x4000f000
10004dd4:	4000c000 	.word	0x4000c000
10004dd8:	50110000 	.word	0x50110000
10004ddc:	50100000 	.word	0x50100000

10004de0 <hw_endpoint_reset_transfer>:
10004de0:	2300      	movs	r3, #0
10004de2:	7403      	strb	r3, [r0, #16]
10004de4:	8243      	strh	r3, [r0, #18]
10004de6:	8283      	strh	r3, [r0, #20]
10004de8:	6183      	str	r3, [r0, #24]
10004dea:	4770      	bx	lr

10004dec <_hw_endpoint_buffer_control_update32>:
10004dec:	b510      	push	{r4, lr}
10004dee:	2900      	cmp	r1, #0
10004df0:	d002      	beq.n	10004df8 <_hw_endpoint_buffer_control_update32+0xc>
10004df2:	6883      	ldr	r3, [r0, #8]
10004df4:	681b      	ldr	r3, [r3, #0]
10004df6:	4019      	ands	r1, r3
10004df8:	2a00      	cmp	r2, #0
10004dfa:	d00f      	beq.n	10004e1c <_hw_endpoint_buffer_control_update32+0x30>
10004dfc:	4311      	orrs	r1, r2
10004dfe:	0553      	lsls	r3, r2, #21
10004e00:	d50c      	bpl.n	10004e1c <_hw_endpoint_buffer_control_update32+0x30>
10004e02:	6882      	ldr	r2, [r0, #8]
10004e04:	6813      	ldr	r3, [r2, #0]
10004e06:	055b      	lsls	r3, r3, #21
10004e08:	d40b      	bmi.n	10004e22 <_hw_endpoint_buffer_control_update32+0x36>
10004e0a:	4b0b      	ldr	r3, [pc, #44]	; (10004e38 <_hw_endpoint_buffer_control_update32+0x4c>)
10004e0c:	400b      	ands	r3, r1
10004e0e:	6013      	str	r3, [r2, #0]
10004e10:	e7ff      	b.n	10004e12 <_hw_endpoint_buffer_control_update32+0x26>
10004e12:	e7ff      	b.n	10004e14 <_hw_endpoint_buffer_control_update32+0x28>
10004e14:	e7ff      	b.n	10004e16 <_hw_endpoint_buffer_control_update32+0x2a>
10004e16:	e7ff      	b.n	10004e18 <_hw_endpoint_buffer_control_update32+0x2c>
10004e18:	e7ff      	b.n	10004e1a <_hw_endpoint_buffer_control_update32+0x2e>
10004e1a:	e7ff      	b.n	10004e1c <_hw_endpoint_buffer_control_update32+0x30>
10004e1c:	6883      	ldr	r3, [r0, #8]
10004e1e:	6019      	str	r1, [r3, #0]
10004e20:	bd10      	pop	{r4, pc}
10004e22:	7883      	ldrb	r3, [r0, #2]
10004e24:	217f      	movs	r1, #127	; 0x7f
10004e26:	4019      	ands	r1, r3
10004e28:	09db      	lsrs	r3, r3, #7
10004e2a:	009b      	lsls	r3, r3, #2
10004e2c:	4a03      	ldr	r2, [pc, #12]	; (10004e3c <_hw_endpoint_buffer_control_update32+0x50>)
10004e2e:	589a      	ldr	r2, [r3, r2]
10004e30:	4803      	ldr	r0, [pc, #12]	; (10004e40 <_hw_endpoint_buffer_control_update32+0x54>)
10004e32:	f7fc ff71 	bl	10001d18 <panic>
10004e36:	46c0      	nop			; (mov r8, r8)
10004e38:	fffffbff 	.word	0xfffffbff
10004e3c:	200004d4 	.word	0x200004d4
10004e40:	10008274 	.word	0x10008274

10004e44 <_hw_endpoint_start_next_buffer>:
10004e44:	b570      	push	{r4, r5, r6, lr}
10004e46:	0004      	movs	r4, r0
10004e48:	6843      	ldr	r3, [r0, #4]
10004e4a:	681e      	ldr	r6, [r3, #0]
10004e4c:	2100      	movs	r1, #0
10004e4e:	f7ff ff17 	bl	10004c80 <prepare_ep_buffer>
10004e52:	2580      	movs	r5, #128	; 0x80
10004e54:	016d      	lsls	r5, r5, #5
10004e56:	4305      	orrs	r5, r0
10004e58:	4b14      	ldr	r3, [pc, #80]	; (10004eac <_hw_endpoint_start_next_buffer+0x68>)
10004e5a:	6c1b      	ldr	r3, [r3, #64]	; 0x40
10004e5c:	079b      	lsls	r3, r3, #30
10004e5e:	d404      	bmi.n	10004e6a <_hw_endpoint_start_next_buffer+0x26>
10004e60:	78a3      	ldrb	r3, [r4, #2]
10004e62:	09db      	lsrs	r3, r3, #7
10004e64:	d114      	bne.n	10004e90 <_hw_endpoint_start_next_buffer+0x4c>
10004e66:	3301      	adds	r3, #1
10004e68:	e000      	b.n	10004e6c <_hw_endpoint_start_next_buffer+0x28>
10004e6a:	2300      	movs	r3, #0
10004e6c:	8a62      	ldrh	r2, [r4, #18]
10004e6e:	2a00      	cmp	r2, #0
10004e70:	d001      	beq.n	10004e76 <_hw_endpoint_start_next_buffer+0x32>
10004e72:	2b00      	cmp	r3, #0
10004e74:	d00e      	beq.n	10004e94 <_hw_endpoint_start_next_buffer+0x50>
10004e76:	4b0e      	ldr	r3, [pc, #56]	; (10004eb0 <_hw_endpoint_start_next_buffer+0x6c>)
10004e78:	401e      	ands	r6, r3
10004e7a:	2380      	movs	r3, #128	; 0x80
10004e7c:	059b      	lsls	r3, r3, #22
10004e7e:	4333      	orrs	r3, r6
10004e80:	6862      	ldr	r2, [r4, #4]
10004e82:	6013      	str	r3, [r2, #0]
10004e84:	002a      	movs	r2, r5
10004e86:	2100      	movs	r1, #0
10004e88:	0020      	movs	r0, r4
10004e8a:	f7ff ffaf 	bl	10004dec <_hw_endpoint_buffer_control_update32>
10004e8e:	bd70      	pop	{r4, r5, r6, pc}
10004e90:	2300      	movs	r3, #0
10004e92:	e7eb      	b.n	10004e6c <_hw_endpoint_start_next_buffer+0x28>
10004e94:	2101      	movs	r1, #1
10004e96:	0020      	movs	r0, r4
10004e98:	f7ff fef2 	bl	10004c80 <prepare_ep_buffer>
10004e9c:	4305      	orrs	r5, r0
10004e9e:	4b05      	ldr	r3, [pc, #20]	; (10004eb4 <_hw_endpoint_start_next_buffer+0x70>)
10004ea0:	401e      	ands	r6, r3
10004ea2:	23a0      	movs	r3, #160	; 0xa0
10004ea4:	05db      	lsls	r3, r3, #23
10004ea6:	4333      	orrs	r3, r6
10004ea8:	e7ea      	b.n	10004e80 <_hw_endpoint_start_next_buffer+0x3c>
10004eaa:	46c0      	nop			; (mov r8, r8)
10004eac:	50110000 	.word	0x50110000
10004eb0:	afffffff 	.word	0xafffffff
10004eb4:	dfffffff 	.word	0xdfffffff

10004eb8 <hw_endpoint_xfer_start>:
10004eb8:	b570      	push	{r4, r5, r6, lr}
10004eba:	0004      	movs	r4, r0
10004ebc:	000d      	movs	r5, r1
10004ebe:	0016      	movs	r6, r2
10004ec0:	7c03      	ldrb	r3, [r0, #16]
10004ec2:	2b00      	cmp	r3, #0
10004ec4:	d109      	bne.n	10004eda <hw_endpoint_xfer_start+0x22>
10004ec6:	8266      	strh	r6, [r4, #18]
10004ec8:	2300      	movs	r3, #0
10004eca:	82a3      	strh	r3, [r4, #20]
10004ecc:	3301      	adds	r3, #1
10004ece:	7423      	strb	r3, [r4, #16]
10004ed0:	61a5      	str	r5, [r4, #24]
10004ed2:	0020      	movs	r0, r4
10004ed4:	f7ff ffb6 	bl	10004e44 <_hw_endpoint_start_next_buffer>
10004ed8:	bd70      	pop	{r4, r5, r6, pc}
10004eda:	7883      	ldrb	r3, [r0, #2]
10004edc:	217f      	movs	r1, #127	; 0x7f
10004ede:	4019      	ands	r1, r3
10004ee0:	09db      	lsrs	r3, r3, #7
10004ee2:	009b      	lsls	r3, r3, #2
10004ee4:	4a04      	ldr	r2, [pc, #16]	; (10004ef8 <hw_endpoint_xfer_start+0x40>)
10004ee6:	589a      	ldr	r2, [r3, r2]
10004ee8:	4804      	ldr	r0, [pc, #16]	; (10004efc <hw_endpoint_xfer_start+0x44>)
10004eea:	f7ff fa67 	bl	100043bc <__wrap_printf>
10004eee:	0020      	movs	r0, r4
10004ef0:	f7ff ff76 	bl	10004de0 <hw_endpoint_reset_transfer>
10004ef4:	e7e7      	b.n	10004ec6 <hw_endpoint_xfer_start+0xe>
10004ef6:	46c0      	nop			; (mov r8, r8)
10004ef8:	200004d4 	.word	0x200004d4
10004efc:	100082c0 	.word	0x100082c0

10004f00 <hw_endpoint_xfer_continue>:
10004f00:	b570      	push	{r4, r5, r6, lr}
10004f02:	0004      	movs	r4, r0
10004f04:	7c05      	ldrb	r5, [r0, #16]
10004f06:	2d00      	cmp	r5, #0
10004f08:	d006      	beq.n	10004f18 <hw_endpoint_xfer_continue+0x18>
10004f0a:	f7ff ff2f 	bl	10004d6c <_hw_endpoint_xfer_sync>
10004f0e:	8a63      	ldrh	r3, [r4, #18]
10004f10:	2b00      	cmp	r3, #0
10004f12:	d108      	bne.n	10004f26 <hw_endpoint_xfer_continue+0x26>
10004f14:	0028      	movs	r0, r5
10004f16:	bd70      	pop	{r4, r5, r6, pc}
10004f18:	7881      	ldrb	r1, [r0, #2]
10004f1a:	237f      	movs	r3, #127	; 0x7f
10004f1c:	4019      	ands	r1, r3
10004f1e:	4a04      	ldr	r2, [pc, #16]	; (10004f30 <hw_endpoint_xfer_continue+0x30>)
10004f20:	4804      	ldr	r0, [pc, #16]	; (10004f34 <hw_endpoint_xfer_continue+0x34>)
10004f22:	f7fc fef9 	bl	10001d18 <panic>
10004f26:	0020      	movs	r0, r4
10004f28:	f7ff ff8c 	bl	10004e44 <_hw_endpoint_start_next_buffer>
10004f2c:	2500      	movs	r5, #0
10004f2e:	e7f1      	b.n	10004f14 <hw_endpoint_xfer_continue+0x14>
10004f30:	200004d4 	.word	0x200004d4
10004f34:	10008294 	.word	0x10008294

10004f38 <configuration_reset>:
10004f38:	b570      	push	{r4, r5, r6, lr}
10004f3a:	0005      	movs	r5, r0
10004f3c:	2400      	movs	r4, #0
10004f3e:	e00e      	b.n	10004f5e <configuration_reset+0x26>
10004f40:	0062      	lsls	r2, r4, #1
10004f42:	1912      	adds	r2, r2, r4
10004f44:	00d1      	lsls	r1, r2, #3
10004f46:	4b18      	ldr	r3, [pc, #96]	; (10004fa8 <configuration_reset+0x70>)
10004f48:	681b      	ldr	r3, [r3, #0]
10004f4a:	185b      	adds	r3, r3, r1
10004f4c:	e002      	b.n	10004f54 <configuration_reset+0x1c>
10004f4e:	0023      	movs	r3, r4
10004f50:	e010      	b.n	10004f74 <configuration_reset+0x3c>
10004f52:	2300      	movs	r3, #0
10004f54:	685b      	ldr	r3, [r3, #4]
10004f56:	0028      	movs	r0, r5
10004f58:	4798      	blx	r3
10004f5a:	3401      	adds	r4, #1
10004f5c:	b2e4      	uxtb	r4, r4
10004f5e:	4b13      	ldr	r3, [pc, #76]	; (10004fac <configuration_reset+0x74>)
10004f60:	781b      	ldrb	r3, [r3, #0]
10004f62:	42a3      	cmp	r3, r4
10004f64:	d30e      	bcc.n	10004f84 <configuration_reset+0x4c>
10004f66:	4a12      	ldr	r2, [pc, #72]	; (10004fb0 <configuration_reset+0x78>)
10004f68:	2a00      	cmp	r2, #0
10004f6a:	d0f0      	beq.n	10004f4e <configuration_reset+0x16>
10004f6c:	42a3      	cmp	r3, r4
10004f6e:	d8e7      	bhi.n	10004f40 <configuration_reset+0x8>
10004f70:	1ae3      	subs	r3, r4, r3
10004f72:	b2db      	uxtb	r3, r3
10004f74:	2b00      	cmp	r3, #0
10004f76:	d1ec      	bne.n	10004f52 <configuration_reset+0x1a>
10004f78:	005a      	lsls	r2, r3, #1
10004f7a:	18d3      	adds	r3, r2, r3
10004f7c:	00da      	lsls	r2, r3, #3
10004f7e:	4b0d      	ldr	r3, [pc, #52]	; (10004fb4 <configuration_reset+0x7c>)
10004f80:	189b      	adds	r3, r3, r2
10004f82:	e7e7      	b.n	10004f54 <configuration_reset+0x1c>
10004f84:	4c0c      	ldr	r4, [pc, #48]	; (10004fb8 <configuration_reset+0x80>)
10004f86:	2253      	movs	r2, #83	; 0x53
10004f88:	2100      	movs	r1, #0
10004f8a:	0020      	movs	r0, r4
10004f8c:	f7ff f8ce 	bl	1000412c <__wrap_memset>
10004f90:	1ce0      	adds	r0, r4, #3
10004f92:	2210      	movs	r2, #16
10004f94:	21ff      	movs	r1, #255	; 0xff
10004f96:	f7ff f8c9 	bl	1000412c <__wrap_memset>
10004f9a:	0020      	movs	r0, r4
10004f9c:	3013      	adds	r0, #19
10004f9e:	2220      	movs	r2, #32
10004fa0:	21ff      	movs	r1, #255	; 0xff
10004fa2:	f7ff f8c3 	bl	1000412c <__wrap_memset>
10004fa6:	bd70      	pop	{r4, r5, r6, pc}
10004fa8:	20000644 	.word	0x20000644
10004fac:	20000fda 	.word	0x20000fda
10004fb0:	10004491 	.word	0x10004491
10004fb4:	100084b8 	.word	0x100084b8
10004fb8:	2000097c 	.word	0x2000097c

10004fbc <usbd_reset>:
10004fbc:	b510      	push	{r4, lr}
10004fbe:	f7ff ffbb 	bl	10004f38 <configuration_reset>
10004fc2:	f001 f82f 	bl	10006024 <usbd_control_reset>
10004fc6:	bd10      	pop	{r4, pc}

10004fc8 <invoke_class_control>:
10004fc8:	b570      	push	{r4, r5, r6, lr}
10004fca:	0005      	movs	r5, r0
10004fcc:	000c      	movs	r4, r1
10004fce:	0016      	movs	r6, r2
10004fd0:	68c8      	ldr	r0, [r1, #12]
10004fd2:	f001 f831 	bl	10006038 <usbd_control_set_complete_callback>
10004fd6:	68e3      	ldr	r3, [r4, #12]
10004fd8:	0032      	movs	r2, r6
10004fda:	2100      	movs	r1, #0
10004fdc:	0028      	movs	r0, r5
10004fde:	4798      	blx	r3
10004fe0:	bd70      	pop	{r4, r5, r6, pc}
	...

10004fe4 <process_set_config>:
10004fe4:	b5f0      	push	{r4, r5, r6, r7, lr}
10004fe6:	46de      	mov	lr, fp
10004fe8:	4657      	mov	r7, sl
10004fea:	4646      	mov	r6, r8
10004fec:	b5c0      	push	{r6, r7, lr}
10004fee:	b082      	sub	sp, #8
10004ff0:	9001      	str	r0, [sp, #4]
10004ff2:	3901      	subs	r1, #1
10004ff4:	b2c8      	uxtb	r0, r1
10004ff6:	f7ff fbbd 	bl	10004774 <tud_descriptor_configuration_cb>
10004ffa:	2800      	cmp	r0, #0
10004ffc:	d003      	beq.n	10005006 <process_set_config+0x22>
10004ffe:	7843      	ldrb	r3, [r0, #1]
10005000:	4698      	mov	r8, r3
10005002:	2b02      	cmp	r3, #2
10005004:	d00b      	beq.n	1000501e <process_set_config+0x3a>
10005006:	4a55      	ldr	r2, [pc, #340]	; (1000515c <process_set_config+0x178>)
10005008:	4955      	ldr	r1, [pc, #340]	; (10005160 <process_set_config+0x17c>)
1000500a:	4856      	ldr	r0, [pc, #344]	; (10005164 <process_set_config+0x180>)
1000500c:	f7ff f9d6 	bl	100043bc <__wrap_printf>
10005010:	2000      	movs	r0, #0
10005012:	b002      	add	sp, #8
10005014:	bc1c      	pop	{r2, r3, r4}
10005016:	4690      	mov	r8, r2
10005018:	469a      	mov	sl, r3
1000501a:	46a3      	mov	fp, r4
1000501c:	bdf0      	pop	{r4, r5, r6, r7, pc}
1000501e:	79c5      	ldrb	r5, [r0, #7]
10005020:	116b      	asrs	r3, r5, #5
10005022:	2201      	movs	r2, #1
10005024:	4c50      	ldr	r4, [pc, #320]	; (10005168 <process_set_config+0x184>)
10005026:	4013      	ands	r3, r2
10005028:	0119      	lsls	r1, r3, #4
1000502a:	7823      	ldrb	r3, [r4, #0]
1000502c:	2610      	movs	r6, #16
1000502e:	43b3      	bics	r3, r6
10005030:	11ad      	asrs	r5, r5, #6
10005032:	402a      	ands	r2, r5
10005034:	0152      	lsls	r2, r2, #5
10005036:	430b      	orrs	r3, r1
10005038:	2120      	movs	r1, #32
1000503a:	438b      	bics	r3, r1
1000503c:	4313      	orrs	r3, r2
1000503e:	7023      	strb	r3, [r4, #0]
10005040:	0005      	movs	r5, r0
10005042:	3509      	adds	r5, #9
10005044:	7882      	ldrb	r2, [r0, #2]
10005046:	78c3      	ldrb	r3, [r0, #3]
10005048:	021b      	lsls	r3, r3, #8
1000504a:	4313      	orrs	r3, r2
1000504c:	4682      	mov	sl, r0
1000504e:	449a      	add	sl, r3
10005050:	e062      	b.n	10005118 <process_set_config+0x134>
10005052:	78eb      	ldrb	r3, [r5, #3]
10005054:	469b      	mov	fp, r3
10005056:	782b      	ldrb	r3, [r5, #0]
10005058:	18ed      	adds	r5, r5, r3
1000505a:	e064      	b.n	10005126 <process_set_config+0x142>
1000505c:	4a43      	ldr	r2, [pc, #268]	; (1000516c <process_set_config+0x188>)
1000505e:	4940      	ldr	r1, [pc, #256]	; (10005160 <process_set_config+0x17c>)
10005060:	4840      	ldr	r0, [pc, #256]	; (10005164 <process_set_config+0x180>)
10005062:	f7ff f9ab 	bl	100043bc <__wrap_printf>
10005066:	2000      	movs	r0, #0
10005068:	e7d3      	b.n	10005012 <process_set_config+0x2e>
1000506a:	0063      	lsls	r3, r4, #1
1000506c:	191b      	adds	r3, r3, r4
1000506e:	00db      	lsls	r3, r3, #3
10005070:	4a3f      	ldr	r2, [pc, #252]	; (10005170 <process_set_config+0x18c>)
10005072:	6816      	ldr	r6, [r2, #0]
10005074:	18f6      	adds	r6, r6, r3
10005076:	e002      	b.n	1000507e <process_set_config+0x9a>
10005078:	0023      	movs	r3, r4
1000507a:	e018      	b.n	100050ae <process_set_config+0xca>
1000507c:	2600      	movs	r6, #0
1000507e:	9a00      	ldr	r2, [sp, #0]
10005080:	0029      	movs	r1, r5
10005082:	9801      	ldr	r0, [sp, #4]
10005084:	68b7      	ldr	r7, [r6, #8]
10005086:	47b8      	blx	r7
10005088:	0007      	movs	r7, r0
1000508a:	2808      	cmp	r0, #8
1000508c:	d902      	bls.n	10005094 <process_set_config+0xb0>
1000508e:	9b00      	ldr	r3, [sp, #0]
10005090:	4283      	cmp	r3, r0
10005092:	d214      	bcs.n	100050be <process_set_config+0xda>
10005094:	3401      	adds	r4, #1
10005096:	b2e4      	uxtb	r4, r4
10005098:	4b36      	ldr	r3, [pc, #216]	; (10005174 <process_set_config+0x190>)
1000509a:	781b      	ldrb	r3, [r3, #0]
1000509c:	42a3      	cmp	r3, r4
1000509e:	d337      	bcc.n	10005110 <process_set_config+0x12c>
100050a0:	4a35      	ldr	r2, [pc, #212]	; (10005178 <process_set_config+0x194>)
100050a2:	2a00      	cmp	r2, #0
100050a4:	d0e8      	beq.n	10005078 <process_set_config+0x94>
100050a6:	42a3      	cmp	r3, r4
100050a8:	d8df      	bhi.n	1000506a <process_set_config+0x86>
100050aa:	1ae3      	subs	r3, r4, r3
100050ac:	b2db      	uxtb	r3, r3
100050ae:	2b00      	cmp	r3, #0
100050b0:	d1e4      	bne.n	1000507c <process_set_config+0x98>
100050b2:	005a      	lsls	r2, r3, #1
100050b4:	18d3      	adds	r3, r2, r3
100050b6:	00db      	lsls	r3, r3, #3
100050b8:	4e30      	ldr	r6, [pc, #192]	; (1000517c <process_set_config+0x198>)
100050ba:	18f6      	adds	r6, r6, r3
100050bc:	e7df      	b.n	1000507e <process_set_config+0x9a>
100050be:	465b      	mov	r3, fp
100050c0:	2b01      	cmp	r3, #1
100050c2:	d010      	beq.n	100050e6 <process_set_config+0x102>
100050c4:	2200      	movs	r2, #0
100050c6:	4593      	cmp	fp, r2
100050c8:	d91a      	bls.n	10005100 <process_set_config+0x11c>
100050ca:	78ab      	ldrb	r3, [r5, #2]
100050cc:	189b      	adds	r3, r3, r2
100050ce:	b2db      	uxtb	r3, r3
100050d0:	4925      	ldr	r1, [pc, #148]	; (10005168 <process_set_config+0x184>)
100050d2:	18c9      	adds	r1, r1, r3
100050d4:	78c9      	ldrb	r1, [r1, #3]
100050d6:	29ff      	cmp	r1, #255	; 0xff
100050d8:	d10b      	bne.n	100050f2 <process_set_config+0x10e>
100050da:	4923      	ldr	r1, [pc, #140]	; (10005168 <process_set_config+0x184>)
100050dc:	18cb      	adds	r3, r1, r3
100050de:	70dc      	strb	r4, [r3, #3]
100050e0:	3201      	adds	r2, #1
100050e2:	b2d2      	uxtb	r2, r2
100050e4:	e7ef      	b.n	100050c6 <process_set_config+0xe2>
100050e6:	68b2      	ldr	r2, [r6, #8]
100050e8:	4b25      	ldr	r3, [pc, #148]	; (10005180 <process_set_config+0x19c>)
100050ea:	429a      	cmp	r2, r3
100050ec:	d1ea      	bne.n	100050c4 <process_set_config+0xe0>
100050ee:	46c3      	mov	fp, r8
100050f0:	e7e8      	b.n	100050c4 <process_set_config+0xe0>
100050f2:	4a24      	ldr	r2, [pc, #144]	; (10005184 <process_set_config+0x1a0>)
100050f4:	491a      	ldr	r1, [pc, #104]	; (10005160 <process_set_config+0x17c>)
100050f6:	481b      	ldr	r0, [pc, #108]	; (10005164 <process_set_config+0x180>)
100050f8:	f7ff f960 	bl	100043bc <__wrap_printf>
100050fc:	2000      	movs	r0, #0
100050fe:	e788      	b.n	10005012 <process_set_config+0x2e>
10005100:	4819      	ldr	r0, [pc, #100]	; (10005168 <process_set_config+0x184>)
10005102:	0023      	movs	r3, r4
10005104:	003a      	movs	r2, r7
10005106:	0029      	movs	r1, r5
10005108:	3013      	adds	r0, #19
1000510a:	f001 fbbd 	bl	10006888 <tu_edpt_bind_driver>
1000510e:	19ed      	adds	r5, r5, r7
10005110:	4b18      	ldr	r3, [pc, #96]	; (10005174 <process_set_config+0x190>)
10005112:	781b      	ldrb	r3, [r3, #0]
10005114:	42a3      	cmp	r3, r4
10005116:	d30f      	bcc.n	10005138 <process_set_config+0x154>
10005118:	4555      	cmp	r5, sl
1000511a:	d215      	bcs.n	10005148 <process_set_config+0x164>
1000511c:	786b      	ldrb	r3, [r5, #1]
1000511e:	2b0b      	cmp	r3, #11
10005120:	d097      	beq.n	10005052 <process_set_config+0x6e>
10005122:	2301      	movs	r3, #1
10005124:	469b      	mov	fp, r3
10005126:	786b      	ldrb	r3, [r5, #1]
10005128:	2b04      	cmp	r3, #4
1000512a:	d197      	bne.n	1000505c <process_set_config+0x78>
1000512c:	4653      	mov	r3, sl
1000512e:	1b5e      	subs	r6, r3, r5
10005130:	b2b3      	uxth	r3, r6
10005132:	9300      	str	r3, [sp, #0]
10005134:	2400      	movs	r4, #0
10005136:	e7af      	b.n	10005098 <process_set_config+0xb4>
10005138:	22f3      	movs	r2, #243	; 0xf3
1000513a:	0092      	lsls	r2, r2, #2
1000513c:	4908      	ldr	r1, [pc, #32]	; (10005160 <process_set_config+0x17c>)
1000513e:	4809      	ldr	r0, [pc, #36]	; (10005164 <process_set_config+0x180>)
10005140:	f7ff f93c 	bl	100043bc <__wrap_printf>
10005144:	2000      	movs	r0, #0
10005146:	e764      	b.n	10005012 <process_set_config+0x2e>
10005148:	4b0f      	ldr	r3, [pc, #60]	; (10005188 <process_set_config+0x1a4>)
1000514a:	2b00      	cmp	r3, #0
1000514c:	d003      	beq.n	10005156 <process_set_config+0x172>
1000514e:	e000      	b.n	10005152 <process_set_config+0x16e>
10005150:	bf00      	nop
10005152:	2001      	movs	r0, #1
10005154:	e75d      	b.n	10005012 <process_set_config+0x2e>
10005156:	2001      	movs	r0, #1
10005158:	e75b      	b.n	10005012 <process_set_config+0x2e>
1000515a:	46c0      	nop			; (mov r8, r8)
1000515c:	0000037b 	.word	0x0000037b
10005160:	10008458 	.word	0x10008458
10005164:	100084d0 	.word	0x100084d0
10005168:	2000097c 	.word	0x2000097c
1000516c:	00000396 	.word	0x00000396
10005170:	20000644 	.word	0x20000644
10005174:	20000fda 	.word	0x20000fda
10005178:	10004491 	.word	0x10004491
1000517c:	100084b8 	.word	0x100084b8
10005180:	10006445 	.word	0x10006445
10005184:	000003bd 	.word	0x000003bd
10005188:	00000000 	.word	0x00000000

1000518c <process_get_descriptor>:
1000518c:	b570      	push	{r4, r5, r6, lr}
1000518e:	0004      	movs	r4, r0
10005190:	000d      	movs	r5, r1
10005192:	788b      	ldrb	r3, [r1, #2]
10005194:	78c8      	ldrb	r0, [r1, #3]
10005196:	0200      	lsls	r0, r0, #8
10005198:	4318      	orrs	r0, r3
1000519a:	0a02      	lsrs	r2, r0, #8
1000519c:	b2c0      	uxtb	r0, r0
1000519e:	2a0f      	cmp	r2, #15
100051a0:	d855      	bhi.n	1000524e <process_get_descriptor+0xc2>
100051a2:	0093      	lsls	r3, r2, #2
100051a4:	4930      	ldr	r1, [pc, #192]	; (10005268 <process_get_descriptor+0xdc>)
100051a6:	58cb      	ldr	r3, [r1, r3]
100051a8:	469f      	mov	pc, r3
100051aa:	f7ff fadf 	bl	1000476c <tud_descriptor_device_cb>
100051ae:	0002      	movs	r2, r0
100051b0:	2312      	movs	r3, #18
100051b2:	0029      	movs	r1, r5
100051b4:	0020      	movs	r0, r4
100051b6:	f000 fee3 	bl	10005f80 <tud_control_xfer>
100051ba:	bd70      	pop	{r4, r5, r6, pc}
100051bc:	4b2b      	ldr	r3, [pc, #172]	; (1000526c <process_get_descriptor+0xe0>)
100051be:	2b00      	cmp	r3, #0
100051c0:	d047      	beq.n	10005252 <process_get_descriptor+0xc6>
100051c2:	e000      	b.n	100051c6 <process_get_descriptor+0x3a>
100051c4:	bf00      	nop
100051c6:	0002      	movs	r2, r0
100051c8:	7881      	ldrb	r1, [r0, #2]
100051ca:	78c3      	ldrb	r3, [r0, #3]
100051cc:	021b      	lsls	r3, r3, #8
100051ce:	430b      	orrs	r3, r1
100051d0:	0029      	movs	r1, r5
100051d2:	0020      	movs	r0, r4
100051d4:	f000 fed4 	bl	10005f80 <tud_control_xfer>
100051d8:	e7ef      	b.n	100051ba <process_get_descriptor+0x2e>
100051da:	2a02      	cmp	r2, #2
100051dc:	d010      	beq.n	10005200 <process_get_descriptor+0x74>
100051de:	4b24      	ldr	r3, [pc, #144]	; (10005270 <process_get_descriptor+0xe4>)
100051e0:	2b00      	cmp	r3, #0
100051e2:	d038      	beq.n	10005256 <process_get_descriptor+0xca>
100051e4:	e000      	b.n	100051e8 <process_get_descriptor+0x5c>
100051e6:	bf00      	nop
100051e8:	2800      	cmp	r0, #0
100051ea:	d00c      	beq.n	10005206 <process_get_descriptor+0x7a>
100051ec:	7882      	ldrb	r2, [r0, #2]
100051ee:	78c3      	ldrb	r3, [r0, #3]
100051f0:	021b      	lsls	r3, r3, #8
100051f2:	4313      	orrs	r3, r2
100051f4:	0002      	movs	r2, r0
100051f6:	0029      	movs	r1, r5
100051f8:	0020      	movs	r0, r4
100051fa:	f000 fec1 	bl	10005f80 <tud_control_xfer>
100051fe:	e7dc      	b.n	100051ba <process_get_descriptor+0x2e>
10005200:	f7ff fab8 	bl	10004774 <tud_descriptor_configuration_cb>
10005204:	e7f0      	b.n	100051e8 <process_get_descriptor+0x5c>
10005206:	4a1b      	ldr	r2, [pc, #108]	; (10005274 <process_get_descriptor+0xe8>)
10005208:	491b      	ldr	r1, [pc, #108]	; (10005278 <process_get_descriptor+0xec>)
1000520a:	481c      	ldr	r0, [pc, #112]	; (1000527c <process_get_descriptor+0xf0>)
1000520c:	f7ff f8d6 	bl	100043bc <__wrap_printf>
10005210:	2000      	movs	r0, #0
10005212:	e7d2      	b.n	100051ba <process_get_descriptor+0x2e>
10005214:	792b      	ldrb	r3, [r5, #4]
10005216:	7969      	ldrb	r1, [r5, #5]
10005218:	0209      	lsls	r1, r1, #8
1000521a:	4319      	orrs	r1, r3
1000521c:	f7ff faae 	bl	1000477c <tud_descriptor_string_cb>
10005220:	2800      	cmp	r0, #0
10005222:	d01a      	beq.n	1000525a <process_get_descriptor+0xce>
10005224:	7803      	ldrb	r3, [r0, #0]
10005226:	0002      	movs	r2, r0
10005228:	0029      	movs	r1, r5
1000522a:	0020      	movs	r0, r4
1000522c:	f000 fea8 	bl	10005f80 <tud_control_xfer>
10005230:	e7c3      	b.n	100051ba <process_get_descriptor+0x2e>
10005232:	4b13      	ldr	r3, [pc, #76]	; (10005280 <process_get_descriptor+0xf4>)
10005234:	2b00      	cmp	r3, #0
10005236:	d012      	beq.n	1000525e <process_get_descriptor+0xd2>
10005238:	e000      	b.n	1000523c <process_get_descriptor+0xb0>
1000523a:	bf00      	nop
1000523c:	2800      	cmp	r0, #0
1000523e:	d010      	beq.n	10005262 <process_get_descriptor+0xd6>
10005240:	7803      	ldrb	r3, [r0, #0]
10005242:	0002      	movs	r2, r0
10005244:	0029      	movs	r1, r5
10005246:	0020      	movs	r0, r4
10005248:	f000 fe9a 	bl	10005f80 <tud_control_xfer>
1000524c:	e7b5      	b.n	100051ba <process_get_descriptor+0x2e>
1000524e:	2000      	movs	r0, #0
10005250:	e7b3      	b.n	100051ba <process_get_descriptor+0x2e>
10005252:	2000      	movs	r0, #0
10005254:	e7b1      	b.n	100051ba <process_get_descriptor+0x2e>
10005256:	2000      	movs	r0, #0
10005258:	e7af      	b.n	100051ba <process_get_descriptor+0x2e>
1000525a:	2000      	movs	r0, #0
1000525c:	e7ad      	b.n	100051ba <process_get_descriptor+0x2e>
1000525e:	2000      	movs	r0, #0
10005260:	e7ab      	b.n	100051ba <process_get_descriptor+0x2e>
10005262:	2000      	movs	r0, #0
10005264:	e7a9      	b.n	100051ba <process_get_descriptor+0x2e>
10005266:	46c0      	nop			; (mov r8, r8)
10005268:	10008398 	.word	0x10008398
	...
10005274:	00000414 	.word	0x00000414
10005278:	1000846c 	.word	0x1000846c
1000527c:	100084d0 	.word	0x100084d0
10005280:	00000000 	.word	0x00000000

10005284 <tud_mounted>:
10005284:	4b02      	ldr	r3, [pc, #8]	; (10005290 <tud_mounted+0xc>)
10005286:	7858      	ldrb	r0, [r3, #1]
10005288:	1e43      	subs	r3, r0, #1
1000528a:	4198      	sbcs	r0, r3
1000528c:	b2c0      	uxtb	r0, r0
1000528e:	4770      	bx	lr
10005290:	2000097c 	.word	0x2000097c

10005294 <tud_suspended>:
10005294:	4b02      	ldr	r3, [pc, #8]	; (100052a0 <tud_suspended+0xc>)
10005296:	7818      	ldrb	r0, [r3, #0]
10005298:	0740      	lsls	r0, r0, #29
1000529a:	0fc0      	lsrs	r0, r0, #31
1000529c:	4770      	bx	lr
1000529e:	46c0      	nop			; (mov r8, r8)
100052a0:	2000097c 	.word	0x2000097c

100052a4 <tud_inited>:
100052a4:	4b01      	ldr	r3, [pc, #4]	; (100052ac <tud_inited+0x8>)
100052a6:	7818      	ldrb	r0, [r3, #0]
100052a8:	4770      	bx	lr
100052aa:	46c0      	nop			; (mov r8, r8)
100052ac:	20000fdb 	.word	0x20000fdb

100052b0 <tud_init>:
100052b0:	b570      	push	{r4, r5, r6, lr}
100052b2:	0005      	movs	r5, r0
100052b4:	4b27      	ldr	r3, [pc, #156]	; (10005354 <tud_init+0xa4>)
100052b6:	7818      	ldrb	r0, [r3, #0]
100052b8:	2800      	cmp	r0, #0
100052ba:	d000      	beq.n	100052be <tud_init+0xe>
100052bc:	bd70      	pop	{r4, r5, r6, pc}
100052be:	2253      	movs	r2, #83	; 0x53
100052c0:	2100      	movs	r1, #0
100052c2:	4825      	ldr	r0, [pc, #148]	; (10005358 <tud_init+0xa8>)
100052c4:	f7fe ff32 	bl	1000412c <__wrap_memset>
100052c8:	4c24      	ldr	r4, [pc, #144]	; (1000535c <tud_init+0xac>)
100052ca:	0020      	movs	r0, r4
100052cc:	f7fc fc54 	bl	10001b78 <mutex_init>
100052d0:	4b23      	ldr	r3, [pc, #140]	; (10005360 <tud_init+0xb0>)
100052d2:	601c      	str	r4, [r3, #0]
100052d4:	4c23      	ldr	r4, [pc, #140]	; (10005364 <tud_init+0xb4>)
100052d6:	0020      	movs	r0, r4
100052d8:	301c      	adds	r0, #28
100052da:	f7fc fc73 	bl	10001bc4 <critical_section_init>
100052de:	0020      	movs	r0, r4
100052e0:	f001 fdd5 	bl	10006e8e <tu_fifo_clear>
100052e4:	4b20      	ldr	r3, [pc, #128]	; (10005368 <tud_init+0xb8>)
100052e6:	601c      	str	r4, [r3, #0]
100052e8:	4b20      	ldr	r3, [pc, #128]	; (1000536c <tud_init+0xbc>)
100052ea:	2b00      	cmp	r3, #0
100052ec:	d004      	beq.n	100052f8 <tud_init+0x48>
100052ee:	4820      	ldr	r0, [pc, #128]	; (10005370 <tud_init+0xc0>)
100052f0:	f7ff f8ce 	bl	10004490 <usbd_app_driver_get_cb>
100052f4:	4b1f      	ldr	r3, [pc, #124]	; (10005374 <tud_init+0xc4>)
100052f6:	6018      	str	r0, [r3, #0]
100052f8:	2400      	movs	r4, #0
100052fa:	e00d      	b.n	10005318 <tud_init+0x68>
100052fc:	0062      	lsls	r2, r4, #1
100052fe:	1912      	adds	r2, r2, r4
10005300:	00d1      	lsls	r1, r2, #3
10005302:	4b1c      	ldr	r3, [pc, #112]	; (10005374 <tud_init+0xc4>)
10005304:	681b      	ldr	r3, [r3, #0]
10005306:	185b      	adds	r3, r3, r1
10005308:	e002      	b.n	10005310 <tud_init+0x60>
1000530a:	0023      	movs	r3, r4
1000530c:	e00f      	b.n	1000532e <tud_init+0x7e>
1000530e:	2300      	movs	r3, #0
10005310:	681b      	ldr	r3, [r3, #0]
10005312:	4798      	blx	r3
10005314:	3401      	adds	r4, #1
10005316:	b2e4      	uxtb	r4, r4
10005318:	4b15      	ldr	r3, [pc, #84]	; (10005370 <tud_init+0xc0>)
1000531a:	781b      	ldrb	r3, [r3, #0]
1000531c:	42a3      	cmp	r3, r4
1000531e:	d30e      	bcc.n	1000533e <tud_init+0x8e>
10005320:	4a12      	ldr	r2, [pc, #72]	; (1000536c <tud_init+0xbc>)
10005322:	2a00      	cmp	r2, #0
10005324:	d0f1      	beq.n	1000530a <tud_init+0x5a>
10005326:	42a3      	cmp	r3, r4
10005328:	d8e8      	bhi.n	100052fc <tud_init+0x4c>
1000532a:	1ae3      	subs	r3, r4, r3
1000532c:	b2db      	uxtb	r3, r3
1000532e:	2b00      	cmp	r3, #0
10005330:	d1ed      	bne.n	1000530e <tud_init+0x5e>
10005332:	005a      	lsls	r2, r3, #1
10005334:	18d3      	adds	r3, r2, r3
10005336:	00da      	lsls	r2, r3, #3
10005338:	4b0f      	ldr	r3, [pc, #60]	; (10005378 <tud_init+0xc8>)
1000533a:	189b      	adds	r3, r3, r2
1000533c:	e7e8      	b.n	10005310 <tud_init+0x60>
1000533e:	0028      	movs	r0, r5
10005340:	f7ff fbf0 	bl	10004b24 <dcd_init>
10005344:	0028      	movs	r0, r5
10005346:	f7ff fbb9 	bl	10004abc <dcd_int_enable>
1000534a:	4b02      	ldr	r3, [pc, #8]	; (10005354 <tud_init+0xa4>)
1000534c:	2201      	movs	r2, #1
1000534e:	701a      	strb	r2, [r3, #0]
10005350:	2001      	movs	r0, #1
10005352:	e7b3      	b.n	100052bc <tud_init+0xc>
10005354:	20000fdb 	.word	0x20000fdb
10005358:	2000097c 	.word	0x2000097c
1000535c:	20000934 	.word	0x20000934
10005360:	200009d0 	.word	0x200009d0
10005364:	200004dc 	.word	0x200004dc
10005368:	200009d4 	.word	0x200009d4
1000536c:	10004491 	.word	0x10004491
10005370:	20000fda 	.word	0x20000fda
10005374:	20000644 	.word	0x20000644
10005378:	100084b8 	.word	0x100084b8

1000537c <dcd_event_handler>:
1000537c:	b530      	push	{r4, r5, lr}
1000537e:	b085      	sub	sp, #20
10005380:	0004      	movs	r4, r0
10005382:	7843      	ldrb	r3, [r0, #1]
10005384:	2b03      	cmp	r3, #3
10005386:	d100      	bne.n	1000538a <dcd_event_handler+0xe>
10005388:	e08b      	b.n	100054a2 <dcd_event_handler+0x126>
1000538a:	d92d      	bls.n	100053e8 <dcd_event_handler+0x6c>
1000538c:	2b04      	cmp	r3, #4
1000538e:	d05f      	beq.n	10005450 <dcd_event_handler+0xd4>
10005390:	2b05      	cmp	r3, #5
10005392:	d000      	beq.n	10005396 <dcd_event_handler+0x1a>
10005394:	e0b8      	b.n	10005508 <dcd_event_handler+0x18c>
10005396:	4b6d      	ldr	r3, [pc, #436]	; (1000554c <dcd_event_handler+0x1d0>)
10005398:	781b      	ldrb	r3, [r3, #0]
1000539a:	07db      	lsls	r3, r3, #31
1000539c:	d550      	bpl.n	10005440 <dcd_event_handler+0xc4>
1000539e:	4a6b      	ldr	r2, [pc, #428]	; (1000554c <dcd_event_handler+0x1d0>)
100053a0:	7813      	ldrb	r3, [r2, #0]
100053a2:	2104      	movs	r1, #4
100053a4:	438b      	bics	r3, r1
100053a6:	7013      	strb	r3, [r2, #0]
100053a8:	4b69      	ldr	r3, [pc, #420]	; (10005550 <dcd_event_handler+0x1d4>)
100053aa:	681d      	ldr	r5, [r3, #0]
100053ac:	69ea      	ldr	r2, [r5, #28]
100053ae:	f3ef 8110 	mrs	r1, PRIMASK
100053b2:	b672      	cpsid	i
100053b4:	6813      	ldr	r3, [r2, #0]
100053b6:	2b00      	cmp	r3, #0
100053b8:	d0fc      	beq.n	100053b4 <dcd_event_handler+0x38>
100053ba:	f3bf 8f5f 	dmb	sy
100053be:	6229      	str	r1, [r5, #32]
100053c0:	0021      	movs	r1, r4
100053c2:	0028      	movs	r0, r5
100053c4:	f001 fd28 	bl	10006e18 <tu_fifo_write>
100053c8:	69ea      	ldr	r2, [r5, #28]
100053ca:	6a2b      	ldr	r3, [r5, #32]
100053cc:	f3bf 8f5f 	dmb	sy
100053d0:	2100      	movs	r1, #0
100053d2:	6011      	str	r1, [r2, #0]
100053d4:	f383 8810 	msr	PRIMASK, r3
100053d8:	2800      	cmp	r0, #0
100053da:	d131      	bne.n	10005440 <dcd_event_handler+0xc4>
100053dc:	22a8      	movs	r2, #168	; 0xa8
100053de:	495d      	ldr	r1, [pc, #372]	; (10005554 <dcd_event_handler+0x1d8>)
100053e0:	485d      	ldr	r0, [pc, #372]	; (10005558 <dcd_event_handler+0x1dc>)
100053e2:	f7fe ffeb 	bl	100043bc <__wrap_printf>
100053e6:	e02b      	b.n	10005440 <dcd_event_handler+0xc4>
100053e8:	2b02      	cmp	r3, #2
100053ea:	d000      	beq.n	100053ee <dcd_event_handler+0x72>
100053ec:	e08c      	b.n	10005508 <dcd_event_handler+0x18c>
100053ee:	4b57      	ldr	r3, [pc, #348]	; (1000554c <dcd_event_handler+0x1d0>)
100053f0:	781a      	ldrb	r2, [r3, #0]
100053f2:	2101      	movs	r1, #1
100053f4:	438a      	bics	r2, r1
100053f6:	701a      	strb	r2, [r3, #0]
100053f8:	781a      	ldrb	r2, [r3, #0]
100053fa:	3101      	adds	r1, #1
100053fc:	438a      	bics	r2, r1
100053fe:	701a      	strb	r2, [r3, #0]
10005400:	2200      	movs	r2, #0
10005402:	705a      	strb	r2, [r3, #1]
10005404:	781a      	ldrb	r2, [r3, #0]
10005406:	3102      	adds	r1, #2
10005408:	438a      	bics	r2, r1
1000540a:	701a      	strb	r2, [r3, #0]
1000540c:	4b50      	ldr	r3, [pc, #320]	; (10005550 <dcd_event_handler+0x1d4>)
1000540e:	681d      	ldr	r5, [r3, #0]
10005410:	69ea      	ldr	r2, [r5, #28]
10005412:	f3ef 8110 	mrs	r1, PRIMASK
10005416:	b672      	cpsid	i
10005418:	6813      	ldr	r3, [r2, #0]
1000541a:	2b00      	cmp	r3, #0
1000541c:	d0fc      	beq.n	10005418 <dcd_event_handler+0x9c>
1000541e:	f3bf 8f5f 	dmb	sy
10005422:	6229      	str	r1, [r5, #32]
10005424:	0021      	movs	r1, r4
10005426:	0028      	movs	r0, r5
10005428:	f001 fcf6 	bl	10006e18 <tu_fifo_write>
1000542c:	69ea      	ldr	r2, [r5, #28]
1000542e:	6a2b      	ldr	r3, [r5, #32]
10005430:	f3bf 8f5f 	dmb	sy
10005434:	2100      	movs	r1, #0
10005436:	6011      	str	r1, [r2, #0]
10005438:	f383 8810 	msr	PRIMASK, r3
1000543c:	2800      	cmp	r0, #0
1000543e:	d001      	beq.n	10005444 <dcd_event_handler+0xc8>
10005440:	b005      	add	sp, #20
10005442:	bd30      	pop	{r4, r5, pc}
10005444:	22a8      	movs	r2, #168	; 0xa8
10005446:	4943      	ldr	r1, [pc, #268]	; (10005554 <dcd_event_handler+0x1d8>)
10005448:	4843      	ldr	r0, [pc, #268]	; (10005558 <dcd_event_handler+0x1dc>)
1000544a:	f7fe ffb7 	bl	100043bc <__wrap_printf>
1000544e:	e7f7      	b.n	10005440 <dcd_event_handler+0xc4>
10005450:	4b3e      	ldr	r3, [pc, #248]	; (1000554c <dcd_event_handler+0x1d0>)
10005452:	781b      	ldrb	r3, [r3, #0]
10005454:	07db      	lsls	r3, r3, #31
10005456:	d5f3      	bpl.n	10005440 <dcd_event_handler+0xc4>
10005458:	4a3c      	ldr	r2, [pc, #240]	; (1000554c <dcd_event_handler+0x1d0>)
1000545a:	7813      	ldrb	r3, [r2, #0]
1000545c:	2104      	movs	r1, #4
1000545e:	430b      	orrs	r3, r1
10005460:	7013      	strb	r3, [r2, #0]
10005462:	4b3b      	ldr	r3, [pc, #236]	; (10005550 <dcd_event_handler+0x1d4>)
10005464:	681d      	ldr	r5, [r3, #0]
10005466:	69ea      	ldr	r2, [r5, #28]
10005468:	f3ef 8110 	mrs	r1, PRIMASK
1000546c:	b672      	cpsid	i
1000546e:	6813      	ldr	r3, [r2, #0]
10005470:	2b00      	cmp	r3, #0
10005472:	d0fc      	beq.n	1000546e <dcd_event_handler+0xf2>
10005474:	f3bf 8f5f 	dmb	sy
10005478:	6229      	str	r1, [r5, #32]
1000547a:	0021      	movs	r1, r4
1000547c:	0028      	movs	r0, r5
1000547e:	f001 fccb 	bl	10006e18 <tu_fifo_write>
10005482:	69ea      	ldr	r2, [r5, #28]
10005484:	6a2b      	ldr	r3, [r5, #32]
10005486:	f3bf 8f5f 	dmb	sy
1000548a:	2100      	movs	r1, #0
1000548c:	6011      	str	r1, [r2, #0]
1000548e:	f383 8810 	msr	PRIMASK, r3
10005492:	2800      	cmp	r0, #0
10005494:	d1d4      	bne.n	10005440 <dcd_event_handler+0xc4>
10005496:	22a8      	movs	r2, #168	; 0xa8
10005498:	492e      	ldr	r1, [pc, #184]	; (10005554 <dcd_event_handler+0x1d8>)
1000549a:	482f      	ldr	r0, [pc, #188]	; (10005558 <dcd_event_handler+0x1dc>)
1000549c:	f7fe ff8e 	bl	100043bc <__wrap_printf>
100054a0:	e7ce      	b.n	10005440 <dcd_event_handler+0xc4>
100054a2:	4b2a      	ldr	r3, [pc, #168]	; (1000554c <dcd_event_handler+0x1d0>)
100054a4:	781b      	ldrb	r3, [r3, #0]
100054a6:	075b      	lsls	r3, r3, #29
100054a8:	d5ca      	bpl.n	10005440 <dcd_event_handler+0xc4>
100054aa:	4a28      	ldr	r2, [pc, #160]	; (1000554c <dcd_event_handler+0x1d0>)
100054ac:	7813      	ldrb	r3, [r2, #0]
100054ae:	2104      	movs	r1, #4
100054b0:	438b      	bics	r3, r1
100054b2:	7013      	strb	r3, [r2, #0]
100054b4:	ad01      	add	r5, sp, #4
100054b6:	220c      	movs	r2, #12
100054b8:	2100      	movs	r1, #0
100054ba:	0028      	movs	r0, r5
100054bc:	f7fe fe36 	bl	1000412c <__wrap_memset>
100054c0:	7823      	ldrb	r3, [r4, #0]
100054c2:	702b      	strb	r3, [r5, #0]
100054c4:	2305      	movs	r3, #5
100054c6:	706b      	strb	r3, [r5, #1]
100054c8:	4b21      	ldr	r3, [pc, #132]	; (10005550 <dcd_event_handler+0x1d4>)
100054ca:	681c      	ldr	r4, [r3, #0]
100054cc:	69e2      	ldr	r2, [r4, #28]
100054ce:	f3ef 8110 	mrs	r1, PRIMASK
100054d2:	b672      	cpsid	i
100054d4:	6813      	ldr	r3, [r2, #0]
100054d6:	2b00      	cmp	r3, #0
100054d8:	d0fc      	beq.n	100054d4 <dcd_event_handler+0x158>
100054da:	f3bf 8f5f 	dmb	sy
100054de:	6221      	str	r1, [r4, #32]
100054e0:	a901      	add	r1, sp, #4
100054e2:	0020      	movs	r0, r4
100054e4:	f001 fc98 	bl	10006e18 <tu_fifo_write>
100054e8:	69e2      	ldr	r2, [r4, #28]
100054ea:	6a23      	ldr	r3, [r4, #32]
100054ec:	f3bf 8f5f 	dmb	sy
100054f0:	2100      	movs	r1, #0
100054f2:	6011      	str	r1, [r2, #0]
100054f4:	f383 8810 	msr	PRIMASK, r3
100054f8:	2800      	cmp	r0, #0
100054fa:	d1a1      	bne.n	10005440 <dcd_event_handler+0xc4>
100054fc:	22a8      	movs	r2, #168	; 0xa8
100054fe:	4915      	ldr	r1, [pc, #84]	; (10005554 <dcd_event_handler+0x1d8>)
10005500:	4815      	ldr	r0, [pc, #84]	; (10005558 <dcd_event_handler+0x1dc>)
10005502:	f7fe ff5b 	bl	100043bc <__wrap_printf>
10005506:	e79b      	b.n	10005440 <dcd_event_handler+0xc4>
10005508:	4b11      	ldr	r3, [pc, #68]	; (10005550 <dcd_event_handler+0x1d4>)
1000550a:	681d      	ldr	r5, [r3, #0]
1000550c:	69ea      	ldr	r2, [r5, #28]
1000550e:	f3ef 8110 	mrs	r1, PRIMASK
10005512:	b672      	cpsid	i
10005514:	6813      	ldr	r3, [r2, #0]
10005516:	2b00      	cmp	r3, #0
10005518:	d0fc      	beq.n	10005514 <dcd_event_handler+0x198>
1000551a:	f3bf 8f5f 	dmb	sy
1000551e:	6229      	str	r1, [r5, #32]
10005520:	0021      	movs	r1, r4
10005522:	0028      	movs	r0, r5
10005524:	f001 fc78 	bl	10006e18 <tu_fifo_write>
10005528:	69ea      	ldr	r2, [r5, #28]
1000552a:	6a2b      	ldr	r3, [r5, #32]
1000552c:	f3bf 8f5f 	dmb	sy
10005530:	2100      	movs	r1, #0
10005532:	6011      	str	r1, [r2, #0]
10005534:	f383 8810 	msr	PRIMASK, r3
10005538:	2800      	cmp	r0, #0
1000553a:	d000      	beq.n	1000553e <dcd_event_handler+0x1c2>
1000553c:	e780      	b.n	10005440 <dcd_event_handler+0xc4>
1000553e:	22a8      	movs	r2, #168	; 0xa8
10005540:	4904      	ldr	r1, [pc, #16]	; (10005554 <dcd_event_handler+0x1d8>)
10005542:	4805      	ldr	r0, [pc, #20]	; (10005558 <dcd_event_handler+0x1dc>)
10005544:	f7fe ff3a 	bl	100043bc <__wrap_printf>
10005548:	e77a      	b.n	10005440 <dcd_event_handler+0xc4>
1000554a:	46c0      	nop			; (mov r8, r8)
1000554c:	2000097c 	.word	0x2000097c
10005550:	200009d4 	.word	0x200009d4
10005554:	10008424 	.word	0x10008424
10005558:	100084d0 	.word	0x100084d0

1000555c <dcd_event_bus_signal>:
1000555c:	b5f0      	push	{r4, r5, r6, r7, lr}
1000555e:	b085      	sub	sp, #20
10005560:	0007      	movs	r7, r0
10005562:	000e      	movs	r6, r1
10005564:	0015      	movs	r5, r2
10005566:	ac01      	add	r4, sp, #4
10005568:	220a      	movs	r2, #10
1000556a:	2100      	movs	r1, #0
1000556c:	466b      	mov	r3, sp
1000556e:	1d98      	adds	r0, r3, #6
10005570:	f7fe fddc 	bl	1000412c <__wrap_memset>
10005574:	7027      	strb	r7, [r4, #0]
10005576:	7066      	strb	r6, [r4, #1]
10005578:	0029      	movs	r1, r5
1000557a:	0020      	movs	r0, r4
1000557c:	f7ff fefe 	bl	1000537c <dcd_event_handler>
10005580:	b005      	add	sp, #20
10005582:	bdf0      	pop	{r4, r5, r6, r7, pc}

10005584 <dcd_event_bus_reset>:
10005584:	b5f0      	push	{r4, r5, r6, r7, lr}
10005586:	b085      	sub	sp, #20
10005588:	0007      	movs	r7, r0
1000558a:	000e      	movs	r6, r1
1000558c:	0015      	movs	r5, r2
1000558e:	ac01      	add	r4, sp, #4
10005590:	220a      	movs	r2, #10
10005592:	2100      	movs	r1, #0
10005594:	466b      	mov	r3, sp
10005596:	1d98      	adds	r0, r3, #6
10005598:	f7fe fdc8 	bl	1000412c <__wrap_memset>
1000559c:	7027      	strb	r7, [r4, #0]
1000559e:	2301      	movs	r3, #1
100055a0:	7063      	strb	r3, [r4, #1]
100055a2:	7126      	strb	r6, [r4, #4]
100055a4:	0029      	movs	r1, r5
100055a6:	0020      	movs	r0, r4
100055a8:	f7ff fee8 	bl	1000537c <dcd_event_handler>
100055ac:	b005      	add	sp, #20
100055ae:	bdf0      	pop	{r4, r5, r6, r7, pc}

100055b0 <dcd_event_setup_received>:
100055b0:	b5f0      	push	{r4, r5, r6, r7, lr}
100055b2:	b085      	sub	sp, #20
100055b4:	0007      	movs	r7, r0
100055b6:	000e      	movs	r6, r1
100055b8:	0015      	movs	r5, r2
100055ba:	ac01      	add	r4, sp, #4
100055bc:	220a      	movs	r2, #10
100055be:	2100      	movs	r1, #0
100055c0:	466b      	mov	r3, sp
100055c2:	1d98      	adds	r0, r3, #6
100055c4:	f7fe fdb2 	bl	1000412c <__wrap_memset>
100055c8:	7027      	strb	r7, [r4, #0]
100055ca:	2306      	movs	r3, #6
100055cc:	7063      	strb	r3, [r4, #1]
100055ce:	2208      	movs	r2, #8
100055d0:	0031      	movs	r1, r6
100055d2:	a802      	add	r0, sp, #8
100055d4:	f7fe fdb0 	bl	10004138 <__wrap___aeabi_memcpy>
100055d8:	0029      	movs	r1, r5
100055da:	0020      	movs	r0, r4
100055dc:	f7ff fece 	bl	1000537c <dcd_event_handler>
100055e0:	b005      	add	sp, #20
100055e2:	bdf0      	pop	{r4, r5, r6, r7, pc}

100055e4 <dcd_event_xfer_complete>:
100055e4:	b5f0      	push	{r4, r5, r6, r7, lr}
100055e6:	46ce      	mov	lr, r9
100055e8:	4647      	mov	r7, r8
100055ea:	b580      	push	{r7, lr}
100055ec:	b085      	sub	sp, #20
100055ee:	4681      	mov	r9, r0
100055f0:	4688      	mov	r8, r1
100055f2:	0017      	movs	r7, r2
100055f4:	001e      	movs	r6, r3
100055f6:	ab0c      	add	r3, sp, #48	; 0x30
100055f8:	781d      	ldrb	r5, [r3, #0]
100055fa:	ac01      	add	r4, sp, #4
100055fc:	2206      	movs	r2, #6
100055fe:	2100      	movs	r1, #0
10005600:	466b      	mov	r3, sp
10005602:	1d98      	adds	r0, r3, #6
10005604:	f7fe fd92 	bl	1000412c <__wrap_memset>
10005608:	464b      	mov	r3, r9
1000560a:	7023      	strb	r3, [r4, #0]
1000560c:	2307      	movs	r3, #7
1000560e:	7063      	strb	r3, [r4, #1]
10005610:	4643      	mov	r3, r8
10005612:	7123      	strb	r3, [r4, #4]
10005614:	60a7      	str	r7, [r4, #8]
10005616:	7166      	strb	r6, [r4, #5]
10005618:	0029      	movs	r1, r5
1000561a:	0020      	movs	r0, r4
1000561c:	f7ff feae 	bl	1000537c <dcd_event_handler>
10005620:	b005      	add	sp, #20
10005622:	bc0c      	pop	{r2, r3}
10005624:	4690      	mov	r8, r2
10005626:	4699      	mov	r9, r3
10005628:	bdf0      	pop	{r4, r5, r6, r7, pc}
	...

1000562c <usbd_edpt_open>:
1000562c:	b570      	push	{r4, r5, r6, lr}
1000562e:	0006      	movs	r6, r0
10005630:	000d      	movs	r5, r1
10005632:	788b      	ldrb	r3, [r1, #2]
10005634:	2270      	movs	r2, #112	; 0x70
10005636:	421a      	tst	r2, r3
10005638:	d10d      	bne.n	10005656 <usbd_edpt_open+0x2a>
1000563a:	4b0d      	ldr	r3, [pc, #52]	; (10005670 <usbd_edpt_open+0x44>)
1000563c:	7899      	ldrb	r1, [r3, #2]
1000563e:	0028      	movs	r0, r5
10005640:	f001 f8ce 	bl	100067e0 <tu_edpt_validate>
10005644:	1e04      	subs	r4, r0, #0
10005646:	d00d      	beq.n	10005664 <usbd_edpt_open+0x38>
10005648:	0029      	movs	r1, r5
1000564a:	0030      	movs	r0, r6
1000564c:	f7ff fab6 	bl	10004bbc <dcd_edpt_open>
10005650:	0004      	movs	r4, r0
10005652:	0020      	movs	r0, r4
10005654:	bd70      	pop	{r4, r5, r6, pc}
10005656:	4a07      	ldr	r2, [pc, #28]	; (10005674 <usbd_edpt_open+0x48>)
10005658:	4907      	ldr	r1, [pc, #28]	; (10005678 <usbd_edpt_open+0x4c>)
1000565a:	4808      	ldr	r0, [pc, #32]	; (1000567c <usbd_edpt_open+0x50>)
1000565c:	f7fe feae 	bl	100043bc <__wrap_printf>
10005660:	2400      	movs	r4, #0
10005662:	e7f6      	b.n	10005652 <usbd_edpt_open+0x26>
10005664:	4a06      	ldr	r2, [pc, #24]	; (10005680 <usbd_edpt_open+0x54>)
10005666:	4904      	ldr	r1, [pc, #16]	; (10005678 <usbd_edpt_open+0x4c>)
10005668:	4804      	ldr	r0, [pc, #16]	; (1000567c <usbd_edpt_open+0x50>)
1000566a:	f7fe fea7 	bl	100043bc <__wrap_printf>
1000566e:	e7f0      	b.n	10005652 <usbd_edpt_open+0x26>
10005670:	2000097c 	.word	0x2000097c
10005674:	000004c2 	.word	0x000004c2
10005678:	10008498 	.word	0x10008498
1000567c:	100084d0 	.word	0x100084d0
10005680:	000004c3 	.word	0x000004c3

10005684 <usbd_open_edpt_pair>:
10005684:	b5f0      	push	{r4, r5, r6, r7, lr}
10005686:	46ce      	mov	lr, r9
10005688:	4647      	mov	r7, r8
1000568a:	b580      	push	{r7, lr}
1000568c:	b083      	sub	sp, #12
1000568e:	9001      	str	r0, [sp, #4]
10005690:	000c      	movs	r4, r1
10005692:	4690      	mov	r8, r2
10005694:	001d      	movs	r5, r3
10005696:	9b0a      	ldr	r3, [sp, #40]	; 0x28
10005698:	4699      	mov	r9, r3
1000569a:	2700      	movs	r7, #0
1000569c:	e016      	b.n	100056cc <usbd_open_edpt_pair+0x48>
1000569e:	4a18      	ldr	r2, [pc, #96]	; (10005700 <usbd_open_edpt_pair+0x7c>)
100056a0:	4918      	ldr	r1, [pc, #96]	; (10005704 <usbd_open_edpt_pair+0x80>)
100056a2:	4819      	ldr	r0, [pc, #100]	; (10005708 <usbd_open_edpt_pair+0x84>)
100056a4:	f7fe fe8a 	bl	100043bc <__wrap_printf>
100056a8:	2600      	movs	r6, #0
100056aa:	0030      	movs	r0, r6
100056ac:	b003      	add	sp, #12
100056ae:	bc0c      	pop	{r2, r3}
100056b0:	4690      	mov	r8, r2
100056b2:	4699      	mov	r9, r3
100056b4:	bdf0      	pop	{r4, r5, r6, r7, pc}
100056b6:	4a15      	ldr	r2, [pc, #84]	; (1000570c <usbd_open_edpt_pair+0x88>)
100056b8:	4912      	ldr	r1, [pc, #72]	; (10005704 <usbd_open_edpt_pair+0x80>)
100056ba:	4813      	ldr	r0, [pc, #76]	; (10005708 <usbd_open_edpt_pair+0x84>)
100056bc:	f7fe fe7e 	bl	100043bc <__wrap_printf>
100056c0:	e7f3      	b.n	100056aa <usbd_open_edpt_pair+0x26>
100056c2:	464a      	mov	r2, r9
100056c4:	7013      	strb	r3, [r2, #0]
100056c6:	7823      	ldrb	r3, [r4, #0]
100056c8:	18e4      	adds	r4, r4, r3
100056ca:	3701      	adds	r7, #1
100056cc:	45b8      	cmp	r8, r7
100056ce:	dd14      	ble.n	100056fa <usbd_open_edpt_pair+0x76>
100056d0:	7863      	ldrb	r3, [r4, #1]
100056d2:	2b05      	cmp	r3, #5
100056d4:	d1e3      	bne.n	1000569e <usbd_open_edpt_pair+0x1a>
100056d6:	78e3      	ldrb	r3, [r4, #3]
100056d8:	079b      	lsls	r3, r3, #30
100056da:	0f9b      	lsrs	r3, r3, #30
100056dc:	42ab      	cmp	r3, r5
100056de:	d1de      	bne.n	1000569e <usbd_open_edpt_pair+0x1a>
100056e0:	0021      	movs	r1, r4
100056e2:	9801      	ldr	r0, [sp, #4]
100056e4:	f7ff ffa2 	bl	1000562c <usbd_edpt_open>
100056e8:	1e06      	subs	r6, r0, #0
100056ea:	d0e4      	beq.n	100056b6 <usbd_open_edpt_pair+0x32>
100056ec:	78a3      	ldrb	r3, [r4, #2]
100056ee:	09da      	lsrs	r2, r3, #7
100056f0:	2a01      	cmp	r2, #1
100056f2:	d1e6      	bne.n	100056c2 <usbd_open_edpt_pair+0x3e>
100056f4:	9a0b      	ldr	r2, [sp, #44]	; 0x2c
100056f6:	7013      	strb	r3, [r2, #0]
100056f8:	e7e5      	b.n	100056c6 <usbd_open_edpt_pair+0x42>
100056fa:	2601      	movs	r6, #1
100056fc:	e7d5      	b.n	100056aa <usbd_open_edpt_pair+0x26>
100056fe:	46c0      	nop			; (mov r8, r8)
10005700:	0000049c 	.word	0x0000049c
10005704:	10008484 	.word	0x10008484
10005708:	100084d0 	.word	0x100084d0
1000570c:	0000049d 	.word	0x0000049d

10005710 <usbd_edpt_claim>:
10005710:	b570      	push	{r4, r5, r6, lr}
10005712:	267f      	movs	r6, #127	; 0x7f
10005714:	400e      	ands	r6, r1
10005716:	09cd      	lsrs	r5, r1, #7
10005718:	0072      	lsls	r2, r6, #1
1000571a:	4b1d      	ldr	r3, [pc, #116]	; (10005790 <usbd_edpt_claim+0x80>)
1000571c:	189b      	adds	r3, r3, r2
1000571e:	195b      	adds	r3, r3, r5
10005720:	3330      	adds	r3, #48	; 0x30
10005722:	78dc      	ldrb	r4, [r3, #3]
10005724:	07e4      	lsls	r4, r4, #31
10005726:	0fe4      	lsrs	r4, r4, #31
10005728:	d12e      	bne.n	10005788 <usbd_edpt_claim+0x78>
1000572a:	4b19      	ldr	r3, [pc, #100]	; (10005790 <usbd_edpt_claim+0x80>)
1000572c:	189b      	adds	r3, r3, r2
1000572e:	195b      	adds	r3, r3, r5
10005730:	3330      	adds	r3, #48	; 0x30
10005732:	78db      	ldrb	r3, [r3, #3]
10005734:	075b      	lsls	r3, r3, #29
10005736:	d428      	bmi.n	1000578a <usbd_edpt_claim+0x7a>
10005738:	4b16      	ldr	r3, [pc, #88]	; (10005794 <usbd_edpt_claim+0x84>)
1000573a:	6818      	ldr	r0, [r3, #0]
1000573c:	2101      	movs	r1, #1
1000573e:	4249      	negs	r1, r1
10005740:	f001 fca2 	bl	10007088 <__mutex_enter_timeout_ms_veneer>
10005744:	0072      	lsls	r2, r6, #1
10005746:	4b12      	ldr	r3, [pc, #72]	; (10005790 <usbd_edpt_claim+0x80>)
10005748:	189b      	adds	r3, r3, r2
1000574a:	195b      	adds	r3, r3, r5
1000574c:	3330      	adds	r3, #48	; 0x30
1000574e:	78db      	ldrb	r3, [r3, #3]
10005750:	07db      	lsls	r3, r3, #31
10005752:	d408      	bmi.n	10005766 <usbd_edpt_claim+0x56>
10005754:	4b0e      	ldr	r3, [pc, #56]	; (10005790 <usbd_edpt_claim+0x80>)
10005756:	189b      	adds	r3, r3, r2
10005758:	195b      	adds	r3, r3, r5
1000575a:	3330      	adds	r3, #48	; 0x30
1000575c:	78db      	ldrb	r3, [r3, #3]
1000575e:	075b      	lsls	r3, r3, #29
10005760:	d402      	bmi.n	10005768 <usbd_edpt_claim+0x58>
10005762:	2401      	movs	r4, #1
10005764:	e000      	b.n	10005768 <usbd_edpt_claim+0x58>
10005766:	2400      	movs	r4, #0
10005768:	2c00      	cmp	r4, #0
1000576a:	d008      	beq.n	1000577e <usbd_edpt_claim+0x6e>
1000576c:	0076      	lsls	r6, r6, #1
1000576e:	4908      	ldr	r1, [pc, #32]	; (10005790 <usbd_edpt_claim+0x80>)
10005770:	198e      	adds	r6, r1, r6
10005772:	1975      	adds	r5, r6, r5
10005774:	3530      	adds	r5, #48	; 0x30
10005776:	78eb      	ldrb	r3, [r5, #3]
10005778:	2204      	movs	r2, #4
1000577a:	4313      	orrs	r3, r2
1000577c:	70eb      	strb	r3, [r5, #3]
1000577e:	4b05      	ldr	r3, [pc, #20]	; (10005794 <usbd_edpt_claim+0x84>)
10005780:	6818      	ldr	r0, [r3, #0]
10005782:	f001 fc61 	bl	10007048 <__mutex_exit_veneer>
10005786:	e000      	b.n	1000578a <usbd_edpt_claim+0x7a>
10005788:	2400      	movs	r4, #0
1000578a:	0020      	movs	r0, r4
1000578c:	bd70      	pop	{r4, r5, r6, pc}
1000578e:	46c0      	nop			; (mov r8, r8)
10005790:	2000097c 	.word	0x2000097c
10005794:	200009d0 	.word	0x200009d0

10005798 <usbd_edpt_release>:
10005798:	b570      	push	{r4, r5, r6, lr}
1000579a:	257f      	movs	r5, #127	; 0x7f
1000579c:	400d      	ands	r5, r1
1000579e:	09cc      	lsrs	r4, r1, #7
100057a0:	4b15      	ldr	r3, [pc, #84]	; (100057f8 <usbd_edpt_release+0x60>)
100057a2:	6818      	ldr	r0, [r3, #0]
100057a4:	2101      	movs	r1, #1
100057a6:	4249      	negs	r1, r1
100057a8:	f001 fc6e 	bl	10007088 <__mutex_enter_timeout_ms_veneer>
100057ac:	006a      	lsls	r2, r5, #1
100057ae:	4b13      	ldr	r3, [pc, #76]	; (100057fc <usbd_edpt_release+0x64>)
100057b0:	189b      	adds	r3, r3, r2
100057b2:	191b      	adds	r3, r3, r4
100057b4:	3330      	adds	r3, #48	; 0x30
100057b6:	78db      	ldrb	r3, [r3, #3]
100057b8:	07db      	lsls	r3, r3, #31
100057ba:	d408      	bmi.n	100057ce <usbd_edpt_release+0x36>
100057bc:	4b0f      	ldr	r3, [pc, #60]	; (100057fc <usbd_edpt_release+0x64>)
100057be:	189b      	adds	r3, r3, r2
100057c0:	191b      	adds	r3, r3, r4
100057c2:	3330      	adds	r3, #48	; 0x30
100057c4:	78db      	ldrb	r3, [r3, #3]
100057c6:	075b      	lsls	r3, r3, #29
100057c8:	d413      	bmi.n	100057f2 <usbd_edpt_release+0x5a>
100057ca:	2600      	movs	r6, #0
100057cc:	e000      	b.n	100057d0 <usbd_edpt_release+0x38>
100057ce:	2600      	movs	r6, #0
100057d0:	2e00      	cmp	r6, #0
100057d2:	d008      	beq.n	100057e6 <usbd_edpt_release+0x4e>
100057d4:	006d      	lsls	r5, r5, #1
100057d6:	4909      	ldr	r1, [pc, #36]	; (100057fc <usbd_edpt_release+0x64>)
100057d8:	194d      	adds	r5, r1, r5
100057da:	192c      	adds	r4, r5, r4
100057dc:	3430      	adds	r4, #48	; 0x30
100057de:	78e3      	ldrb	r3, [r4, #3]
100057e0:	2204      	movs	r2, #4
100057e2:	4393      	bics	r3, r2
100057e4:	70e3      	strb	r3, [r4, #3]
100057e6:	4b04      	ldr	r3, [pc, #16]	; (100057f8 <usbd_edpt_release+0x60>)
100057e8:	6818      	ldr	r0, [r3, #0]
100057ea:	f001 fc2d 	bl	10007048 <__mutex_exit_veneer>
100057ee:	0030      	movs	r0, r6
100057f0:	bd70      	pop	{r4, r5, r6, pc}
100057f2:	2601      	movs	r6, #1
100057f4:	e7ec      	b.n	100057d0 <usbd_edpt_release+0x38>
100057f6:	46c0      	nop			; (mov r8, r8)
100057f8:	200009d0 	.word	0x200009d0
100057fc:	2000097c 	.word	0x2000097c

10005800 <usbd_edpt_xfer>:
10005800:	b5f0      	push	{r4, r5, r6, r7, lr}
10005802:	46c6      	mov	lr, r8
10005804:	b500      	push	{lr}
10005806:	b082      	sub	sp, #8
10005808:	9301      	str	r3, [sp, #4]
1000580a:	257f      	movs	r5, #127	; 0x7f
1000580c:	400d      	ands	r5, r1
1000580e:	09ce      	lsrs	r6, r1, #7
10005810:	006f      	lsls	r7, r5, #1
10005812:	4c17      	ldr	r4, [pc, #92]	; (10005870 <usbd_edpt_xfer+0x70>)
10005814:	19e4      	adds	r4, r4, r7
10005816:	19a4      	adds	r4, r4, r6
10005818:	3430      	adds	r4, #48	; 0x30
1000581a:	78e4      	ldrb	r4, [r4, #3]
1000581c:	07e4      	lsls	r4, r4, #31
1000581e:	d41d      	bmi.n	1000585c <usbd_edpt_xfer+0x5c>
10005820:	006f      	lsls	r7, r5, #1
10005822:	4c13      	ldr	r4, [pc, #76]	; (10005870 <usbd_edpt_xfer+0x70>)
10005824:	19e4      	adds	r4, r4, r7
10005826:	19a4      	adds	r4, r4, r6
10005828:	3430      	adds	r4, #48	; 0x30
1000582a:	78e3      	ldrb	r3, [r4, #3]
1000582c:	2701      	movs	r7, #1
1000582e:	46bc      	mov	ip, r7
10005830:	4667      	mov	r7, ip
10005832:	433b      	orrs	r3, r7
10005834:	70e3      	strb	r3, [r4, #3]
10005836:	9b01      	ldr	r3, [sp, #4]
10005838:	f7ff f9e4 	bl	10004c04 <dcd_edpt_xfer>
1000583c:	2800      	cmp	r0, #0
1000583e:	d113      	bne.n	10005868 <usbd_edpt_xfer+0x68>
10005840:	006d      	lsls	r5, r5, #1
10005842:	4b0b      	ldr	r3, [pc, #44]	; (10005870 <usbd_edpt_xfer+0x70>)
10005844:	195d      	adds	r5, r3, r5
10005846:	19ae      	adds	r6, r5, r6
10005848:	3630      	adds	r6, #48	; 0x30
1000584a:	78f3      	ldrb	r3, [r6, #3]
1000584c:	2201      	movs	r2, #1
1000584e:	4393      	bics	r3, r2
10005850:	70f3      	strb	r3, [r6, #3]
10005852:	78f3      	ldrb	r3, [r6, #3]
10005854:	3203      	adds	r2, #3
10005856:	4393      	bics	r3, r2
10005858:	70f3      	strb	r3, [r6, #3]
1000585a:	e005      	b.n	10005868 <usbd_edpt_xfer+0x68>
1000585c:	4a05      	ldr	r2, [pc, #20]	; (10005874 <usbd_edpt_xfer+0x74>)
1000585e:	4906      	ldr	r1, [pc, #24]	; (10005878 <usbd_edpt_xfer+0x78>)
10005860:	4806      	ldr	r0, [pc, #24]	; (1000587c <usbd_edpt_xfer+0x7c>)
10005862:	f7fe fdab 	bl	100043bc <__wrap_printf>
10005866:	2000      	movs	r0, #0
10005868:	b002      	add	sp, #8
1000586a:	bc04      	pop	{r2}
1000586c:	4690      	mov	r8, r2
1000586e:	bdf0      	pop	{r4, r5, r6, r7, pc}
10005870:	2000097c 	.word	0x2000097c
10005874:	0000050a 	.word	0x0000050a
10005878:	100084a8 	.word	0x100084a8
1000587c:	100084d0 	.word	0x100084d0

10005880 <usbd_edpt_stall>:
10005880:	b570      	push	{r4, r5, r6, lr}
10005882:	247f      	movs	r4, #127	; 0x7f
10005884:	400c      	ands	r4, r1
10005886:	09cd      	lsrs	r5, r1, #7
10005888:	0062      	lsls	r2, r4, #1
1000588a:	4b0c      	ldr	r3, [pc, #48]	; (100058bc <usbd_edpt_stall+0x3c>)
1000588c:	189b      	adds	r3, r3, r2
1000588e:	195b      	adds	r3, r3, r5
10005890:	3330      	adds	r3, #48	; 0x30
10005892:	78db      	ldrb	r3, [r3, #3]
10005894:	079b      	lsls	r3, r3, #30
10005896:	d500      	bpl.n	1000589a <usbd_edpt_stall+0x1a>
10005898:	bd70      	pop	{r4, r5, r6, pc}
1000589a:	f7ff f9cb 	bl	10004c34 <dcd_edpt_stall>
1000589e:	0063      	lsls	r3, r4, #1
100058a0:	4c06      	ldr	r4, [pc, #24]	; (100058bc <usbd_edpt_stall+0x3c>)
100058a2:	18e4      	adds	r4, r4, r3
100058a4:	1964      	adds	r4, r4, r5
100058a6:	3430      	adds	r4, #48	; 0x30
100058a8:	78e3      	ldrb	r3, [r4, #3]
100058aa:	2202      	movs	r2, #2
100058ac:	4313      	orrs	r3, r2
100058ae:	70e3      	strb	r3, [r4, #3]
100058b0:	78e3      	ldrb	r3, [r4, #3]
100058b2:	2201      	movs	r2, #1
100058b4:	4313      	orrs	r3, r2
100058b6:	70e3      	strb	r3, [r4, #3]
100058b8:	e7ee      	b.n	10005898 <usbd_edpt_stall+0x18>
100058ba:	46c0      	nop			; (mov r8, r8)
100058bc:	2000097c 	.word	0x2000097c

100058c0 <usbd_edpt_clear_stall>:
100058c0:	b570      	push	{r4, r5, r6, lr}
100058c2:	247f      	movs	r4, #127	; 0x7f
100058c4:	400c      	ands	r4, r1
100058c6:	09cd      	lsrs	r5, r1, #7
100058c8:	0062      	lsls	r2, r4, #1
100058ca:	4b0c      	ldr	r3, [pc, #48]	; (100058fc <usbd_edpt_clear_stall+0x3c>)
100058cc:	189b      	adds	r3, r3, r2
100058ce:	195b      	adds	r3, r3, r5
100058d0:	3330      	adds	r3, #48	; 0x30
100058d2:	78db      	ldrb	r3, [r3, #3]
100058d4:	079b      	lsls	r3, r3, #30
100058d6:	d400      	bmi.n	100058da <usbd_edpt_clear_stall+0x1a>
100058d8:	bd70      	pop	{r4, r5, r6, pc}
100058da:	f7ff f9c1 	bl	10004c60 <dcd_edpt_clear_stall>
100058de:	0063      	lsls	r3, r4, #1
100058e0:	4c06      	ldr	r4, [pc, #24]	; (100058fc <usbd_edpt_clear_stall+0x3c>)
100058e2:	18e4      	adds	r4, r4, r3
100058e4:	1964      	adds	r4, r4, r5
100058e6:	3430      	adds	r4, #48	; 0x30
100058e8:	78e3      	ldrb	r3, [r4, #3]
100058ea:	2202      	movs	r2, #2
100058ec:	4393      	bics	r3, r2
100058ee:	70e3      	strb	r3, [r4, #3]
100058f0:	78e3      	ldrb	r3, [r4, #3]
100058f2:	3a01      	subs	r2, #1
100058f4:	4393      	bics	r3, r2
100058f6:	70e3      	strb	r3, [r4, #3]
100058f8:	e7ee      	b.n	100058d8 <usbd_edpt_clear_stall+0x18>
100058fa:	46c0      	nop			; (mov r8, r8)
100058fc:	2000097c 	.word	0x2000097c

10005900 <usbd_edpt_stalled>:
10005900:	237f      	movs	r3, #127	; 0x7f
10005902:	400b      	ands	r3, r1
10005904:	09ca      	lsrs	r2, r1, #7
10005906:	005b      	lsls	r3, r3, #1
10005908:	4903      	ldr	r1, [pc, #12]	; (10005918 <usbd_edpt_stalled+0x18>)
1000590a:	18c9      	adds	r1, r1, r3
1000590c:	1889      	adds	r1, r1, r2
1000590e:	3130      	adds	r1, #48	; 0x30
10005910:	78c8      	ldrb	r0, [r1, #3]
10005912:	0780      	lsls	r0, r0, #30
10005914:	0fc0      	lsrs	r0, r0, #31
10005916:	4770      	bx	lr
10005918:	2000097c 	.word	0x2000097c

1000591c <process_control_request>:
1000591c:	b5f0      	push	{r4, r5, r6, r7, lr}
1000591e:	46c6      	mov	lr, r8
10005920:	b500      	push	{lr}
10005922:	b082      	sub	sp, #8
10005924:	0004      	movs	r4, r0
10005926:	000d      	movs	r5, r1
10005928:	2000      	movs	r0, #0
1000592a:	f000 fb85 	bl	10006038 <usbd_control_set_complete_callback>
1000592e:	782b      	ldrb	r3, [r5, #0]
10005930:	2260      	movs	r2, #96	; 0x60
10005932:	401a      	ands	r2, r3
10005934:	2a60      	cmp	r2, #96	; 0x60
10005936:	d014      	beq.n	10005962 <process_control_request+0x46>
10005938:	2a40      	cmp	r2, #64	; 0x40
1000593a:	d019      	beq.n	10005970 <process_control_request+0x54>
1000593c:	782b      	ldrb	r3, [r5, #0]
1000593e:	06db      	lsls	r3, r3, #27
10005940:	0edb      	lsrs	r3, r3, #27
10005942:	b2d9      	uxtb	r1, r3
10005944:	2901      	cmp	r1, #1
10005946:	d100      	bne.n	1000594a <process_control_request+0x2e>
10005948:	e0da      	b.n	10005b00 <process_control_request+0x1e4>
1000594a:	b25b      	sxtb	r3, r3
1000594c:	2b00      	cmp	r3, #0
1000594e:	d01d      	beq.n	1000598c <process_control_request+0x70>
10005950:	2902      	cmp	r1, #2
10005952:	d100      	bne.n	10005956 <process_control_request+0x3a>
10005954:	e11e      	b.n	10005b94 <process_control_request+0x278>
10005956:	2600      	movs	r6, #0
10005958:	0030      	movs	r0, r6
1000595a:	b002      	add	sp, #8
1000595c:	bc04      	pop	{r2}
1000595e:	4690      	mov	r8, r2
10005960:	bdf0      	pop	{r4, r5, r6, r7, pc}
10005962:	4acc      	ldr	r2, [pc, #816]	; (10005c94 <process_control_request+0x378>)
10005964:	49cc      	ldr	r1, [pc, #816]	; (10005c98 <process_control_request+0x37c>)
10005966:	48cd      	ldr	r0, [pc, #820]	; (10005c9c <process_control_request+0x380>)
10005968:	f7fe fd28 	bl	100043bc <__wrap_printf>
1000596c:	2600      	movs	r6, #0
1000596e:	e7f3      	b.n	10005958 <process_control_request+0x3c>
10005970:	4bcb      	ldr	r3, [pc, #812]	; (10005ca0 <process_control_request+0x384>)
10005972:	2b00      	cmp	r3, #0
10005974:	d100      	bne.n	10005978 <process_control_request+0x5c>
10005976:	e180      	b.n	10005c7a <process_control_request+0x35e>
10005978:	0018      	movs	r0, r3
1000597a:	f000 fb5d 	bl	10006038 <usbd_control_set_complete_callback>
1000597e:	002a      	movs	r2, r5
10005980:	2100      	movs	r1, #0
10005982:	0020      	movs	r0, r4
10005984:	e000      	b.n	10005988 <process_control_request+0x6c>
10005986:	bf00      	nop
10005988:	0006      	movs	r6, r0
1000598a:	e7e5      	b.n	10005958 <process_control_request+0x3c>
1000598c:	2a20      	cmp	r2, #32
1000598e:	d00a      	beq.n	100059a6 <process_control_request+0x8a>
10005990:	2a00      	cmp	r2, #0
10005992:	d000      	beq.n	10005996 <process_control_request+0x7a>
10005994:	e179      	b.n	10005c8a <process_control_request+0x36e>
10005996:	786b      	ldrb	r3, [r5, #1]
10005998:	2b09      	cmp	r3, #9
1000599a:	d900      	bls.n	1000599e <process_control_request+0x82>
1000599c:	e177      	b.n	10005c8e <process_control_request+0x372>
1000599e:	009b      	lsls	r3, r3, #2
100059a0:	4ac0      	ldr	r2, [pc, #768]	; (10005ca4 <process_control_request+0x388>)
100059a2:	58d3      	ldr	r3, [r2, r3]
100059a4:	469f      	mov	pc, r3
100059a6:	792b      	ldrb	r3, [r5, #4]
100059a8:	2b0f      	cmp	r3, #15
100059aa:	d900      	bls.n	100059ae <process_control_request+0x92>
100059ac:	e167      	b.n	10005c7e <process_control_request+0x362>
100059ae:	4abe      	ldr	r2, [pc, #760]	; (10005ca8 <process_control_request+0x38c>)
100059b0:	18d3      	adds	r3, r2, r3
100059b2:	78db      	ldrb	r3, [r3, #3]
100059b4:	4abd      	ldr	r2, [pc, #756]	; (10005cac <process_control_request+0x390>)
100059b6:	2a00      	cmp	r2, #0
100059b8:	d005      	beq.n	100059c6 <process_control_request+0xaa>
100059ba:	4abd      	ldr	r2, [pc, #756]	; (10005cb0 <process_control_request+0x394>)
100059bc:	7812      	ldrb	r2, [r2, #0]
100059be:	4293      	cmp	r3, r2
100059c0:	d312      	bcc.n	100059e8 <process_control_request+0xcc>
100059c2:	1a9b      	subs	r3, r3, r2
100059c4:	b2db      	uxtb	r3, r3
100059c6:	2b00      	cmp	r3, #0
100059c8:	d000      	beq.n	100059cc <process_control_request+0xb0>
100059ca:	e15a      	b.n	10005c82 <process_control_request+0x366>
100059cc:	005a      	lsls	r2, r3, #1
100059ce:	18d3      	adds	r3, r2, r3
100059d0:	00da      	lsls	r2, r3, #3
100059d2:	49b8      	ldr	r1, [pc, #736]	; (10005cb4 <process_control_request+0x398>)
100059d4:	1889      	adds	r1, r1, r2
100059d6:	2900      	cmp	r1, #0
100059d8:	d100      	bne.n	100059dc <process_control_request+0xc0>
100059da:	e154      	b.n	10005c86 <process_control_request+0x36a>
100059dc:	002a      	movs	r2, r5
100059de:	0020      	movs	r0, r4
100059e0:	f7ff faf2 	bl	10004fc8 <invoke_class_control>
100059e4:	0006      	movs	r6, r0
100059e6:	e7b7      	b.n	10005958 <process_control_request+0x3c>
100059e8:	005a      	lsls	r2, r3, #1
100059ea:	18d3      	adds	r3, r2, r3
100059ec:	00da      	lsls	r2, r3, #3
100059ee:	4bb2      	ldr	r3, [pc, #712]	; (10005cb8 <process_control_request+0x39c>)
100059f0:	6819      	ldr	r1, [r3, #0]
100059f2:	1889      	adds	r1, r1, r2
100059f4:	e7ef      	b.n	100059d6 <process_control_request+0xba>
100059f6:	0028      	movs	r0, r5
100059f8:	f000 fb24 	bl	10006044 <usbd_control_set_request>
100059fc:	78a9      	ldrb	r1, [r5, #2]
100059fe:	0020      	movs	r0, r4
10005a00:	f7ff f872 	bl	10004ae8 <dcd_set_address>
10005a04:	4aa8      	ldr	r2, [pc, #672]	; (10005ca8 <process_control_request+0x38c>)
10005a06:	7813      	ldrb	r3, [r2, #0]
10005a08:	2102      	movs	r1, #2
10005a0a:	430b      	orrs	r3, r1
10005a0c:	7013      	strb	r3, [r2, #0]
10005a0e:	2601      	movs	r6, #1
10005a10:	e7a2      	b.n	10005958 <process_control_request+0x3c>
10005a12:	4ba5      	ldr	r3, [pc, #660]	; (10005ca8 <process_control_request+0x38c>)
10005a14:	785b      	ldrb	r3, [r3, #1]
10005a16:	466a      	mov	r2, sp
10005a18:	3206      	adds	r2, #6
10005a1a:	7013      	strb	r3, [r2, #0]
10005a1c:	2301      	movs	r3, #1
10005a1e:	0029      	movs	r1, r5
10005a20:	0020      	movs	r0, r4
10005a22:	f000 faad 	bl	10005f80 <tud_control_xfer>
10005a26:	2601      	movs	r6, #1
10005a28:	e796      	b.n	10005958 <process_control_request+0x3c>
10005a2a:	78af      	ldrb	r7, [r5, #2]
10005a2c:	4b9e      	ldr	r3, [pc, #632]	; (10005ca8 <process_control_request+0x38c>)
10005a2e:	785b      	ldrb	r3, [r3, #1]
10005a30:	b2db      	uxtb	r3, r3
10005a32:	42bb      	cmp	r3, r7
10005a34:	d005      	beq.n	10005a42 <process_control_request+0x126>
10005a36:	4b9c      	ldr	r3, [pc, #624]	; (10005ca8 <process_control_request+0x38c>)
10005a38:	785b      	ldrb	r3, [r3, #1]
10005a3a:	2b00      	cmp	r3, #0
10005a3c:	d109      	bne.n	10005a52 <process_control_request+0x136>
10005a3e:	2f00      	cmp	r7, #0
10005a40:	d113      	bne.n	10005a6a <process_control_request+0x14e>
10005a42:	4b99      	ldr	r3, [pc, #612]	; (10005ca8 <process_control_request+0x38c>)
10005a44:	705f      	strb	r7, [r3, #1]
10005a46:	0029      	movs	r1, r5
10005a48:	0020      	movs	r0, r4
10005a4a:	f000 fa7d 	bl	10005f48 <tud_control_status>
10005a4e:	2601      	movs	r6, #1
10005a50:	e782      	b.n	10005958 <process_control_request+0x3c>
10005a52:	0020      	movs	r0, r4
10005a54:	f7ff f8d2 	bl	10004bfc <dcd_edpt_close_all>
10005a58:	4e93      	ldr	r6, [pc, #588]	; (10005ca8 <process_control_request+0x38c>)
10005a5a:	78b3      	ldrb	r3, [r6, #2]
10005a5c:	4698      	mov	r8, r3
10005a5e:	0020      	movs	r0, r4
10005a60:	f7ff fa6a 	bl	10004f38 <configuration_reset>
10005a64:	4643      	mov	r3, r8
10005a66:	70b3      	strb	r3, [r6, #2]
10005a68:	e7e9      	b.n	10005a3e <process_control_request+0x122>
10005a6a:	0039      	movs	r1, r7
10005a6c:	0020      	movs	r0, r4
10005a6e:	f7ff fab9 	bl	10004fe4 <process_set_config>
10005a72:	1e06      	subs	r6, r0, #0
10005a74:	d1e5      	bne.n	10005a42 <process_control_request+0x126>
10005a76:	4a91      	ldr	r2, [pc, #580]	; (10005cbc <process_control_request+0x3a0>)
10005a78:	4987      	ldr	r1, [pc, #540]	; (10005c98 <process_control_request+0x37c>)
10005a7a:	4888      	ldr	r0, [pc, #544]	; (10005c9c <process_control_request+0x380>)
10005a7c:	f7fe fc9e 	bl	100043bc <__wrap_printf>
10005a80:	e76a      	b.n	10005958 <process_control_request+0x3c>
10005a82:	0029      	movs	r1, r5
10005a84:	0020      	movs	r0, r4
10005a86:	f7ff fb81 	bl	1000518c <process_get_descriptor>
10005a8a:	0006      	movs	r6, r0
10005a8c:	e764      	b.n	10005958 <process_control_request+0x3c>
10005a8e:	78aa      	ldrb	r2, [r5, #2]
10005a90:	78eb      	ldrb	r3, [r5, #3]
10005a92:	021b      	lsls	r3, r3, #8
10005a94:	4313      	orrs	r3, r2
10005a96:	2b01      	cmp	r3, #1
10005a98:	d001      	beq.n	10005a9e <process_control_request+0x182>
10005a9a:	2600      	movs	r6, #0
10005a9c:	e75c      	b.n	10005958 <process_control_request+0x3c>
10005a9e:	4a82      	ldr	r2, [pc, #520]	; (10005ca8 <process_control_request+0x38c>)
10005aa0:	7813      	ldrb	r3, [r2, #0]
10005aa2:	2108      	movs	r1, #8
10005aa4:	430b      	orrs	r3, r1
10005aa6:	7013      	strb	r3, [r2, #0]
10005aa8:	0029      	movs	r1, r5
10005aaa:	0020      	movs	r0, r4
10005aac:	f000 fa4c 	bl	10005f48 <tud_control_status>
10005ab0:	2601      	movs	r6, #1
10005ab2:	e751      	b.n	10005958 <process_control_request+0x3c>
10005ab4:	78aa      	ldrb	r2, [r5, #2]
10005ab6:	78eb      	ldrb	r3, [r5, #3]
10005ab8:	021b      	lsls	r3, r3, #8
10005aba:	4313      	orrs	r3, r2
10005abc:	2b01      	cmp	r3, #1
10005abe:	d001      	beq.n	10005ac4 <process_control_request+0x1a8>
10005ac0:	2600      	movs	r6, #0
10005ac2:	e749      	b.n	10005958 <process_control_request+0x3c>
10005ac4:	4a78      	ldr	r2, [pc, #480]	; (10005ca8 <process_control_request+0x38c>)
10005ac6:	7813      	ldrb	r3, [r2, #0]
10005ac8:	2108      	movs	r1, #8
10005aca:	438b      	bics	r3, r1
10005acc:	7013      	strb	r3, [r2, #0]
10005ace:	0029      	movs	r1, r5
10005ad0:	0020      	movs	r0, r4
10005ad2:	f000 fa39 	bl	10005f48 <tud_control_status>
10005ad6:	2601      	movs	r6, #1
10005ad8:	e73e      	b.n	10005958 <process_control_request+0x3c>
10005ada:	4b73      	ldr	r3, [pc, #460]	; (10005ca8 <process_control_request+0x38c>)
10005adc:	781a      	ldrb	r2, [r3, #0]
10005ade:	0951      	lsrs	r1, r2, #5
10005ae0:	0892      	lsrs	r2, r2, #2
10005ae2:	2301      	movs	r3, #1
10005ae4:	400b      	ands	r3, r1
10005ae6:	2102      	movs	r1, #2
10005ae8:	400a      	ands	r2, r1
10005aea:	4313      	orrs	r3, r2
10005aec:	466a      	mov	r2, sp
10005aee:	3206      	adds	r2, #6
10005af0:	8013      	strh	r3, [r2, #0]
10005af2:	2302      	movs	r3, #2
10005af4:	0029      	movs	r1, r5
10005af6:	0020      	movs	r0, r4
10005af8:	f000 fa42 	bl	10005f80 <tud_control_xfer>
10005afc:	2601      	movs	r6, #1
10005afe:	e72b      	b.n	10005958 <process_control_request+0x3c>
10005b00:	792b      	ldrb	r3, [r5, #4]
10005b02:	2b0f      	cmp	r3, #15
10005b04:	d900      	bls.n	10005b08 <process_control_request+0x1ec>
10005b06:	e0dd      	b.n	10005cc4 <process_control_request+0x3a8>
10005b08:	4a67      	ldr	r2, [pc, #412]	; (10005ca8 <process_control_request+0x38c>)
10005b0a:	18d3      	adds	r3, r2, r3
10005b0c:	78db      	ldrb	r3, [r3, #3]
10005b0e:	4a67      	ldr	r2, [pc, #412]	; (10005cac <process_control_request+0x390>)
10005b10:	2a00      	cmp	r2, #0
10005b12:	d005      	beq.n	10005b20 <process_control_request+0x204>
10005b14:	4a66      	ldr	r2, [pc, #408]	; (10005cb0 <process_control_request+0x394>)
10005b16:	7812      	ldrb	r2, [r2, #0]
10005b18:	4293      	cmp	r3, r2
10005b1a:	d329      	bcc.n	10005b70 <process_control_request+0x254>
10005b1c:	1a9b      	subs	r3, r3, r2
10005b1e:	b2db      	uxtb	r3, r3
10005b20:	2b00      	cmp	r3, #0
10005b22:	d000      	beq.n	10005b26 <process_control_request+0x20a>
10005b24:	e0d0      	b.n	10005cc8 <process_control_request+0x3ac>
10005b26:	005a      	lsls	r2, r3, #1
10005b28:	18d3      	adds	r3, r2, r3
10005b2a:	00da      	lsls	r2, r3, #3
10005b2c:	4961      	ldr	r1, [pc, #388]	; (10005cb4 <process_control_request+0x398>)
10005b2e:	1889      	adds	r1, r1, r2
10005b30:	2900      	cmp	r1, #0
10005b32:	d100      	bne.n	10005b36 <process_control_request+0x21a>
10005b34:	e0ca      	b.n	10005ccc <process_control_request+0x3b0>
10005b36:	002a      	movs	r2, r5
10005b38:	0020      	movs	r0, r4
10005b3a:	f7ff fa45 	bl	10004fc8 <invoke_class_control>
10005b3e:	1e06      	subs	r6, r0, #0
10005b40:	d000      	beq.n	10005b44 <process_control_request+0x228>
10005b42:	e709      	b.n	10005958 <process_control_request+0x3c>
10005b44:	782b      	ldrb	r3, [r5, #0]
10005b46:	2260      	movs	r2, #96	; 0x60
10005b48:	421a      	tst	r2, r3
10005b4a:	d000      	beq.n	10005b4e <process_control_request+0x232>
10005b4c:	e704      	b.n	10005958 <process_control_request+0x3c>
10005b4e:	786b      	ldrb	r3, [r5, #1]
10005b50:	3b0a      	subs	r3, #10
10005b52:	2b01      	cmp	r3, #1
10005b54:	d900      	bls.n	10005b58 <process_control_request+0x23c>
10005b56:	e6ff      	b.n	10005958 <process_control_request+0x3c>
10005b58:	2000      	movs	r0, #0
10005b5a:	f000 fa6d 	bl	10006038 <usbd_control_set_complete_callback>
10005b5e:	786b      	ldrb	r3, [r5, #1]
10005b60:	2b0a      	cmp	r3, #10
10005b62:	d00c      	beq.n	10005b7e <process_control_request+0x262>
10005b64:	0029      	movs	r1, r5
10005b66:	0020      	movs	r0, r4
10005b68:	f000 f9ee 	bl	10005f48 <tud_control_status>
10005b6c:	2601      	movs	r6, #1
10005b6e:	e6f3      	b.n	10005958 <process_control_request+0x3c>
10005b70:	005a      	lsls	r2, r3, #1
10005b72:	18d3      	adds	r3, r2, r3
10005b74:	00da      	lsls	r2, r3, #3
10005b76:	4b50      	ldr	r3, [pc, #320]	; (10005cb8 <process_control_request+0x39c>)
10005b78:	6819      	ldr	r1, [r3, #0]
10005b7a:	1889      	adds	r1, r1, r2
10005b7c:	e7d8      	b.n	10005b30 <process_control_request+0x214>
10005b7e:	466b      	mov	r3, sp
10005b80:	1d9a      	adds	r2, r3, #6
10005b82:	2300      	movs	r3, #0
10005b84:	7013      	strb	r3, [r2, #0]
10005b86:	3301      	adds	r3, #1
10005b88:	0029      	movs	r1, r5
10005b8a:	0020      	movs	r0, r4
10005b8c:	f000 f9f8 	bl	10005f80 <tud_control_xfer>
10005b90:	3601      	adds	r6, #1
10005b92:	e6e1      	b.n	10005958 <process_control_request+0x3c>
10005b94:	7929      	ldrb	r1, [r5, #4]
10005b96:	237f      	movs	r3, #127	; 0x7f
10005b98:	400b      	ands	r3, r1
10005b9a:	09ce      	lsrs	r6, r1, #7
10005b9c:	2070      	movs	r0, #112	; 0x70
10005b9e:	4208      	tst	r0, r1
10005ba0:	d120      	bne.n	10005be4 <process_control_request+0x2c8>
10005ba2:	005b      	lsls	r3, r3, #1
10005ba4:	4840      	ldr	r0, [pc, #256]	; (10005ca8 <process_control_request+0x38c>)
10005ba6:	18c3      	adds	r3, r0, r3
10005ba8:	199b      	adds	r3, r3, r6
10005baa:	7cdb      	ldrb	r3, [r3, #19]
10005bac:	483f      	ldr	r0, [pc, #252]	; (10005cac <process_control_request+0x390>)
10005bae:	2800      	cmp	r0, #0
10005bb0:	d005      	beq.n	10005bbe <process_control_request+0x2a2>
10005bb2:	483f      	ldr	r0, [pc, #252]	; (10005cb0 <process_control_request+0x394>)
10005bb4:	7800      	ldrb	r0, [r0, #0]
10005bb6:	4283      	cmp	r3, r0
10005bb8:	d31b      	bcc.n	10005bf2 <process_control_request+0x2d6>
10005bba:	1a1b      	subs	r3, r3, r0
10005bbc:	b2db      	uxtb	r3, r3
10005bbe:	2b00      	cmp	r3, #0
10005bc0:	d11e      	bne.n	10005c00 <process_control_request+0x2e4>
10005bc2:	0058      	lsls	r0, r3, #1
10005bc4:	18c3      	adds	r3, r0, r3
10005bc6:	00d8      	lsls	r0, r3, #3
10005bc8:	4e3a      	ldr	r6, [pc, #232]	; (10005cb4 <process_control_request+0x398>)
10005bca:	1836      	adds	r6, r6, r0
10005bcc:	2a00      	cmp	r2, #0
10005bce:	d019      	beq.n	10005c04 <process_control_request+0x2e8>
10005bd0:	2e00      	cmp	r6, #0
10005bd2:	d100      	bne.n	10005bd6 <process_control_request+0x2ba>
10005bd4:	e07c      	b.n	10005cd0 <process_control_request+0x3b4>
10005bd6:	002a      	movs	r2, r5
10005bd8:	0031      	movs	r1, r6
10005bda:	0020      	movs	r0, r4
10005bdc:	f7ff f9f4 	bl	10004fc8 <invoke_class_control>
10005be0:	0006      	movs	r6, r0
10005be2:	e6b9      	b.n	10005958 <process_control_request+0x3c>
10005be4:	4a36      	ldr	r2, [pc, #216]	; (10005cc0 <process_control_request+0x3a4>)
10005be6:	492c      	ldr	r1, [pc, #176]	; (10005c98 <process_control_request+0x37c>)
10005be8:	482c      	ldr	r0, [pc, #176]	; (10005c9c <process_control_request+0x380>)
10005bea:	f7fe fbe7 	bl	100043bc <__wrap_printf>
10005bee:	2600      	movs	r6, #0
10005bf0:	e6b2      	b.n	10005958 <process_control_request+0x3c>
10005bf2:	0058      	lsls	r0, r3, #1
10005bf4:	18c3      	adds	r3, r0, r3
10005bf6:	00d8      	lsls	r0, r3, #3
10005bf8:	4b2f      	ldr	r3, [pc, #188]	; (10005cb8 <process_control_request+0x39c>)
10005bfa:	681e      	ldr	r6, [r3, #0]
10005bfc:	1836      	adds	r6, r6, r0
10005bfe:	e7e5      	b.n	10005bcc <process_control_request+0x2b0>
10005c00:	2600      	movs	r6, #0
10005c02:	e7e3      	b.n	10005bcc <process_control_request+0x2b0>
10005c04:	786b      	ldrb	r3, [r5, #1]
10005c06:	2b01      	cmp	r3, #1
10005c08:	d012      	beq.n	10005c30 <process_control_request+0x314>
10005c0a:	2b00      	cmp	r3, #0
10005c0c:	d003      	beq.n	10005c16 <process_control_request+0x2fa>
10005c0e:	2b03      	cmp	r3, #3
10005c10:	d00e      	beq.n	10005c30 <process_control_request+0x314>
10005c12:	2600      	movs	r6, #0
10005c14:	e6a0      	b.n	10005958 <process_control_request+0x3c>
10005c16:	0020      	movs	r0, r4
10005c18:	f7ff fe72 	bl	10005900 <usbd_edpt_stalled>
10005c1c:	466b      	mov	r3, sp
10005c1e:	1d9a      	adds	r2, r3, #6
10005c20:	8010      	strh	r0, [r2, #0]
10005c22:	2302      	movs	r3, #2
10005c24:	0029      	movs	r1, r5
10005c26:	0020      	movs	r0, r4
10005c28:	f000 f9aa 	bl	10005f80 <tud_control_xfer>
10005c2c:	2601      	movs	r6, #1
10005c2e:	e693      	b.n	10005958 <process_control_request+0x3c>
10005c30:	78a8      	ldrb	r0, [r5, #2]
10005c32:	78ea      	ldrb	r2, [r5, #3]
10005c34:	0212      	lsls	r2, r2, #8
10005c36:	4302      	orrs	r2, r0
10005c38:	d104      	bne.n	10005c44 <process_control_request+0x328>
10005c3a:	2b01      	cmp	r3, #1
10005c3c:	d019      	beq.n	10005c72 <process_control_request+0x356>
10005c3e:	0020      	movs	r0, r4
10005c40:	f7ff fe1e 	bl	10005880 <usbd_edpt_stall>
10005c44:	2e00      	cmp	r6, #0
10005c46:	d045      	beq.n	10005cd4 <process_control_request+0x3b8>
10005c48:	002a      	movs	r2, r5
10005c4a:	0031      	movs	r1, r6
10005c4c:	0020      	movs	r0, r4
10005c4e:	f7ff f9bb 	bl	10004fc8 <invoke_class_control>
10005c52:	2000      	movs	r0, #0
10005c54:	f000 f9f0 	bl	10006038 <usbd_control_set_complete_callback>
10005c58:	4a13      	ldr	r2, [pc, #76]	; (10005ca8 <process_control_request+0x38c>)
10005c5a:	2334      	movs	r3, #52	; 0x34
10005c5c:	5cd0      	ldrb	r0, [r2, r3]
10005c5e:	07c0      	lsls	r0, r0, #31
10005c60:	0fc6      	lsrs	r6, r0, #31
10005c62:	d000      	beq.n	10005c66 <process_control_request+0x34a>
10005c64:	e678      	b.n	10005958 <process_control_request+0x3c>
10005c66:	0029      	movs	r1, r5
10005c68:	0020      	movs	r0, r4
10005c6a:	f000 f96d 	bl	10005f48 <tud_control_status>
10005c6e:	3601      	adds	r6, #1
10005c70:	e672      	b.n	10005958 <process_control_request+0x3c>
10005c72:	0020      	movs	r0, r4
10005c74:	f7ff fe24 	bl	100058c0 <usbd_edpt_clear_stall>
10005c78:	e7e4      	b.n	10005c44 <process_control_request+0x328>
10005c7a:	2600      	movs	r6, #0
10005c7c:	e66c      	b.n	10005958 <process_control_request+0x3c>
10005c7e:	2600      	movs	r6, #0
10005c80:	e66a      	b.n	10005958 <process_control_request+0x3c>
10005c82:	2600      	movs	r6, #0
10005c84:	e668      	b.n	10005958 <process_control_request+0x3c>
10005c86:	2600      	movs	r6, #0
10005c88:	e666      	b.n	10005958 <process_control_request+0x3c>
10005c8a:	2600      	movs	r6, #0
10005c8c:	e664      	b.n	10005958 <process_control_request+0x3c>
10005c8e:	2600      	movs	r6, #0
10005c90:	e662      	b.n	10005958 <process_control_request+0x3c>
10005c92:	46c0      	nop			; (mov r8, r8)
10005c94:	0000027f 	.word	0x0000027f
10005c98:	10008440 	.word	0x10008440
10005c9c:	100084d0 	.word	0x100084d0
10005ca0:	00000000 	.word	0x00000000
10005ca4:	100083d8 	.word	0x100083d8
10005ca8:	2000097c 	.word	0x2000097c
10005cac:	10004491 	.word	0x10004491
10005cb0:	20000fda 	.word	0x20000fda
10005cb4:	100084b8 	.word	0x100084b8
10005cb8:	20000644 	.word	0x20000644
10005cbc:	000002d3 	.word	0x000002d3
10005cc0:	00000333 	.word	0x00000333
10005cc4:	2600      	movs	r6, #0
10005cc6:	e647      	b.n	10005958 <process_control_request+0x3c>
10005cc8:	2600      	movs	r6, #0
10005cca:	e645      	b.n	10005958 <process_control_request+0x3c>
10005ccc:	2600      	movs	r6, #0
10005cce:	e643      	b.n	10005958 <process_control_request+0x3c>
10005cd0:	2600      	movs	r6, #0
10005cd2:	e641      	b.n	10005958 <process_control_request+0x3c>
10005cd4:	2601      	movs	r6, #1
10005cd6:	e63f      	b.n	10005958 <process_control_request+0x3c>

10005cd8 <tud_task>:
10005cd8:	b530      	push	{r4, r5, lr}
10005cda:	b085      	sub	sp, #20
10005cdc:	f000 fd78 	bl	100067d0 <tusb_inited>
10005ce0:	2800      	cmp	r0, #0
10005ce2:	d108      	bne.n	10005cf6 <tud_task+0x1e>
10005ce4:	b005      	add	sp, #20
10005ce6:	bd30      	pop	{r4, r5, pc}
10005ce8:	ac01      	add	r4, sp, #4
10005cea:	7820      	ldrb	r0, [r4, #0]
10005cec:	f7ff f966 	bl	10004fbc <usbd_reset>
10005cf0:	7922      	ldrb	r2, [r4, #4]
10005cf2:	4b72      	ldr	r3, [pc, #456]	; (10005ebc <tud_task+0x1e4>)
10005cf4:	709a      	strb	r2, [r3, #2]
10005cf6:	4b72      	ldr	r3, [pc, #456]	; (10005ec0 <tud_task+0x1e8>)
10005cf8:	681c      	ldr	r4, [r3, #0]
10005cfa:	69e2      	ldr	r2, [r4, #28]
10005cfc:	f3ef 8310 	mrs	r3, PRIMASK
10005d00:	b672      	cpsid	i
10005d02:	6811      	ldr	r1, [r2, #0]
10005d04:	2900      	cmp	r1, #0
10005d06:	d0fc      	beq.n	10005d02 <tud_task+0x2a>
10005d08:	f3bf 8f5f 	dmb	sy
10005d0c:	6223      	str	r3, [r4, #32]
10005d0e:	a901      	add	r1, sp, #4
10005d10:	0020      	movs	r0, r4
10005d12:	f001 f85b 	bl	10006dcc <tu_fifo_read>
10005d16:	69e2      	ldr	r2, [r4, #28]
10005d18:	6a23      	ldr	r3, [r4, #32]
10005d1a:	f3bf 8f5f 	dmb	sy
10005d1e:	2100      	movs	r1, #0
10005d20:	6011      	str	r1, [r2, #0]
10005d22:	f383 8810 	msr	PRIMASK, r3
10005d26:	2800      	cmp	r0, #0
10005d28:	d0dc      	beq.n	10005ce4 <tud_task+0xc>
10005d2a:	ab01      	add	r3, sp, #4
10005d2c:	785b      	ldrb	r3, [r3, #1]
10005d2e:	2b08      	cmp	r3, #8
10005d30:	d8e1      	bhi.n	10005cf6 <tud_task+0x1e>
10005d32:	009b      	lsls	r3, r3, #2
10005d34:	4a63      	ldr	r2, [pc, #396]	; (10005ec4 <tud_task+0x1ec>)
10005d36:	58d3      	ldr	r3, [r2, r3]
10005d38:	469f      	mov	pc, r3
10005d3a:	ab01      	add	r3, sp, #4
10005d3c:	7818      	ldrb	r0, [r3, #0]
10005d3e:	f7ff f93d 	bl	10004fbc <usbd_reset>
10005d42:	4b61      	ldr	r3, [pc, #388]	; (10005ec8 <tud_task+0x1f0>)
10005d44:	2b00      	cmp	r3, #0
10005d46:	d0d6      	beq.n	10005cf6 <tud_task+0x1e>
10005d48:	e000      	b.n	10005d4c <tud_task+0x74>
10005d4a:	bf00      	nop
10005d4c:	e7d3      	b.n	10005cf6 <tud_task+0x1e>
10005d4e:	4b5b      	ldr	r3, [pc, #364]	; (10005ebc <tud_task+0x1e4>)
10005d50:	781a      	ldrb	r2, [r3, #0]
10005d52:	2401      	movs	r4, #1
10005d54:	2101      	movs	r1, #1
10005d56:	430a      	orrs	r2, r1
10005d58:	701a      	strb	r2, [r3, #0]
10005d5a:	2233      	movs	r2, #51	; 0x33
10005d5c:	5c99      	ldrb	r1, [r3, r2]
10005d5e:	43a1      	bics	r1, r4
10005d60:	5499      	strb	r1, [r3, r2]
10005d62:	5c99      	ldrb	r1, [r3, r2]
10005d64:	2004      	movs	r0, #4
10005d66:	4381      	bics	r1, r0
10005d68:	5499      	strb	r1, [r3, r2]
10005d6a:	3201      	adds	r2, #1
10005d6c:	5c99      	ldrb	r1, [r3, r2]
10005d6e:	43a1      	bics	r1, r4
10005d70:	5499      	strb	r1, [r3, r2]
10005d72:	5c99      	ldrb	r1, [r3, r2]
10005d74:	4381      	bics	r1, r0
10005d76:	5499      	strb	r1, [r3, r2]
10005d78:	ab01      	add	r3, sp, #4
10005d7a:	7818      	ldrb	r0, [r3, #0]
10005d7c:	a902      	add	r1, sp, #8
10005d7e:	f7ff fdcd 	bl	1000591c <process_control_request>
10005d82:	2800      	cmp	r0, #0
10005d84:	d1b7      	bne.n	10005cf6 <tud_task+0x1e>
10005d86:	ac01      	add	r4, sp, #4
10005d88:	7820      	ldrb	r0, [r4, #0]
10005d8a:	2100      	movs	r1, #0
10005d8c:	f7fe ff52 	bl	10004c34 <dcd_edpt_stall>
10005d90:	7820      	ldrb	r0, [r4, #0]
10005d92:	2180      	movs	r1, #128	; 0x80
10005d94:	f7fe ff4e 	bl	10004c34 <dcd_edpt_stall>
10005d98:	e7ad      	b.n	10005cf6 <tud_task+0x1e>
10005d9a:	ab01      	add	r3, sp, #4
10005d9c:	7919      	ldrb	r1, [r3, #4]
10005d9e:	227f      	movs	r2, #127	; 0x7f
10005da0:	400a      	ands	r2, r1
10005da2:	09cc      	lsrs	r4, r1, #7
10005da4:	0050      	lsls	r0, r2, #1
10005da6:	4b45      	ldr	r3, [pc, #276]	; (10005ebc <tud_task+0x1e4>)
10005da8:	181b      	adds	r3, r3, r0
10005daa:	191b      	adds	r3, r3, r4
10005dac:	3330      	adds	r3, #48	; 0x30
10005dae:	78d8      	ldrb	r0, [r3, #3]
10005db0:	2501      	movs	r5, #1
10005db2:	43a8      	bics	r0, r5
10005db4:	70d8      	strb	r0, [r3, #3]
10005db6:	78d8      	ldrb	r0, [r3, #3]
10005db8:	3503      	adds	r5, #3
10005dba:	43a8      	bics	r0, r5
10005dbc:	70d8      	strb	r0, [r3, #3]
10005dbe:	2a00      	cmp	r2, #0
10005dc0:	d01d      	beq.n	10005dfe <tud_task+0x126>
10005dc2:	0052      	lsls	r2, r2, #1
10005dc4:	4b3d      	ldr	r3, [pc, #244]	; (10005ebc <tud_task+0x1e4>)
10005dc6:	189a      	adds	r2, r3, r2
10005dc8:	1912      	adds	r2, r2, r4
10005dca:	7cd3      	ldrb	r3, [r2, #19]
10005dcc:	4a3f      	ldr	r2, [pc, #252]	; (10005ecc <tud_task+0x1f4>)
10005dce:	2a00      	cmp	r2, #0
10005dd0:	d005      	beq.n	10005dde <tud_task+0x106>
10005dd2:	4a3f      	ldr	r2, [pc, #252]	; (10005ed0 <tud_task+0x1f8>)
10005dd4:	7812      	ldrb	r2, [r2, #0]
10005dd6:	4293      	cmp	r3, r2
10005dd8:	d318      	bcc.n	10005e0c <tud_task+0x134>
10005dda:	1a9b      	subs	r3, r3, r2
10005ddc:	b2db      	uxtb	r3, r3
10005dde:	2b00      	cmp	r3, #0
10005de0:	d11b      	bne.n	10005e1a <tud_task+0x142>
10005de2:	005a      	lsls	r2, r3, #1
10005de4:	18d3      	adds	r3, r2, r3
10005de6:	00da      	lsls	r2, r3, #3
10005de8:	4b3a      	ldr	r3, [pc, #232]	; (10005ed4 <tud_task+0x1fc>)
10005dea:	189b      	adds	r3, r3, r2
10005dec:	2b00      	cmp	r3, #0
10005dee:	d014      	beq.n	10005e1a <tud_task+0x142>
10005df0:	691c      	ldr	r4, [r3, #16]
10005df2:	a801      	add	r0, sp, #4
10005df4:	7942      	ldrb	r2, [r0, #5]
10005df6:	9b03      	ldr	r3, [sp, #12]
10005df8:	7800      	ldrb	r0, [r0, #0]
10005dfa:	47a0      	blx	r4
10005dfc:	e77b      	b.n	10005cf6 <tud_task+0x1e>
10005dfe:	a801      	add	r0, sp, #4
10005e00:	7942      	ldrb	r2, [r0, #5]
10005e02:	9b03      	ldr	r3, [sp, #12]
10005e04:	7800      	ldrb	r0, [r0, #0]
10005e06:	f000 f92b 	bl	10006060 <usbd_control_xfer_cb>
10005e0a:	e774      	b.n	10005cf6 <tud_task+0x1e>
10005e0c:	005a      	lsls	r2, r3, #1
10005e0e:	18d3      	adds	r3, r2, r3
10005e10:	00da      	lsls	r2, r3, #3
10005e12:	4b31      	ldr	r3, [pc, #196]	; (10005ed8 <tud_task+0x200>)
10005e14:	681b      	ldr	r3, [r3, #0]
10005e16:	189b      	adds	r3, r3, r2
10005e18:	e7e8      	b.n	10005dec <tud_task+0x114>
10005e1a:	4a30      	ldr	r2, [pc, #192]	; (10005edc <tud_task+0x204>)
10005e1c:	4930      	ldr	r1, [pc, #192]	; (10005ee0 <tud_task+0x208>)
10005e1e:	4831      	ldr	r0, [pc, #196]	; (10005ee4 <tud_task+0x20c>)
10005e20:	f7fe facc 	bl	100043bc <__wrap_printf>
10005e24:	e75e      	b.n	10005ce4 <tud_task+0xc>
10005e26:	4b25      	ldr	r3, [pc, #148]	; (10005ebc <tud_task+0x1e4>)
10005e28:	781b      	ldrb	r3, [r3, #0]
10005e2a:	07db      	lsls	r3, r3, #31
10005e2c:	d400      	bmi.n	10005e30 <tud_task+0x158>
10005e2e:	e762      	b.n	10005cf6 <tud_task+0x1e>
10005e30:	4b2d      	ldr	r3, [pc, #180]	; (10005ee8 <tud_task+0x210>)
10005e32:	2b00      	cmp	r3, #0
10005e34:	d100      	bne.n	10005e38 <tud_task+0x160>
10005e36:	e75e      	b.n	10005cf6 <tud_task+0x1e>
10005e38:	4b20      	ldr	r3, [pc, #128]	; (10005ebc <tud_task+0x1e4>)
10005e3a:	7818      	ldrb	r0, [r3, #0]
10005e3c:	0700      	lsls	r0, r0, #28
10005e3e:	0fc0      	lsrs	r0, r0, #31
10005e40:	e000      	b.n	10005e44 <tud_task+0x16c>
10005e42:	bf00      	nop
10005e44:	e757      	b.n	10005cf6 <tud_task+0x1e>
10005e46:	4b1d      	ldr	r3, [pc, #116]	; (10005ebc <tud_task+0x1e4>)
10005e48:	781b      	ldrb	r3, [r3, #0]
10005e4a:	07db      	lsls	r3, r3, #31
10005e4c:	d400      	bmi.n	10005e50 <tud_task+0x178>
10005e4e:	e752      	b.n	10005cf6 <tud_task+0x1e>
10005e50:	4b26      	ldr	r3, [pc, #152]	; (10005eec <tud_task+0x214>)
10005e52:	2b00      	cmp	r3, #0
10005e54:	d100      	bne.n	10005e58 <tud_task+0x180>
10005e56:	e74e      	b.n	10005cf6 <tud_task+0x1e>
10005e58:	e000      	b.n	10005e5c <tud_task+0x184>
10005e5a:	bf00      	nop
10005e5c:	e74b      	b.n	10005cf6 <tud_task+0x1e>
10005e5e:	0062      	lsls	r2, r4, #1
10005e60:	1912      	adds	r2, r2, r4
10005e62:	00d1      	lsls	r1, r2, #3
10005e64:	4b1c      	ldr	r3, [pc, #112]	; (10005ed8 <tud_task+0x200>)
10005e66:	681b      	ldr	r3, [r3, #0]
10005e68:	185b      	adds	r3, r3, r1
10005e6a:	e002      	b.n	10005e72 <tud_task+0x19a>
10005e6c:	0023      	movs	r3, r4
10005e6e:	e014      	b.n	10005e9a <tud_task+0x1c2>
10005e70:	2300      	movs	r3, #0
10005e72:	695b      	ldr	r3, [r3, #20]
10005e74:	2b00      	cmp	r3, #0
10005e76:	d002      	beq.n	10005e7e <tud_task+0x1a6>
10005e78:	aa01      	add	r2, sp, #4
10005e7a:	7810      	ldrb	r0, [r2, #0]
10005e7c:	4798      	blx	r3
10005e7e:	3401      	adds	r4, #1
10005e80:	b2e4      	uxtb	r4, r4
10005e82:	4b13      	ldr	r3, [pc, #76]	; (10005ed0 <tud_task+0x1f8>)
10005e84:	781b      	ldrb	r3, [r3, #0]
10005e86:	42a3      	cmp	r3, r4
10005e88:	d200      	bcs.n	10005e8c <tud_task+0x1b4>
10005e8a:	e734      	b.n	10005cf6 <tud_task+0x1e>
10005e8c:	4a0f      	ldr	r2, [pc, #60]	; (10005ecc <tud_task+0x1f4>)
10005e8e:	2a00      	cmp	r2, #0
10005e90:	d0ec      	beq.n	10005e6c <tud_task+0x194>
10005e92:	42a3      	cmp	r3, r4
10005e94:	d8e3      	bhi.n	10005e5e <tud_task+0x186>
10005e96:	1ae3      	subs	r3, r4, r3
10005e98:	b2db      	uxtb	r3, r3
10005e9a:	2b00      	cmp	r3, #0
10005e9c:	d1e8      	bne.n	10005e70 <tud_task+0x198>
10005e9e:	005a      	lsls	r2, r3, #1
10005ea0:	18d3      	adds	r3, r2, r3
10005ea2:	00da      	lsls	r2, r3, #3
10005ea4:	4b0b      	ldr	r3, [pc, #44]	; (10005ed4 <tud_task+0x1fc>)
10005ea6:	189b      	adds	r3, r3, r2
10005ea8:	e7e3      	b.n	10005e72 <tud_task+0x19a>
10005eaa:	2400      	movs	r4, #0
10005eac:	e7e9      	b.n	10005e82 <tud_task+0x1aa>
10005eae:	9b02      	ldr	r3, [sp, #8]
10005eb0:	2b00      	cmp	r3, #0
10005eb2:	d100      	bne.n	10005eb6 <tud_task+0x1de>
10005eb4:	e71f      	b.n	10005cf6 <tud_task+0x1e>
10005eb6:	9803      	ldr	r0, [sp, #12]
10005eb8:	4798      	blx	r3
10005eba:	e71c      	b.n	10005cf6 <tud_task+0x1e>
10005ebc:	2000097c 	.word	0x2000097c
10005ec0:	200009d4 	.word	0x200009d4
10005ec4:	10008400 	.word	0x10008400
10005ec8:	00000000 	.word	0x00000000
10005ecc:	10004491 	.word	0x10004491
10005ed0:	20000fda 	.word	0x20000fda
10005ed4:	100084b8 	.word	0x100084b8
10005ed8:	20000644 	.word	0x20000644
10005edc:	00000237 	.word	0x00000237
10005ee0:	10008434 	.word	0x10008434
10005ee4:	100084d0 	.word	0x100084d0
	...

10005ef0 <_data_stage_xact>:
10005ef0:	b5f8      	push	{r3, r4, r5, r6, r7, lr}
10005ef2:	0004      	movs	r4, r0
10005ef4:	4b12      	ldr	r3, [pc, #72]	; (10005f40 <_data_stage_xact+0x50>)
10005ef6:	899f      	ldrh	r7, [r3, #12]
10005ef8:	89de      	ldrh	r6, [r3, #14]
10005efa:	1bb9      	subs	r1, r7, r6
10005efc:	b289      	uxth	r1, r1
10005efe:	1c0b      	adds	r3, r1, #0
10005f00:	2940      	cmp	r1, #64	; 0x40
10005f02:	d900      	bls.n	10005f06 <_data_stage_xact+0x16>
10005f04:	2340      	movs	r3, #64	; 0x40
10005f06:	b29d      	uxth	r5, r3
10005f08:	4b0d      	ldr	r3, [pc, #52]	; (10005f40 <_data_stage_xact+0x50>)
10005f0a:	781b      	ldrb	r3, [r3, #0]
10005f0c:	b25b      	sxtb	r3, r3
10005f0e:	2b00      	cmp	r3, #0
10005f10:	db08      	blt.n	10005f24 <_data_stage_xact+0x34>
10005f12:	2100      	movs	r1, #0
10005f14:	42b7      	cmp	r7, r6
10005f16:	d011      	beq.n	10005f3c <_data_stage_xact+0x4c>
10005f18:	4a0a      	ldr	r2, [pc, #40]	; (10005f44 <_data_stage_xact+0x54>)
10005f1a:	002b      	movs	r3, r5
10005f1c:	0020      	movs	r0, r4
10005f1e:	f7ff fc6f 	bl	10005800 <usbd_edpt_xfer>
10005f22:	bdf8      	pop	{r3, r4, r5, r6, r7, pc}
10005f24:	42b7      	cmp	r7, r6
10005f26:	d101      	bne.n	10005f2c <_data_stage_xact+0x3c>
10005f28:	2180      	movs	r1, #128	; 0x80
10005f2a:	e7f3      	b.n	10005f14 <_data_stage_xact+0x24>
10005f2c:	4b04      	ldr	r3, [pc, #16]	; (10005f40 <_data_stage_xact+0x50>)
10005f2e:	6899      	ldr	r1, [r3, #8]
10005f30:	002a      	movs	r2, r5
10005f32:	4804      	ldr	r0, [pc, #16]	; (10005f44 <_data_stage_xact+0x54>)
10005f34:	f7fe f900 	bl	10004138 <__wrap___aeabi_memcpy>
10005f38:	2180      	movs	r1, #128	; 0x80
10005f3a:	e7eb      	b.n	10005f14 <_data_stage_xact+0x24>
10005f3c:	2200      	movs	r2, #0
10005f3e:	e7ec      	b.n	10005f1a <_data_stage_xact+0x2a>
10005f40:	20000920 	.word	0x20000920
10005f44:	2000093c 	.word	0x2000093c

10005f48 <tud_control_status>:
10005f48:	b570      	push	{r4, r5, r6, lr}
10005f4a:	0006      	movs	r6, r0
10005f4c:	000d      	movs	r5, r1
10005f4e:	4c0b      	ldr	r4, [pc, #44]	; (10005f7c <tud_control_status+0x34>)
10005f50:	2208      	movs	r2, #8
10005f52:	0020      	movs	r0, r4
10005f54:	f7fe f8f0 	bl	10004138 <__wrap___aeabi_memcpy>
10005f58:	2300      	movs	r3, #0
10005f5a:	60a3      	str	r3, [r4, #8]
10005f5c:	81e3      	strh	r3, [r4, #14]
10005f5e:	81a3      	strh	r3, [r4, #12]
10005f60:	2300      	movs	r3, #0
10005f62:	56eb      	ldrsb	r3, [r5, r3]
10005f64:	2b00      	cmp	r3, #0
10005f66:	db06      	blt.n	10005f76 <tud_control_status+0x2e>
10005f68:	2180      	movs	r1, #128	; 0x80
10005f6a:	2300      	movs	r3, #0
10005f6c:	2200      	movs	r2, #0
10005f6e:	0030      	movs	r0, r6
10005f70:	f7ff fc46 	bl	10005800 <usbd_edpt_xfer>
10005f74:	bd70      	pop	{r4, r5, r6, pc}
10005f76:	2100      	movs	r1, #0
10005f78:	e7f7      	b.n	10005f6a <tud_control_status+0x22>
10005f7a:	46c0      	nop			; (mov r8, r8)
10005f7c:	20000920 	.word	0x20000920

10005f80 <tud_control_xfer>:
10005f80:	b5f0      	push	{r4, r5, r6, r7, lr}
10005f82:	b083      	sub	sp, #12
10005f84:	9001      	str	r0, [sp, #4]
10005f86:	000e      	movs	r6, r1
10005f88:	0017      	movs	r7, r2
10005f8a:	001c      	movs	r4, r3
10005f8c:	4d22      	ldr	r5, [pc, #136]	; (10006018 <tud_control_xfer+0x98>)
10005f8e:	2208      	movs	r2, #8
10005f90:	0028      	movs	r0, r5
10005f92:	f7fe f8d1 	bl	10004138 <__wrap___aeabi_memcpy>
10005f96:	60af      	str	r7, [r5, #8]
10005f98:	2300      	movs	r3, #0
10005f9a:	81eb      	strh	r3, [r5, #14]
10005f9c:	79b2      	ldrb	r2, [r6, #6]
10005f9e:	79f3      	ldrb	r3, [r6, #7]
10005fa0:	021b      	lsls	r3, r3, #8
10005fa2:	4313      	orrs	r3, r2
10005fa4:	1c1a      	adds	r2, r3, #0
10005fa6:	42a3      	cmp	r3, r4
10005fa8:	d900      	bls.n	10005fac <tud_control_xfer+0x2c>
10005faa:	1c22      	adds	r2, r4, #0
10005fac:	b291      	uxth	r1, r2
10005fae:	4b1a      	ldr	r3, [pc, #104]	; (10006018 <tud_control_xfer+0x98>)
10005fb0:	819a      	strh	r2, [r3, #12]
10005fb2:	79b2      	ldrb	r2, [r6, #6]
10005fb4:	79f3      	ldrb	r3, [r6, #7]
10005fb6:	021b      	lsls	r3, r3, #8
10005fb8:	4313      	orrs	r3, r2
10005fba:	d015      	beq.n	10005fe8 <tud_control_xfer+0x68>
10005fbc:	2900      	cmp	r1, #0
10005fbe:	d001      	beq.n	10005fc4 <tud_control_xfer+0x44>
10005fc0:	2f00      	cmp	r7, #0
10005fc2:	d00a      	beq.n	10005fda <tud_control_xfer+0x5a>
10005fc4:	9801      	ldr	r0, [sp, #4]
10005fc6:	f7ff ff93 	bl	10005ef0 <_data_stage_xact>
10005fca:	1e04      	subs	r4, r0, #0
10005fcc:	d118      	bne.n	10006000 <tud_control_xfer+0x80>
10005fce:	2279      	movs	r2, #121	; 0x79
10005fd0:	4912      	ldr	r1, [pc, #72]	; (1000601c <tud_control_xfer+0x9c>)
10005fd2:	4813      	ldr	r0, [pc, #76]	; (10006020 <tud_control_xfer+0xa0>)
10005fd4:	f7fe f9f2 	bl	100043bc <__wrap_printf>
10005fd8:	e012      	b.n	10006000 <tud_control_xfer+0x80>
10005fda:	2273      	movs	r2, #115	; 0x73
10005fdc:	490f      	ldr	r1, [pc, #60]	; (1000601c <tud_control_xfer+0x9c>)
10005fde:	4810      	ldr	r0, [pc, #64]	; (10006020 <tud_control_xfer+0xa0>)
10005fe0:	f7fe f9ec 	bl	100043bc <__wrap_printf>
10005fe4:	2400      	movs	r4, #0
10005fe6:	e00b      	b.n	10006000 <tud_control_xfer+0x80>
10005fe8:	2300      	movs	r3, #0
10005fea:	56f3      	ldrsb	r3, [r6, r3]
10005fec:	2b00      	cmp	r3, #0
10005fee:	db0a      	blt.n	10006006 <tud_control_xfer+0x86>
10005ff0:	2180      	movs	r1, #128	; 0x80
10005ff2:	2300      	movs	r3, #0
10005ff4:	2200      	movs	r2, #0
10005ff6:	9801      	ldr	r0, [sp, #4]
10005ff8:	f7ff fc02 	bl	10005800 <usbd_edpt_xfer>
10005ffc:	1e04      	subs	r4, r0, #0
10005ffe:	d004      	beq.n	1000600a <tud_control_xfer+0x8a>
10006000:	0020      	movs	r0, r4
10006002:	b003      	add	sp, #12
10006004:	bdf0      	pop	{r4, r5, r6, r7, pc}
10006006:	2100      	movs	r1, #0
10006008:	e7f3      	b.n	10005ff2 <tud_control_xfer+0x72>
1000600a:	227e      	movs	r2, #126	; 0x7e
1000600c:	4903      	ldr	r1, [pc, #12]	; (1000601c <tud_control_xfer+0x9c>)
1000600e:	4804      	ldr	r0, [pc, #16]	; (10006020 <tud_control_xfer+0xa0>)
10006010:	f7fe f9d4 	bl	100043bc <__wrap_printf>
10006014:	e7f4      	b.n	10006000 <tud_control_xfer+0x80>
10006016:	46c0      	nop			; (mov r8, r8)
10006018:	20000920 	.word	0x20000920
1000601c:	100084e8 	.word	0x100084e8
10006020:	100084d0 	.word	0x100084d0

10006024 <usbd_control_reset>:
10006024:	b510      	push	{r4, lr}
10006026:	2214      	movs	r2, #20
10006028:	2100      	movs	r1, #0
1000602a:	4802      	ldr	r0, [pc, #8]	; (10006034 <usbd_control_reset+0x10>)
1000602c:	f7fe f87e 	bl	1000412c <__wrap_memset>
10006030:	bd10      	pop	{r4, pc}
10006032:	46c0      	nop			; (mov r8, r8)
10006034:	20000920 	.word	0x20000920

10006038 <usbd_control_set_complete_callback>:
10006038:	4b01      	ldr	r3, [pc, #4]	; (10006040 <usbd_control_set_complete_callback+0x8>)
1000603a:	6118      	str	r0, [r3, #16]
1000603c:	4770      	bx	lr
1000603e:	46c0      	nop			; (mov r8, r8)
10006040:	20000920 	.word	0x20000920

10006044 <usbd_control_set_request>:
10006044:	b510      	push	{r4, lr}
10006046:	0001      	movs	r1, r0
10006048:	4c04      	ldr	r4, [pc, #16]	; (1000605c <usbd_control_set_request+0x18>)
1000604a:	2208      	movs	r2, #8
1000604c:	0020      	movs	r0, r4
1000604e:	f7fe f873 	bl	10004138 <__wrap___aeabi_memcpy>
10006052:	2300      	movs	r3, #0
10006054:	60a3      	str	r3, [r4, #8]
10006056:	81e3      	strh	r3, [r4, #14]
10006058:	81a3      	strh	r3, [r4, #12]
1000605a:	bd10      	pop	{r4, pc}
1000605c:	20000920 	.word	0x20000920

10006060 <usbd_control_xfer_cb>:
10006060:	b570      	push	{r4, r5, r6, lr}
10006062:	0004      	movs	r4, r0
10006064:	001d      	movs	r5, r3
10006066:	09c9      	lsrs	r1, r1, #7
10006068:	4b37      	ldr	r3, [pc, #220]	; (10006148 <usbd_control_xfer_cb+0xe8>)
1000606a:	781b      	ldrb	r3, [r3, #0]
1000606c:	09db      	lsrs	r3, r3, #7
1000606e:	428b      	cmp	r3, r1
10006070:	d019      	beq.n	100060a6 <usbd_control_xfer_cb+0x46>
10006072:	2d00      	cmp	r5, #0
10006074:	d110      	bne.n	10006098 <usbd_control_xfer_cb+0x38>
10006076:	4b35      	ldr	r3, [pc, #212]	; (1000614c <usbd_control_xfer_cb+0xec>)
10006078:	2b00      	cmp	r3, #0
1000607a:	d002      	beq.n	10006082 <usbd_control_xfer_cb+0x22>
1000607c:	4932      	ldr	r1, [pc, #200]	; (10006148 <usbd_control_xfer_cb+0xe8>)
1000607e:	f7fe fd8f 	bl	10004ba0 <dcd_edpt0_status_complete>
10006082:	4b31      	ldr	r3, [pc, #196]	; (10006148 <usbd_control_xfer_cb+0xe8>)
10006084:	691b      	ldr	r3, [r3, #16]
10006086:	2b00      	cmp	r3, #0
10006088:	d003      	beq.n	10006092 <usbd_control_xfer_cb+0x32>
1000608a:	4a2f      	ldr	r2, [pc, #188]	; (10006148 <usbd_control_xfer_cb+0xe8>)
1000608c:	2102      	movs	r1, #2
1000608e:	0020      	movs	r0, r4
10006090:	4798      	blx	r3
10006092:	2401      	movs	r4, #1
10006094:	0020      	movs	r0, r4
10006096:	bd70      	pop	{r4, r5, r6, pc}
10006098:	22ab      	movs	r2, #171	; 0xab
1000609a:	492d      	ldr	r1, [pc, #180]	; (10006150 <usbd_control_xfer_cb+0xf0>)
1000609c:	482d      	ldr	r0, [pc, #180]	; (10006154 <usbd_control_xfer_cb+0xf4>)
1000609e:	f7fe f98d 	bl	100043bc <__wrap_printf>
100060a2:	2400      	movs	r4, #0
100060a4:	e7f6      	b.n	10006094 <usbd_control_xfer_cb+0x34>
100060a6:	4b28      	ldr	r3, [pc, #160]	; (10006148 <usbd_control_xfer_cb+0xe8>)
100060a8:	781b      	ldrb	r3, [r3, #0]
100060aa:	b25b      	sxtb	r3, r3
100060ac:	2b00      	cmp	r3, #0
100060ae:	db07      	blt.n	100060c0 <usbd_control_xfer_cb+0x60>
100060b0:	4b25      	ldr	r3, [pc, #148]	; (10006148 <usbd_control_xfer_cb+0xe8>)
100060b2:	6898      	ldr	r0, [r3, #8]
100060b4:	2800      	cmp	r0, #0
100060b6:	d044      	beq.n	10006142 <usbd_control_xfer_cb+0xe2>
100060b8:	002a      	movs	r2, r5
100060ba:	4927      	ldr	r1, [pc, #156]	; (10006158 <usbd_control_xfer_cb+0xf8>)
100060bc:	f7fe f83c 	bl	10004138 <__wrap___aeabi_memcpy>
100060c0:	4a21      	ldr	r2, [pc, #132]	; (10006148 <usbd_control_xfer_cb+0xe8>)
100060c2:	89d3      	ldrh	r3, [r2, #14]
100060c4:	195b      	adds	r3, r3, r5
100060c6:	b29b      	uxth	r3, r3
100060c8:	81d3      	strh	r3, [r2, #14]
100060ca:	6891      	ldr	r1, [r2, #8]
100060cc:	1949      	adds	r1, r1, r5
100060ce:	6091      	str	r1, [r2, #8]
100060d0:	88d2      	ldrh	r2, [r2, #6]
100060d2:	4293      	cmp	r3, r2
100060d4:	d001      	beq.n	100060da <usbd_control_xfer_cb+0x7a>
100060d6:	2d3f      	cmp	r5, #63	; 0x3f
100060d8:	d828      	bhi.n	1000612c <usbd_control_xfer_cb+0xcc>
100060da:	4b1b      	ldr	r3, [pc, #108]	; (10006148 <usbd_control_xfer_cb+0xe8>)
100060dc:	691b      	ldr	r3, [r3, #16]
100060de:	2b00      	cmp	r3, #0
100060e0:	d005      	beq.n	100060ee <usbd_control_xfer_cb+0x8e>
100060e2:	4a19      	ldr	r2, [pc, #100]	; (10006148 <usbd_control_xfer_cb+0xe8>)
100060e4:	2101      	movs	r1, #1
100060e6:	0020      	movs	r0, r4
100060e8:	4798      	blx	r3
100060ea:	2800      	cmp	r0, #0
100060ec:	d014      	beq.n	10006118 <usbd_control_xfer_cb+0xb8>
100060ee:	4b16      	ldr	r3, [pc, #88]	; (10006148 <usbd_control_xfer_cb+0xe8>)
100060f0:	781b      	ldrb	r3, [r3, #0]
100060f2:	b25b      	sxtb	r3, r3
100060f4:	2b00      	cmp	r3, #0
100060f6:	db0d      	blt.n	10006114 <usbd_control_xfer_cb+0xb4>
100060f8:	2180      	movs	r1, #128	; 0x80
100060fa:	2300      	movs	r3, #0
100060fc:	2200      	movs	r2, #0
100060fe:	0020      	movs	r0, r4
10006100:	f7ff fb7e 	bl	10005800 <usbd_edpt_xfer>
10006104:	1e04      	subs	r4, r0, #0
10006106:	d1c5      	bne.n	10006094 <usbd_control_xfer_cb+0x34>
10006108:	22d8      	movs	r2, #216	; 0xd8
1000610a:	4911      	ldr	r1, [pc, #68]	; (10006150 <usbd_control_xfer_cb+0xf0>)
1000610c:	4811      	ldr	r0, [pc, #68]	; (10006154 <usbd_control_xfer_cb+0xf4>)
1000610e:	f7fe f955 	bl	100043bc <__wrap_printf>
10006112:	e7bf      	b.n	10006094 <usbd_control_xfer_cb+0x34>
10006114:	2100      	movs	r1, #0
10006116:	e7f0      	b.n	100060fa <usbd_control_xfer_cb+0x9a>
10006118:	2100      	movs	r1, #0
1000611a:	0020      	movs	r0, r4
1000611c:	f7fe fd8a 	bl	10004c34 <dcd_edpt_stall>
10006120:	2180      	movs	r1, #128	; 0x80
10006122:	0020      	movs	r0, r4
10006124:	f7fe fd86 	bl	10004c34 <dcd_edpt_stall>
10006128:	2401      	movs	r4, #1
1000612a:	e7b3      	b.n	10006094 <usbd_control_xfer_cb+0x34>
1000612c:	0020      	movs	r0, r4
1000612e:	f7ff fedf 	bl	10005ef0 <_data_stage_xact>
10006132:	1e04      	subs	r4, r0, #0
10006134:	d1ae      	bne.n	10006094 <usbd_control_xfer_cb+0x34>
10006136:	22e3      	movs	r2, #227	; 0xe3
10006138:	4905      	ldr	r1, [pc, #20]	; (10006150 <usbd_control_xfer_cb+0xf0>)
1000613a:	4806      	ldr	r0, [pc, #24]	; (10006154 <usbd_control_xfer_cb+0xf4>)
1000613c:	f7fe f93e 	bl	100043bc <__wrap_printf>
10006140:	e7a8      	b.n	10006094 <usbd_control_xfer_cb+0x34>
10006142:	2400      	movs	r4, #0
10006144:	e7a6      	b.n	10006094 <usbd_control_xfer_cb+0x34>
10006146:	46c0      	nop			; (mov r8, r8)
10006148:	20000920 	.word	0x20000920
1000614c:	10004ba1 	.word	0x10004ba1
10006150:	100084fc 	.word	0x100084fc
10006154:	100084d0 	.word	0x100084d0
10006158:	2000093c 	.word	0x2000093c

1000615c <_prep_out_transaction>:
1000615c:	b570      	push	{r4, r5, r6, lr}
1000615e:	0004      	movs	r4, r0
10006160:	0005      	movs	r5, r0
10006162:	3510      	adds	r5, #16
10006164:	0028      	movs	r0, r5
10006166:	f000 fe21 	bl	10006dac <tu_fifo_remaining>
1000616a:	283f      	cmp	r0, #63	; 0x3f
1000616c:	d800      	bhi.n	10006170 <_prep_out_transaction+0x14>
1000616e:	bd70      	pop	{r4, r5, r6, pc}
10006170:	78e1      	ldrb	r1, [r4, #3]
10006172:	2000      	movs	r0, #0
10006174:	f7ff facc 	bl	10005710 <usbd_edpt_claim>
10006178:	2800      	cmp	r0, #0
1000617a:	d0f8      	beq.n	1000616e <_prep_out_transaction+0x12>
1000617c:	0028      	movs	r0, r5
1000617e:	f000 fe15 	bl	10006dac <tu_fifo_remaining>
10006182:	283f      	cmp	r0, #63	; 0x3f
10006184:	d908      	bls.n	10006198 <_prep_out_transaction+0x3c>
10006186:	2396      	movs	r3, #150	; 0x96
10006188:	009b      	lsls	r3, r3, #2
1000618a:	18e2      	adds	r2, r4, r3
1000618c:	78e1      	ldrb	r1, [r4, #3]
1000618e:	2340      	movs	r3, #64	; 0x40
10006190:	2000      	movs	r0, #0
10006192:	f7ff fb35 	bl	10005800 <usbd_edpt_xfer>
10006196:	e7ea      	b.n	1000616e <_prep_out_transaction+0x12>
10006198:	78e1      	ldrb	r1, [r4, #3]
1000619a:	2000      	movs	r0, #0
1000619c:	f7ff fafc 	bl	10005798 <usbd_edpt_release>
100061a0:	e7e5      	b.n	1000616e <_prep_out_transaction+0x12>
	...

100061a4 <tud_cdc_n_connected>:
100061a4:	b510      	push	{r4, lr}
100061a6:	0004      	movs	r4, r0
100061a8:	f7ff f86c 	bl	10005284 <tud_mounted>
100061ac:	2800      	cmp	r0, #0
100061ae:	d10c      	bne.n	100061ca <tud_cdc_n_connected+0x26>
100061b0:	2300      	movs	r3, #0
100061b2:	2b00      	cmp	r3, #0
100061b4:	d011      	beq.n	100061da <tud_cdc_n_connected+0x36>
100061b6:	20b6      	movs	r0, #182	; 0xb6
100061b8:	0080      	lsls	r0, r0, #2
100061ba:	4344      	muls	r4, r0
100061bc:	4809      	ldr	r0, [pc, #36]	; (100061e4 <tud_cdc_n_connected+0x40>)
100061be:	1900      	adds	r0, r0, r4
100061c0:	7903      	ldrb	r3, [r0, #4]
100061c2:	07db      	lsls	r3, r3, #31
100061c4:	d50b      	bpl.n	100061de <tud_cdc_n_connected+0x3a>
100061c6:	2001      	movs	r0, #1
100061c8:	e008      	b.n	100061dc <tud_cdc_n_connected+0x38>
100061ca:	f7ff f863 	bl	10005294 <tud_suspended>
100061ce:	2800      	cmp	r0, #0
100061d0:	d101      	bne.n	100061d6 <tud_cdc_n_connected+0x32>
100061d2:	2301      	movs	r3, #1
100061d4:	e7ed      	b.n	100061b2 <tud_cdc_n_connected+0xe>
100061d6:	2300      	movs	r3, #0
100061d8:	e7eb      	b.n	100061b2 <tud_cdc_n_connected+0xe>
100061da:	2000      	movs	r0, #0
100061dc:	bd10      	pop	{r4, pc}
100061de:	2000      	movs	r0, #0
100061e0:	e7fc      	b.n	100061dc <tud_cdc_n_connected+0x38>
100061e2:	46c0      	nop			; (mov r8, r8)
100061e4:	20000648 	.word	0x20000648

100061e8 <tud_cdc_n_available>:
100061e8:	b510      	push	{r4, lr}
100061ea:	23b6      	movs	r3, #182	; 0xb6
100061ec:	009b      	lsls	r3, r3, #2
100061ee:	4358      	muls	r0, r3
100061f0:	3010      	adds	r0, #16
100061f2:	4b02      	ldr	r3, [pc, #8]	; (100061fc <tud_cdc_n_available+0x14>)
100061f4:	18c0      	adds	r0, r0, r3
100061f6:	f000 fdc0 	bl	10006d7a <tu_fifo_count>
100061fa:	bd10      	pop	{r4, pc}
100061fc:	20000648 	.word	0x20000648

10006200 <tud_cdc_n_read>:
10006200:	b570      	push	{r4, r5, r6, lr}
10006202:	23b6      	movs	r3, #182	; 0xb6
10006204:	009b      	lsls	r3, r3, #2
10006206:	4358      	muls	r0, r3
10006208:	4b06      	ldr	r3, [pc, #24]	; (10006224 <tud_cdc_n_read+0x24>)
1000620a:	18c4      	adds	r4, r0, r3
1000620c:	b292      	uxth	r2, r2
1000620e:	3010      	adds	r0, #16
10006210:	18c0      	adds	r0, r0, r3
10006212:	f000 fdfc 	bl	10006e0e <tu_fifo_read_n>
10006216:	0005      	movs	r5, r0
10006218:	0020      	movs	r0, r4
1000621a:	f7ff ff9f 	bl	1000615c <_prep_out_transaction>
1000621e:	0028      	movs	r0, r5
10006220:	bd70      	pop	{r4, r5, r6, pc}
10006222:	46c0      	nop			; (mov r8, r8)
10006224:	20000648 	.word	0x20000648

10006228 <tud_cdc_n_write_flush>:
10006228:	b570      	push	{r4, r5, r6, lr}
1000622a:	0005      	movs	r5, r0
1000622c:	f7ff f82a 	bl	10005284 <tud_mounted>
10006230:	2800      	cmp	r0, #0
10006232:	d104      	bne.n	1000623e <tud_cdc_n_write_flush+0x16>
10006234:	2300      	movs	r3, #0
10006236:	2b00      	cmp	r3, #0
10006238:	d109      	bne.n	1000624e <tud_cdc_n_write_flush+0x26>
1000623a:	2000      	movs	r0, #0
1000623c:	bd70      	pop	{r4, r5, r6, pc}
1000623e:	f7ff f829 	bl	10005294 <tud_suspended>
10006242:	2800      	cmp	r0, #0
10006244:	d101      	bne.n	1000624a <tud_cdc_n_write_flush+0x22>
10006246:	2301      	movs	r3, #1
10006248:	e7f5      	b.n	10006236 <tud_cdc_n_write_flush+0xe>
1000624a:	2300      	movs	r3, #0
1000624c:	e7f3      	b.n	10006236 <tud_cdc_n_write_flush+0xe>
1000624e:	24b6      	movs	r4, #182	; 0xb6
10006250:	00a4      	lsls	r4, r4, #2
10006252:	436c      	muls	r4, r5
10006254:	3428      	adds	r4, #40	; 0x28
10006256:	4b24      	ldr	r3, [pc, #144]	; (100062e8 <tud_cdc_n_write_flush+0xc0>)
10006258:	18e4      	adds	r4, r4, r3
1000625a:	3404      	adds	r4, #4
1000625c:	0020      	movs	r0, r4
1000625e:	f000 fd8c 	bl	10006d7a <tu_fifo_count>
10006262:	2800      	cmp	r0, #0
10006264:	d101      	bne.n	1000626a <tud_cdc_n_write_flush+0x42>
10006266:	2000      	movs	r0, #0
10006268:	e7e8      	b.n	1000623c <tud_cdc_n_write_flush+0x14>
1000626a:	22b6      	movs	r2, #182	; 0xb6
1000626c:	0092      	lsls	r2, r2, #2
1000626e:	436a      	muls	r2, r5
10006270:	4b1d      	ldr	r3, [pc, #116]	; (100062e8 <tud_cdc_n_write_flush+0xc0>)
10006272:	189b      	adds	r3, r3, r2
10006274:	7899      	ldrb	r1, [r3, #2]
10006276:	2000      	movs	r0, #0
10006278:	f7ff fa4a 	bl	10005710 <usbd_edpt_claim>
1000627c:	2800      	cmp	r0, #0
1000627e:	d101      	bne.n	10006284 <tud_cdc_n_write_flush+0x5c>
10006280:	2000      	movs	r0, #0
10006282:	e7db      	b.n	1000623c <tud_cdc_n_write_flush+0x14>
10006284:	26b6      	movs	r6, #182	; 0xb6
10006286:	00b6      	lsls	r6, r6, #2
10006288:	436e      	muls	r6, r5
1000628a:	23a6      	movs	r3, #166	; 0xa6
1000628c:	009b      	lsls	r3, r3, #2
1000628e:	469c      	mov	ip, r3
10006290:	4466      	add	r6, ip
10006292:	4b15      	ldr	r3, [pc, #84]	; (100062e8 <tud_cdc_n_write_flush+0xc0>)
10006294:	18f6      	adds	r6, r6, r3
10006296:	2240      	movs	r2, #64	; 0x40
10006298:	0031      	movs	r1, r6
1000629a:	0020      	movs	r0, r4
1000629c:	f000 fdb7 	bl	10006e0e <tu_fifo_read_n>
100062a0:	1e04      	subs	r4, r0, #0
100062a2:	d015      	beq.n	100062d0 <tud_cdc_n_write_flush+0xa8>
100062a4:	23b6      	movs	r3, #182	; 0xb6
100062a6:	009b      	lsls	r3, r3, #2
100062a8:	436b      	muls	r3, r5
100062aa:	4d0f      	ldr	r5, [pc, #60]	; (100062e8 <tud_cdc_n_write_flush+0xc0>)
100062ac:	18ed      	adds	r5, r5, r3
100062ae:	78a9      	ldrb	r1, [r5, #2]
100062b0:	0003      	movs	r3, r0
100062b2:	0032      	movs	r2, r6
100062b4:	2000      	movs	r0, #0
100062b6:	f7ff faa3 	bl	10005800 <usbd_edpt_xfer>
100062ba:	2800      	cmp	r0, #0
100062bc:	d001      	beq.n	100062c2 <tud_cdc_n_write_flush+0x9a>
100062be:	0020      	movs	r0, r4
100062c0:	e7bc      	b.n	1000623c <tud_cdc_n_write_flush+0x14>
100062c2:	22c8      	movs	r2, #200	; 0xc8
100062c4:	4909      	ldr	r1, [pc, #36]	; (100062ec <tud_cdc_n_write_flush+0xc4>)
100062c6:	480a      	ldr	r0, [pc, #40]	; (100062f0 <tud_cdc_n_write_flush+0xc8>)
100062c8:	f7fe f878 	bl	100043bc <__wrap_printf>
100062cc:	2000      	movs	r0, #0
100062ce:	e7b5      	b.n	1000623c <tud_cdc_n_write_flush+0x14>
100062d0:	23b6      	movs	r3, #182	; 0xb6
100062d2:	009b      	lsls	r3, r3, #2
100062d4:	436b      	muls	r3, r5
100062d6:	4d04      	ldr	r5, [pc, #16]	; (100062e8 <tud_cdc_n_write_flush+0xc0>)
100062d8:	18ed      	adds	r5, r5, r3
100062da:	78a9      	ldrb	r1, [r5, #2]
100062dc:	2000      	movs	r0, #0
100062de:	f7ff fa5b 	bl	10005798 <usbd_edpt_release>
100062e2:	2000      	movs	r0, #0
100062e4:	e7aa      	b.n	1000623c <tud_cdc_n_write_flush+0x14>
100062e6:	46c0      	nop			; (mov r8, r8)
100062e8:	20000648 	.word	0x20000648
100062ec:	10008514 	.word	0x10008514
100062f0:	100084d0 	.word	0x100084d0

100062f4 <tud_cdc_n_write>:
100062f4:	b570      	push	{r4, r5, r6, lr}
100062f6:	0005      	movs	r5, r0
100062f8:	24b6      	movs	r4, #182	; 0xb6
100062fa:	00a4      	lsls	r4, r4, #2
100062fc:	4344      	muls	r4, r0
100062fe:	3428      	adds	r4, #40	; 0x28
10006300:	4b09      	ldr	r3, [pc, #36]	; (10006328 <tud_cdc_n_write+0x34>)
10006302:	18e4      	adds	r4, r4, r3
10006304:	3404      	adds	r4, #4
10006306:	b292      	uxth	r2, r2
10006308:	0020      	movs	r0, r4
1000630a:	f000 fdbb 	bl	10006e84 <tu_fifo_write_n>
1000630e:	0006      	movs	r6, r0
10006310:	0020      	movs	r0, r4
10006312:	f000 fd32 	bl	10006d7a <tu_fifo_count>
10006316:	283f      	cmp	r0, #63	; 0x3f
10006318:	d801      	bhi.n	1000631e <tud_cdc_n_write+0x2a>
1000631a:	0030      	movs	r0, r6
1000631c:	bd70      	pop	{r4, r5, r6, pc}
1000631e:	0028      	movs	r0, r5
10006320:	f7ff ff82 	bl	10006228 <tud_cdc_n_write_flush>
10006324:	e7f9      	b.n	1000631a <tud_cdc_n_write+0x26>
10006326:	46c0      	nop			; (mov r8, r8)
10006328:	20000648 	.word	0x20000648

1000632c <tud_cdc_n_write_available>:
1000632c:	b510      	push	{r4, lr}
1000632e:	23b6      	movs	r3, #182	; 0xb6
10006330:	009b      	lsls	r3, r3, #2
10006332:	4358      	muls	r0, r3
10006334:	3028      	adds	r0, #40	; 0x28
10006336:	4b03      	ldr	r3, [pc, #12]	; (10006344 <tud_cdc_n_write_available+0x18>)
10006338:	18c0      	adds	r0, r0, r3
1000633a:	3004      	adds	r0, #4
1000633c:	f000 fd36 	bl	10006dac <tu_fifo_remaining>
10006340:	bd10      	pop	{r4, pc}
10006342:	46c0      	nop			; (mov r8, r8)
10006344:	20000648 	.word	0x20000648

10006348 <cdcd_init>:
10006348:	b5f0      	push	{r4, r5, r6, r7, lr}
1000634a:	46ce      	mov	lr, r9
1000634c:	4647      	mov	r7, r8
1000634e:	b580      	push	{r7, lr}
10006350:	b083      	sub	sp, #12
10006352:	22b6      	movs	r2, #182	; 0xb6
10006354:	0092      	lsls	r2, r2, #2
10006356:	2100      	movs	r1, #0
10006358:	4827      	ldr	r0, [pc, #156]	; (100063f8 <cdcd_init+0xb0>)
1000635a:	f7fd fee7 	bl	1000412c <__wrap_memset>
1000635e:	2600      	movs	r6, #0
10006360:	2e00      	cmp	r6, #0
10006362:	d004      	beq.n	1000636e <cdcd_init+0x26>
10006364:	b003      	add	sp, #12
10006366:	bc0c      	pop	{r2, r3}
10006368:	4690      	mov	r8, r2
1000636a:	4699      	mov	r9, r3
1000636c:	bdf0      	pop	{r4, r5, r6, r7, pc}
1000636e:	4b22      	ldr	r3, [pc, #136]	; (100063f8 <cdcd_init+0xb0>)
10006370:	4698      	mov	r8, r3
10006372:	24b6      	movs	r4, #182	; 0xb6
10006374:	00a4      	lsls	r4, r4, #2
10006376:	4374      	muls	r4, r6
10006378:	191d      	adds	r5, r3, r4
1000637a:	23ff      	movs	r3, #255	; 0xff
1000637c:	716b      	strb	r3, [r5, #5]
1000637e:	2300      	movs	r3, #0
10006380:	4699      	mov	r9, r3
10006382:	4a1e      	ldr	r2, [pc, #120]	; (100063fc <cdcd_init+0xb4>)
10006384:	80ea      	strh	r2, [r5, #6]
10006386:	2201      	movs	r2, #1
10006388:	812a      	strh	r2, [r5, #8]
1000638a:	72ab      	strb	r3, [r5, #10]
1000638c:	72eb      	strb	r3, [r5, #11]
1000638e:	2308      	movs	r3, #8
10006390:	732b      	strb	r3, [r5, #12]
10006392:	0021      	movs	r1, r4
10006394:	3148      	adds	r1, #72	; 0x48
10006396:	4441      	add	r1, r8
10006398:	2780      	movs	r7, #128	; 0x80
1000639a:	007f      	lsls	r7, r7, #1
1000639c:	0020      	movs	r0, r4
1000639e:	3010      	adds	r0, #16
100063a0:	4440      	add	r0, r8
100063a2:	464b      	mov	r3, r9
100063a4:	9300      	str	r3, [sp, #0]
100063a6:	3301      	adds	r3, #1
100063a8:	003a      	movs	r2, r7
100063aa:	f000 fcad 	bl	10006d08 <tu_fifo_config>
100063ae:	0021      	movs	r1, r4
100063b0:	3149      	adds	r1, #73	; 0x49
100063b2:	31ff      	adds	r1, #255	; 0xff
100063b4:	4441      	add	r1, r8
100063b6:	0020      	movs	r0, r4
100063b8:	3028      	adds	r0, #40	; 0x28
100063ba:	4440      	add	r0, r8
100063bc:	3004      	adds	r0, #4
100063be:	2301      	movs	r3, #1
100063c0:	9300      	str	r3, [sp, #0]
100063c2:	003a      	movs	r2, r7
100063c4:	f000 fca0 	bl	10006d08 <tu_fifo_config>
100063c8:	2392      	movs	r3, #146	; 0x92
100063ca:	009b      	lsls	r3, r3, #2
100063cc:	18e7      	adds	r7, r4, r3
100063ce:	4447      	add	r7, r8
100063d0:	0038      	movs	r0, r7
100063d2:	f7fb fbd1 	bl	10001b78 <mutex_init>
100063d6:	464b      	mov	r3, r9
100063d8:	626b      	str	r3, [r5, #36]	; 0x24
100063da:	62af      	str	r7, [r5, #40]	; 0x28
100063dc:	2394      	movs	r3, #148	; 0x94
100063de:	009b      	lsls	r3, r3, #2
100063e0:	469c      	mov	ip, r3
100063e2:	4464      	add	r4, ip
100063e4:	4444      	add	r4, r8
100063e6:	0020      	movs	r0, r4
100063e8:	f7fb fbc6 	bl	10001b78 <mutex_init>
100063ec:	642c      	str	r4, [r5, #64]	; 0x40
100063ee:	464b      	mov	r3, r9
100063f0:	646b      	str	r3, [r5, #68]	; 0x44
100063f2:	3601      	adds	r6, #1
100063f4:	b2f6      	uxtb	r6, r6
100063f6:	e7b3      	b.n	10006360 <cdcd_init+0x18>
100063f8:	20000648 	.word	0x20000648
100063fc:	ffffc200 	.word	0xffffc200

10006400 <cdcd_reset>:
10006400:	b570      	push	{r4, r5, r6, lr}
10006402:	2500      	movs	r5, #0
10006404:	2d00      	cmp	r5, #0
10006406:	d000      	beq.n	1000640a <cdcd_reset+0xa>
10006408:	bd70      	pop	{r4, r5, r6, pc}
1000640a:	24b6      	movs	r4, #182	; 0xb6
1000640c:	00a4      	lsls	r4, r4, #2
1000640e:	436c      	muls	r4, r5
10006410:	4e0b      	ldr	r6, [pc, #44]	; (10006440 <cdcd_reset+0x40>)
10006412:	19a0      	adds	r0, r4, r6
10006414:	2205      	movs	r2, #5
10006416:	2100      	movs	r1, #0
10006418:	f7fd fe88 	bl	1000412c <__wrap_memset>
1000641c:	0020      	movs	r0, r4
1000641e:	3010      	adds	r0, #16
10006420:	1980      	adds	r0, r0, r6
10006422:	f000 fd34 	bl	10006e8e <tu_fifo_clear>
10006426:	3428      	adds	r4, #40	; 0x28
10006428:	19a4      	adds	r4, r4, r6
1000642a:	3404      	adds	r4, #4
1000642c:	0020      	movs	r0, r4
1000642e:	f000 fd2e 	bl	10006e8e <tu_fifo_clear>
10006432:	2101      	movs	r1, #1
10006434:	0020      	movs	r0, r4
10006436:	f000 fd50 	bl	10006eda <tu_fifo_set_overwritable>
1000643a:	3501      	adds	r5, #1
1000643c:	b2ed      	uxtb	r5, r5
1000643e:	e7e1      	b.n	10006404 <cdcd_reset+0x4>
10006440:	20000648 	.word	0x20000648

10006444 <cdcd_open>:
10006444:	b5f0      	push	{r4, r5, r6, r7, lr}
10006446:	b083      	sub	sp, #12
10006448:	0005      	movs	r5, r0
1000644a:	794b      	ldrb	r3, [r1, #5]
1000644c:	2b02      	cmp	r3, #2
1000644e:	d168      	bne.n	10006522 <cdcd_open+0xde>
10006450:	798b      	ldrb	r3, [r1, #6]
10006452:	2b02      	cmp	r3, #2
10006454:	d169      	bne.n	1000652a <cdcd_open+0xe6>
10006456:	2300      	movs	r3, #0
10006458:	2b00      	cmp	r3, #0
1000645a:	d011      	beq.n	10006480 <cdcd_open+0x3c>
1000645c:	2700      	movs	r7, #0
1000645e:	2f00      	cmp	r7, #0
10006460:	d01c      	beq.n	1000649c <cdcd_open+0x58>
10006462:	788b      	ldrb	r3, [r1, #2]
10006464:	703b      	strb	r3, [r7, #0]
10006466:	780e      	ldrb	r6, [r1, #0]
10006468:	198e      	adds	r6, r1, r6
1000646a:	2409      	movs	r4, #9
1000646c:	7873      	ldrb	r3, [r6, #1]
1000646e:	2b24      	cmp	r3, #36	; 0x24
10006470:	d11c      	bne.n	100064ac <cdcd_open+0x68>
10006472:	4294      	cmp	r4, r2
10006474:	d81a      	bhi.n	100064ac <cdcd_open+0x68>
10006476:	7833      	ldrb	r3, [r6, #0]
10006478:	191c      	adds	r4, r3, r4
1000647a:	b2a4      	uxth	r4, r4
1000647c:	18f6      	adds	r6, r6, r3
1000647e:	e7f5      	b.n	1000646c <cdcd_open+0x28>
10006480:	24b6      	movs	r4, #182	; 0xb6
10006482:	00a4      	lsls	r4, r4, #2
10006484:	435c      	muls	r4, r3
10006486:	482a      	ldr	r0, [pc, #168]	; (10006530 <cdcd_open+0xec>)
10006488:	1900      	adds	r0, r0, r4
1000648a:	7880      	ldrb	r0, [r0, #2]
1000648c:	2800      	cmp	r0, #0
1000648e:	d002      	beq.n	10006496 <cdcd_open+0x52>
10006490:	3301      	adds	r3, #1
10006492:	b2db      	uxtb	r3, r3
10006494:	e7e0      	b.n	10006458 <cdcd_open+0x14>
10006496:	4f26      	ldr	r7, [pc, #152]	; (10006530 <cdcd_open+0xec>)
10006498:	19e7      	adds	r7, r4, r7
1000649a:	e7e0      	b.n	1000645e <cdcd_open+0x1a>
1000649c:	228f      	movs	r2, #143	; 0x8f
1000649e:	0052      	lsls	r2, r2, #1
100064a0:	4924      	ldr	r1, [pc, #144]	; (10006534 <cdcd_open+0xf0>)
100064a2:	4825      	ldr	r0, [pc, #148]	; (10006538 <cdcd_open+0xf4>)
100064a4:	f7fd ff8a 	bl	100043bc <__wrap_printf>
100064a8:	2400      	movs	r4, #0
100064aa:	e03b      	b.n	10006524 <cdcd_open+0xe0>
100064ac:	2b05      	cmp	r3, #5
100064ae:	d009      	beq.n	100064c4 <cdcd_open+0x80>
100064b0:	7873      	ldrb	r3, [r6, #1]
100064b2:	2b04      	cmp	r3, #4
100064b4:	d102      	bne.n	100064bc <cdcd_open+0x78>
100064b6:	7973      	ldrb	r3, [r6, #5]
100064b8:	2b0a      	cmp	r3, #10
100064ba:	d018      	beq.n	100064ee <cdcd_open+0xaa>
100064bc:	0038      	movs	r0, r7
100064be:	f7ff fe4d 	bl	1000615c <_prep_out_transaction>
100064c2:	e02f      	b.n	10006524 <cdcd_open+0xe0>
100064c4:	0031      	movs	r1, r6
100064c6:	0028      	movs	r0, r5
100064c8:	f7ff f8b0 	bl	1000562c <usbd_edpt_open>
100064cc:	2800      	cmp	r0, #0
100064ce:	d006      	beq.n	100064de <cdcd_open+0x9a>
100064d0:	78b3      	ldrb	r3, [r6, #2]
100064d2:	707b      	strb	r3, [r7, #1]
100064d4:	7833      	ldrb	r3, [r6, #0]
100064d6:	191c      	adds	r4, r3, r4
100064d8:	b2a4      	uxth	r4, r4
100064da:	18f6      	adds	r6, r6, r3
100064dc:	e7e8      	b.n	100064b0 <cdcd_open+0x6c>
100064de:	2299      	movs	r2, #153	; 0x99
100064e0:	0052      	lsls	r2, r2, #1
100064e2:	4914      	ldr	r1, [pc, #80]	; (10006534 <cdcd_open+0xf0>)
100064e4:	4814      	ldr	r0, [pc, #80]	; (10006538 <cdcd_open+0xf4>)
100064e6:	f7fd ff69 	bl	100043bc <__wrap_printf>
100064ea:	2400      	movs	r4, #0
100064ec:	e01a      	b.n	10006524 <cdcd_open+0xe0>
100064ee:	7831      	ldrb	r1, [r6, #0]
100064f0:	190c      	adds	r4, r1, r4
100064f2:	b2a4      	uxth	r4, r4
100064f4:	1871      	adds	r1, r6, r1
100064f6:	1cbb      	adds	r3, r7, #2
100064f8:	9301      	str	r3, [sp, #4]
100064fa:	1cfb      	adds	r3, r7, #3
100064fc:	9300      	str	r3, [sp, #0]
100064fe:	2302      	movs	r3, #2
10006500:	2202      	movs	r2, #2
10006502:	0028      	movs	r0, r5
10006504:	f7ff f8be 	bl	10005684 <usbd_open_edpt_pair>
10006508:	2800      	cmp	r0, #0
1000650a:	d002      	beq.n	10006512 <cdcd_open+0xce>
1000650c:	340e      	adds	r4, #14
1000650e:	b2a4      	uxth	r4, r4
10006510:	e7d4      	b.n	100064bc <cdcd_open+0x78>
10006512:	22a1      	movs	r2, #161	; 0xa1
10006514:	0052      	lsls	r2, r2, #1
10006516:	4907      	ldr	r1, [pc, #28]	; (10006534 <cdcd_open+0xf0>)
10006518:	4807      	ldr	r0, [pc, #28]	; (10006538 <cdcd_open+0xf4>)
1000651a:	f7fd ff4f 	bl	100043bc <__wrap_printf>
1000651e:	2400      	movs	r4, #0
10006520:	e000      	b.n	10006524 <cdcd_open+0xe0>
10006522:	2400      	movs	r4, #0
10006524:	0020      	movs	r0, r4
10006526:	b003      	add	sp, #12
10006528:	bdf0      	pop	{r4, r5, r6, r7, pc}
1000652a:	2400      	movs	r4, #0
1000652c:	e7fa      	b.n	10006524 <cdcd_open+0xe0>
1000652e:	46c0      	nop			; (mov r8, r8)
10006530:	20000648 	.word	0x20000648
10006534:	1000852c 	.word	0x1000852c
10006538:	100084d0 	.word	0x100084d0

1000653c <cdcd_control_xfer_cb>:
1000653c:	b5f8      	push	{r3, r4, r5, r6, r7, lr}
1000653e:	0015      	movs	r5, r2
10006540:	7812      	ldrb	r2, [r2, #0]
10006542:	2360      	movs	r3, #96	; 0x60
10006544:	4013      	ands	r3, r2
10006546:	2b20      	cmp	r3, #32
10006548:	d000      	beq.n	1000654c <cdcd_control_xfer_cb+0x10>
1000654a:	e07f      	b.n	1000664c <cdcd_control_xfer_cb+0x110>
1000654c:	4a44      	ldr	r2, [pc, #272]	; (10006660 <cdcd_control_xfer_cb+0x124>)
1000654e:	2400      	movs	r4, #0
10006550:	2c00      	cmp	r4, #0
10006552:	d000      	beq.n	10006556 <cdcd_control_xfer_cb+0x1a>
10006554:	e07c      	b.n	10006650 <cdcd_control_xfer_cb+0x114>
10006556:	7816      	ldrb	r6, [r2, #0]
10006558:	792f      	ldrb	r7, [r5, #4]
1000655a:	796b      	ldrb	r3, [r5, #5]
1000655c:	021b      	lsls	r3, r3, #8
1000655e:	433b      	orrs	r3, r7
10006560:	429e      	cmp	r6, r3
10006562:	d006      	beq.n	10006572 <cdcd_control_xfer_cb+0x36>
10006564:	3401      	adds	r4, #1
10006566:	b2e4      	uxtb	r4, r4
10006568:	23b6      	movs	r3, #182	; 0xb6
1000656a:	009b      	lsls	r3, r3, #2
1000656c:	469c      	mov	ip, r3
1000656e:	4462      	add	r2, ip
10006570:	e7ee      	b.n	10006550 <cdcd_control_xfer_cb+0x14>
10006572:	786b      	ldrb	r3, [r5, #1]
10006574:	2b21      	cmp	r3, #33	; 0x21
10006576:	d026      	beq.n	100065c6 <cdcd_control_xfer_cb+0x8a>
10006578:	d909      	bls.n	1000658e <cdcd_control_xfer_cb+0x52>
1000657a:	2b22      	cmp	r3, #34	; 0x22
1000657c:	d02e      	beq.n	100065dc <cdcd_control_xfer_cb+0xa0>
1000657e:	2b23      	cmp	r3, #35	; 0x23
10006580:	d10f      	bne.n	100065a2 <cdcd_control_xfer_cb+0x66>
10006582:	2900      	cmp	r1, #0
10006584:	d051      	beq.n	1000662a <cdcd_control_xfer_cb+0xee>
10006586:	2902      	cmp	r1, #2
10006588:	d054      	beq.n	10006634 <cdcd_control_xfer_cb+0xf8>
1000658a:	2001      	movs	r0, #1
1000658c:	e05f      	b.n	1000664e <cdcd_control_xfer_cb+0x112>
1000658e:	2b20      	cmp	r3, #32
10006590:	d105      	bne.n	1000659e <cdcd_control_xfer_cb+0x62>
10006592:	2900      	cmp	r1, #0
10006594:	d007      	beq.n	100065a6 <cdcd_control_xfer_cb+0x6a>
10006596:	2902      	cmp	r1, #2
10006598:	d00c      	beq.n	100065b4 <cdcd_control_xfer_cb+0x78>
1000659a:	2001      	movs	r0, #1
1000659c:	e057      	b.n	1000664e <cdcd_control_xfer_cb+0x112>
1000659e:	2000      	movs	r0, #0
100065a0:	e055      	b.n	1000664e <cdcd_control_xfer_cb+0x112>
100065a2:	2000      	movs	r0, #0
100065a4:	e053      	b.n	1000664e <cdcd_control_xfer_cb+0x112>
100065a6:	3206      	adds	r2, #6
100065a8:	2307      	movs	r3, #7
100065aa:	0029      	movs	r1, r5
100065ac:	f7ff fce8 	bl	10005f80 <tud_control_xfer>
100065b0:	2001      	movs	r0, #1
100065b2:	e04c      	b.n	1000664e <cdcd_control_xfer_cb+0x112>
100065b4:	4b2b      	ldr	r3, [pc, #172]	; (10006664 <cdcd_control_xfer_cb+0x128>)
100065b6:	2b00      	cmp	r3, #0
100065b8:	d04c      	beq.n	10006654 <cdcd_control_xfer_cb+0x118>
100065ba:	1d91      	adds	r1, r2, #6
100065bc:	0020      	movs	r0, r4
100065be:	f7fd ff6d 	bl	1000449c <tud_cdc_line_coding_cb>
100065c2:	2001      	movs	r0, #1
100065c4:	e043      	b.n	1000664e <cdcd_control_xfer_cb+0x112>
100065c6:	2900      	cmp	r1, #0
100065c8:	d001      	beq.n	100065ce <cdcd_control_xfer_cb+0x92>
100065ca:	2001      	movs	r0, #1
100065cc:	e03f      	b.n	1000664e <cdcd_control_xfer_cb+0x112>
100065ce:	3206      	adds	r2, #6
100065d0:	2307      	movs	r3, #7
100065d2:	0029      	movs	r1, r5
100065d4:	f7ff fcd4 	bl	10005f80 <tud_control_xfer>
100065d8:	2001      	movs	r0, #1
100065da:	e038      	b.n	1000664e <cdcd_control_xfer_cb+0x112>
100065dc:	2900      	cmp	r1, #0
100065de:	d003      	beq.n	100065e8 <cdcd_control_xfer_cb+0xac>
100065e0:	2902      	cmp	r1, #2
100065e2:	d006      	beq.n	100065f2 <cdcd_control_xfer_cb+0xb6>
100065e4:	2001      	movs	r0, #1
100065e6:	e032      	b.n	1000664e <cdcd_control_xfer_cb+0x112>
100065e8:	0029      	movs	r1, r5
100065ea:	f7ff fcad 	bl	10005f48 <tud_control_status>
100065ee:	2001      	movs	r0, #1
100065f0:	e02d      	b.n	1000664e <cdcd_control_xfer_cb+0x112>
100065f2:	78a9      	ldrb	r1, [r5, #2]
100065f4:	78eb      	ldrb	r3, [r5, #3]
100065f6:	021b      	lsls	r3, r3, #8
100065f8:	430b      	orrs	r3, r1
100065fa:	2001      	movs	r0, #1
100065fc:	0019      	movs	r1, r3
100065fe:	4001      	ands	r1, r0
10006600:	000d      	movs	r5, r1
10006602:	085e      	lsrs	r6, r3, #1
10006604:	4006      	ands	r6, r0
10006606:	7113      	strb	r3, [r2, #4]
10006608:	424b      	negs	r3, r1
1000660a:	4159      	adcs	r1, r3
1000660c:	b2c9      	uxtb	r1, r1
1000660e:	322c      	adds	r2, #44	; 0x2c
10006610:	0010      	movs	r0, r2
10006612:	f000 fc62 	bl	10006eda <tu_fifo_set_overwritable>
10006616:	4b14      	ldr	r3, [pc, #80]	; (10006668 <cdcd_control_xfer_cb+0x12c>)
10006618:	2b00      	cmp	r3, #0
1000661a:	d01d      	beq.n	10006658 <cdcd_control_xfer_cb+0x11c>
1000661c:	0032      	movs	r2, r6
1000661e:	0029      	movs	r1, r5
10006620:	0020      	movs	r0, r4
10006622:	e000      	b.n	10006626 <cdcd_control_xfer_cb+0xea>
10006624:	bf00      	nop
10006626:	2001      	movs	r0, #1
10006628:	e011      	b.n	1000664e <cdcd_control_xfer_cb+0x112>
1000662a:	0029      	movs	r1, r5
1000662c:	f7ff fc8c 	bl	10005f48 <tud_control_status>
10006630:	2001      	movs	r0, #1
10006632:	e00c      	b.n	1000664e <cdcd_control_xfer_cb+0x112>
10006634:	4b0d      	ldr	r3, [pc, #52]	; (1000666c <cdcd_control_xfer_cb+0x130>)
10006636:	2b00      	cmp	r3, #0
10006638:	d010      	beq.n	1000665c <cdcd_control_xfer_cb+0x120>
1000663a:	78ab      	ldrb	r3, [r5, #2]
1000663c:	78e9      	ldrb	r1, [r5, #3]
1000663e:	0209      	lsls	r1, r1, #8
10006640:	4319      	orrs	r1, r3
10006642:	0020      	movs	r0, r4
10006644:	e000      	b.n	10006648 <cdcd_control_xfer_cb+0x10c>
10006646:	bf00      	nop
10006648:	2001      	movs	r0, #1
1000664a:	e000      	b.n	1000664e <cdcd_control_xfer_cb+0x112>
1000664c:	2000      	movs	r0, #0
1000664e:	bdf8      	pop	{r3, r4, r5, r6, r7, pc}
10006650:	2000      	movs	r0, #0
10006652:	e7fc      	b.n	1000664e <cdcd_control_xfer_cb+0x112>
10006654:	2001      	movs	r0, #1
10006656:	e7fa      	b.n	1000664e <cdcd_control_xfer_cb+0x112>
10006658:	2001      	movs	r0, #1
1000665a:	e7f8      	b.n	1000664e <cdcd_control_xfer_cb+0x112>
1000665c:	2001      	movs	r0, #1
1000665e:	e7f6      	b.n	1000664e <cdcd_control_xfer_cb+0x112>
10006660:	20000648 	.word	0x20000648
10006664:	1000449d 	.word	0x1000449d
	...

10006670 <cdcd_xfer_cb>:
10006670:	b5f0      	push	{r4, r5, r6, r7, lr}
10006672:	b085      	sub	sp, #20
10006674:	9002      	str	r0, [sp, #8]
10006676:	000f      	movs	r7, r1
10006678:	9301      	str	r3, [sp, #4]
1000667a:	2400      	movs	r4, #0
1000667c:	2c00      	cmp	r4, #0
1000667e:	d00b      	beq.n	10006698 <cdcd_xfer_cb+0x28>
10006680:	2c00      	cmp	r4, #0
10006682:	d117      	bne.n	100066b4 <cdcd_xfer_cb+0x44>
10006684:	78f3      	ldrb	r3, [r6, #3]
10006686:	42bb      	cmp	r3, r7
10006688:	d01c      	beq.n	100066c4 <cdcd_xfer_cb+0x54>
1000668a:	78b3      	ldrb	r3, [r6, #2]
1000668c:	42bb      	cmp	r3, r7
1000668e:	d054      	beq.n	1000673a <cdcd_xfer_cb+0xca>
10006690:	2401      	movs	r4, #1
10006692:	0020      	movs	r0, r4
10006694:	b005      	add	sp, #20
10006696:	bdf0      	pop	{r4, r5, r6, r7, pc}
10006698:	23b6      	movs	r3, #182	; 0xb6
1000669a:	009b      	lsls	r3, r3, #2
1000669c:	4363      	muls	r3, r4
1000669e:	4e3d      	ldr	r6, [pc, #244]	; (10006794 <cdcd_xfer_cb+0x124>)
100066a0:	199e      	adds	r6, r3, r6
100066a2:	78f3      	ldrb	r3, [r6, #3]
100066a4:	42bb      	cmp	r3, r7
100066a6:	d0eb      	beq.n	10006680 <cdcd_xfer_cb+0x10>
100066a8:	78b3      	ldrb	r3, [r6, #2]
100066aa:	42bb      	cmp	r3, r7
100066ac:	d0e8      	beq.n	10006680 <cdcd_xfer_cb+0x10>
100066ae:	3401      	adds	r4, #1
100066b0:	b2e4      	uxtb	r4, r4
100066b2:	e7e3      	b.n	1000667c <cdcd_xfer_cb+0xc>
100066b4:	22b0      	movs	r2, #176	; 0xb0
100066b6:	32ff      	adds	r2, #255	; 0xff
100066b8:	4937      	ldr	r1, [pc, #220]	; (10006798 <cdcd_xfer_cb+0x128>)
100066ba:	4838      	ldr	r0, [pc, #224]	; (1000679c <cdcd_xfer_cb+0x12c>)
100066bc:	f7fd fe7e 	bl	100043bc <__wrap_printf>
100066c0:	2400      	movs	r4, #0
100066c2:	e7e6      	b.n	10006692 <cdcd_xfer_cb+0x22>
100066c4:	2310      	movs	r3, #16
100066c6:	469c      	mov	ip, r3
100066c8:	44b4      	add	ip, r6
100066ca:	4660      	mov	r0, ip
100066cc:	9003      	str	r0, [sp, #12]
100066ce:	2396      	movs	r3, #150	; 0x96
100066d0:	009b      	lsls	r3, r3, #2
100066d2:	18f1      	adds	r1, r6, r3
100066d4:	466b      	mov	r3, sp
100066d6:	889a      	ldrh	r2, [r3, #4]
100066d8:	f000 fbd4 	bl	10006e84 <tu_fifo_write_n>
100066dc:	4b30      	ldr	r3, [pc, #192]	; (100067a0 <cdcd_xfer_cb+0x130>)
100066de:	2b00      	cmp	r3, #0
100066e0:	d01b      	beq.n	1000671a <cdcd_xfer_cb+0xaa>
100066e2:	7973      	ldrb	r3, [r6, #5]
100066e4:	2bff      	cmp	r3, #255	; 0xff
100066e6:	d018      	beq.n	1000671a <cdcd_xfer_cb+0xaa>
100066e8:	2500      	movs	r5, #0
100066ea:	e000      	b.n	100066ee <cdcd_xfer_cb+0x7e>
100066ec:	3501      	adds	r5, #1
100066ee:	9b01      	ldr	r3, [sp, #4]
100066f0:	429d      	cmp	r5, r3
100066f2:	d212      	bcs.n	1000671a <cdcd_xfer_cb+0xaa>
100066f4:	7972      	ldrb	r2, [r6, #5]
100066f6:	1973      	adds	r3, r6, r5
100066f8:	2196      	movs	r1, #150	; 0x96
100066fa:	0089      	lsls	r1, r1, #2
100066fc:	468c      	mov	ip, r1
100066fe:	4463      	add	r3, ip
10006700:	781b      	ldrb	r3, [r3, #0]
10006702:	429a      	cmp	r2, r3
10006704:	d1f2      	bne.n	100066ec <cdcd_xfer_cb+0x7c>
10006706:	9803      	ldr	r0, [sp, #12]
10006708:	f000 fb49 	bl	10006d9e <tu_fifo_empty>
1000670c:	2800      	cmp	r0, #0
1000670e:	d1ed      	bne.n	100066ec <cdcd_xfer_cb+0x7c>
10006710:	7971      	ldrb	r1, [r6, #5]
10006712:	0020      	movs	r0, r4
10006714:	e000      	b.n	10006718 <cdcd_xfer_cb+0xa8>
10006716:	bf00      	nop
10006718:	e7e8      	b.n	100066ec <cdcd_xfer_cb+0x7c>
1000671a:	4b22      	ldr	r3, [pc, #136]	; (100067a4 <cdcd_xfer_cb+0x134>)
1000671c:	2b00      	cmp	r3, #0
1000671e:	d004      	beq.n	1000672a <cdcd_xfer_cb+0xba>
10006720:	9803      	ldr	r0, [sp, #12]
10006722:	f000 fb3c 	bl	10006d9e <tu_fifo_empty>
10006726:	2800      	cmp	r0, #0
10006728:	d003      	beq.n	10006732 <cdcd_xfer_cb+0xc2>
1000672a:	0030      	movs	r0, r6
1000672c:	f7ff fd16 	bl	1000615c <_prep_out_transaction>
10006730:	e7ab      	b.n	1000668a <cdcd_xfer_cb+0x1a>
10006732:	0020      	movs	r0, r4
10006734:	e000      	b.n	10006738 <cdcd_xfer_cb+0xc8>
10006736:	bf00      	nop
10006738:	e7f7      	b.n	1000672a <cdcd_xfer_cb+0xba>
1000673a:	4b1b      	ldr	r3, [pc, #108]	; (100067a8 <cdcd_xfer_cb+0x138>)
1000673c:	2b00      	cmp	r3, #0
1000673e:	d002      	beq.n	10006746 <cdcd_xfer_cb+0xd6>
10006740:	0020      	movs	r0, r4
10006742:	e000      	b.n	10006746 <cdcd_xfer_cb+0xd6>
10006744:	bf00      	nop
10006746:	0020      	movs	r0, r4
10006748:	f7ff fd6e 	bl	10006228 <tud_cdc_n_write_flush>
1000674c:	2800      	cmp	r0, #0
1000674e:	d001      	beq.n	10006754 <cdcd_xfer_cb+0xe4>
10006750:	2401      	movs	r4, #1
10006752:	e79e      	b.n	10006692 <cdcd_xfer_cb+0x22>
10006754:	0030      	movs	r0, r6
10006756:	302c      	adds	r0, #44	; 0x2c
10006758:	f000 fb0f 	bl	10006d7a <tu_fifo_count>
1000675c:	2800      	cmp	r0, #0
1000675e:	d115      	bne.n	1000678c <cdcd_xfer_cb+0x11c>
10006760:	9b01      	ldr	r3, [sp, #4]
10006762:	2b00      	cmp	r3, #0
10006764:	d014      	beq.n	10006790 <cdcd_xfer_cb+0x120>
10006766:	069b      	lsls	r3, r3, #26
10006768:	d001      	beq.n	1000676e <cdcd_xfer_cb+0xfe>
1000676a:	2401      	movs	r4, #1
1000676c:	e791      	b.n	10006692 <cdcd_xfer_cb+0x22>
1000676e:	78b1      	ldrb	r1, [r6, #2]
10006770:	9802      	ldr	r0, [sp, #8]
10006772:	f7fe ffcd 	bl	10005710 <usbd_edpt_claim>
10006776:	1e04      	subs	r4, r0, #0
10006778:	d101      	bne.n	1000677e <cdcd_xfer_cb+0x10e>
1000677a:	2401      	movs	r4, #1
1000677c:	e789      	b.n	10006692 <cdcd_xfer_cb+0x22>
1000677e:	78b1      	ldrb	r1, [r6, #2]
10006780:	2300      	movs	r3, #0
10006782:	2200      	movs	r2, #0
10006784:	9802      	ldr	r0, [sp, #8]
10006786:	f7ff f83b 	bl	10005800 <usbd_edpt_xfer>
1000678a:	e782      	b.n	10006692 <cdcd_xfer_cb+0x22>
1000678c:	2401      	movs	r4, #1
1000678e:	e780      	b.n	10006692 <cdcd_xfer_cb+0x22>
10006790:	2401      	movs	r4, #1
10006792:	e77e      	b.n	10006692 <cdcd_xfer_cb+0x22>
10006794:	20000648 	.word	0x20000648
10006798:	10008538 	.word	0x10008538
1000679c:	100084d0 	.word	0x100084d0
	...

100067ac <tusb_init>:
100067ac:	b510      	push	{r4, lr}
100067ae:	2000      	movs	r0, #0
100067b0:	f7fe fd7e 	bl	100052b0 <tud_init>
100067b4:	1e04      	subs	r4, r0, #0
100067b6:	d001      	beq.n	100067bc <tusb_init+0x10>
100067b8:	0020      	movs	r0, r4
100067ba:	bd10      	pop	{r4, pc}
100067bc:	2229      	movs	r2, #41	; 0x29
100067be:	4902      	ldr	r1, [pc, #8]	; (100067c8 <tusb_init+0x1c>)
100067c0:	4802      	ldr	r0, [pc, #8]	; (100067cc <tusb_init+0x20>)
100067c2:	f7fd fdfb 	bl	100043bc <__wrap_printf>
100067c6:	e7f7      	b.n	100067b8 <tusb_init+0xc>
100067c8:	10008548 	.word	0x10008548
100067cc:	100084d0 	.word	0x100084d0

100067d0 <tusb_inited>:
100067d0:	b510      	push	{r4, lr}
100067d2:	f7fe fd67 	bl	100052a4 <tud_inited>
100067d6:	2800      	cmp	r0, #0
100067d8:	d000      	beq.n	100067dc <tusb_inited+0xc>
100067da:	2001      	movs	r0, #1
100067dc:	bd10      	pop	{r4, pc}
	...

100067e0 <tu_edpt_validate>:
100067e0:	b510      	push	{r4, lr}
100067e2:	7902      	ldrb	r2, [r0, #4]
100067e4:	7944      	ldrb	r4, [r0, #5]
100067e6:	2307      	movs	r3, #7
100067e8:	4023      	ands	r3, r4
100067ea:	021b      	lsls	r3, r3, #8
100067ec:	431a      	orrs	r2, r3
100067ee:	78c3      	ldrb	r3, [r0, #3]
100067f0:	079b      	lsls	r3, r3, #30
100067f2:	0f9b      	lsrs	r3, r3, #30
100067f4:	2b02      	cmp	r3, #2
100067f6:	d013      	beq.n	10006820 <tu_edpt_validate+0x40>
100067f8:	d82c      	bhi.n	10006854 <tu_edpt_validate+0x74>
100067fa:	2b01      	cmp	r3, #1
100067fc:	d13b      	bne.n	10006876 <tu_edpt_validate+0x96>
100067fe:	2902      	cmp	r1, #2
10006800:	d004      	beq.n	1000680c <tu_edpt_validate+0x2c>
10006802:	4b1e      	ldr	r3, [pc, #120]	; (1000687c <tu_edpt_validate+0x9c>)
10006804:	4293      	cmp	r3, r2
10006806:	d304      	bcc.n	10006812 <tu_edpt_validate+0x32>
10006808:	2001      	movs	r0, #1
1000680a:	e035      	b.n	10006878 <tu_edpt_validate+0x98>
1000680c:	2380      	movs	r3, #128	; 0x80
1000680e:	00db      	lsls	r3, r3, #3
10006810:	e7f8      	b.n	10006804 <tu_edpt_validate+0x24>
10006812:	2250      	movs	r2, #80	; 0x50
10006814:	491a      	ldr	r1, [pc, #104]	; (10006880 <tu_edpt_validate+0xa0>)
10006816:	481b      	ldr	r0, [pc, #108]	; (10006884 <tu_edpt_validate+0xa4>)
10006818:	f7fd fdd0 	bl	100043bc <__wrap_printf>
1000681c:	2000      	movs	r0, #0
1000681e:	e02b      	b.n	10006878 <tu_edpt_validate+0x98>
10006820:	2902      	cmp	r1, #2
10006822:	d003      	beq.n	1000682c <tu_edpt_validate+0x4c>
10006824:	2a40      	cmp	r2, #64	; 0x40
10006826:	d80e      	bhi.n	10006846 <tu_edpt_validate+0x66>
10006828:	2001      	movs	r0, #1
1000682a:	e025      	b.n	10006878 <tu_edpt_validate+0x98>
1000682c:	2380      	movs	r3, #128	; 0x80
1000682e:	009b      	lsls	r3, r3, #2
10006830:	429a      	cmp	r2, r3
10006832:	d101      	bne.n	10006838 <tu_edpt_validate+0x58>
10006834:	2001      	movs	r0, #1
10006836:	e01f      	b.n	10006878 <tu_edpt_validate+0x98>
10006838:	2258      	movs	r2, #88	; 0x58
1000683a:	4911      	ldr	r1, [pc, #68]	; (10006880 <tu_edpt_validate+0xa0>)
1000683c:	4811      	ldr	r0, [pc, #68]	; (10006884 <tu_edpt_validate+0xa4>)
1000683e:	f7fd fdbd 	bl	100043bc <__wrap_printf>
10006842:	2000      	movs	r0, #0
10006844:	e018      	b.n	10006878 <tu_edpt_validate+0x98>
10006846:	225c      	movs	r2, #92	; 0x5c
10006848:	490d      	ldr	r1, [pc, #52]	; (10006880 <tu_edpt_validate+0xa0>)
1000684a:	480e      	ldr	r0, [pc, #56]	; (10006884 <tu_edpt_validate+0xa4>)
1000684c:	f7fd fdb6 	bl	100043bc <__wrap_printf>
10006850:	2000      	movs	r0, #0
10006852:	e011      	b.n	10006878 <tu_edpt_validate+0x98>
10006854:	2902      	cmp	r1, #2
10006856:	d004      	beq.n	10006862 <tu_edpt_validate+0x82>
10006858:	2340      	movs	r3, #64	; 0x40
1000685a:	4293      	cmp	r3, r2
1000685c:	d304      	bcc.n	10006868 <tu_edpt_validate+0x88>
1000685e:	2001      	movs	r0, #1
10006860:	e00a      	b.n	10006878 <tu_edpt_validate+0x98>
10006862:	2380      	movs	r3, #128	; 0x80
10006864:	00db      	lsls	r3, r3, #3
10006866:	e7f8      	b.n	1000685a <tu_edpt_validate+0x7a>
10006868:	2263      	movs	r2, #99	; 0x63
1000686a:	4905      	ldr	r1, [pc, #20]	; (10006880 <tu_edpt_validate+0xa0>)
1000686c:	4805      	ldr	r0, [pc, #20]	; (10006884 <tu_edpt_validate+0xa4>)
1000686e:	f7fd fda5 	bl	100043bc <__wrap_printf>
10006872:	2000      	movs	r0, #0
10006874:	e000      	b.n	10006878 <tu_edpt_validate+0x98>
10006876:	2000      	movs	r0, #0
10006878:	bd10      	pop	{r4, pc}
1000687a:	46c0      	nop			; (mov r8, r8)
1000687c:	000003ff 	.word	0x000003ff
10006880:	10008554 	.word	0x10008554
10006884:	100084d0 	.word	0x100084d0

10006888 <tu_edpt_bind_driver>:
10006888:	b570      	push	{r4, r5, r6, lr}
1000688a:	2400      	movs	r4, #0
1000688c:	e003      	b.n	10006896 <tu_edpt_bind_driver+0xe>
1000688e:	780d      	ldrb	r5, [r1, #0]
10006890:	192c      	adds	r4, r5, r4
10006892:	b2a4      	uxth	r4, r4
10006894:	1949      	adds	r1, r1, r5
10006896:	4294      	cmp	r4, r2
10006898:	d20a      	bcs.n	100068b0 <tu_edpt_bind_driver+0x28>
1000689a:	784d      	ldrb	r5, [r1, #1]
1000689c:	2d05      	cmp	r5, #5
1000689e:	d1f6      	bne.n	1000688e <tu_edpt_bind_driver+0x6>
100068a0:	788e      	ldrb	r6, [r1, #2]
100068a2:	357a      	adds	r5, #122	; 0x7a
100068a4:	4035      	ands	r5, r6
100068a6:	006d      	lsls	r5, r5, #1
100068a8:	1945      	adds	r5, r0, r5
100068aa:	09f6      	lsrs	r6, r6, #7
100068ac:	55ab      	strb	r3, [r5, r6]
100068ae:	e7ee      	b.n	1000688e <tu_edpt_bind_driver+0x6>
100068b0:	bd70      	pop	{r4, r5, r6, pc}

100068b2 <advance_pointer>:
100068b2:	188a      	adds	r2, r1, r2
100068b4:	b292      	uxth	r2, r2
100068b6:	428a      	cmp	r2, r1
100068b8:	d302      	bcc.n	100068c0 <advance_pointer+0xe>
100068ba:	8983      	ldrh	r3, [r0, #12]
100068bc:	429a      	cmp	r2, r3
100068be:	d902      	bls.n	100068c6 <advance_pointer+0x14>
100068c0:	8940      	ldrh	r0, [r0, #10]
100068c2:	1812      	adds	r2, r2, r0
100068c4:	b292      	uxth	r2, r2
100068c6:	0010      	movs	r0, r2
100068c8:	4770      	bx	lr

100068ca <backward_pointer>:
100068ca:	b510      	push	{r4, lr}
100068cc:	0004      	movs	r4, r0
100068ce:	428a      	cmp	r2, r1
100068d0:	d804      	bhi.n	100068dc <backward_pointer+0x12>
100068d2:	1a88      	subs	r0, r1, r2
100068d4:	b280      	uxth	r0, r0
100068d6:	89a3      	ldrh	r3, [r4, #12]
100068d8:	4298      	cmp	r0, r3
100068da:	d904      	bls.n	100068e6 <backward_pointer+0x1c>
100068dc:	1a89      	subs	r1, r1, r2
100068de:	b289      	uxth	r1, r1
100068e0:	8960      	ldrh	r0, [r4, #10]
100068e2:	1a08      	subs	r0, r1, r0
100068e4:	b280      	uxth	r0, r0
100068e6:	bd10      	pop	{r4, pc}

100068e8 <get_relative_pointer>:
100068e8:	8883      	ldrh	r3, [r0, #4]
100068ea:	428b      	cmp	r3, r1
100068ec:	d802      	bhi.n	100068f4 <get_relative_pointer+0xc>
100068ee:	1ac9      	subs	r1, r1, r3
100068f0:	b289      	uxth	r1, r1
100068f2:	e7fa      	b.n	100068ea <get_relative_pointer+0x2>
100068f4:	0008      	movs	r0, r1
100068f6:	4770      	bx	lr

100068f8 <_tu_fifo_peek>:
100068f8:	b5f8      	push	{r3, r4, r5, r6, r7, lr}
100068fa:	0005      	movs	r5, r0
100068fc:	000c      	movs	r4, r1
100068fe:	0011      	movs	r1, r2
10006900:	001e      	movs	r6, r3
10006902:	1ad3      	subs	r3, r2, r3
10006904:	b29b      	uxth	r3, r3
10006906:	42b2      	cmp	r2, r6
10006908:	d202      	bcs.n	10006910 <_tu_fifo_peek+0x18>
1000690a:	8942      	ldrh	r2, [r0, #10]
1000690c:	1a9b      	subs	r3, r3, r2
1000690e:	b29b      	uxth	r3, r3
10006910:	88af      	ldrh	r7, [r5, #4]
10006912:	429f      	cmp	r7, r3
10006914:	d205      	bcs.n	10006922 <_tu_fifo_peek+0x2a>
10006916:	003a      	movs	r2, r7
10006918:	0028      	movs	r0, r5
1000691a:	f7ff ffd6 	bl	100068ca <backward_pointer>
1000691e:	8228      	strh	r0, [r5, #16]
10006920:	003b      	movs	r3, r7
10006922:	2b00      	cmp	r3, #0
10006924:	d101      	bne.n	1000692a <_tu_fifo_peek+0x32>
10006926:	2000      	movs	r0, #0
10006928:	bdf8      	pop	{r3, r4, r5, r6, r7, pc}
1000692a:	0031      	movs	r1, r6
1000692c:	0028      	movs	r0, r5
1000692e:	f7ff ffdb 	bl	100068e8 <get_relative_pointer>
10006932:	6829      	ldr	r1, [r5, #0]
10006934:	88ea      	ldrh	r2, [r5, #6]
10006936:	4350      	muls	r0, r2
10006938:	1809      	adds	r1, r1, r0
1000693a:	0020      	movs	r0, r4
1000693c:	f7fd fbfc 	bl	10004138 <__wrap___aeabi_memcpy>
10006940:	2001      	movs	r0, #1
10006942:	e7f1      	b.n	10006928 <_tu_fifo_peek+0x30>

10006944 <_ff_pull_const_addr>:
10006944:	b530      	push	{r4, r5, lr}
10006946:	b083      	sub	sp, #12
10006948:	0004      	movs	r4, r0
1000694a:	0893      	lsrs	r3, r2, #2
1000694c:	1e5d      	subs	r5, r3, #1
1000694e:	b2ad      	uxth	r5, r5
10006950:	2b00      	cmp	r3, #0
10006952:	d00d      	beq.n	10006970 <_ff_pull_const_addr+0x2c>
10006954:	780b      	ldrb	r3, [r1, #0]
10006956:	7848      	ldrb	r0, [r1, #1]
10006958:	0200      	lsls	r0, r0, #8
1000695a:	4318      	orrs	r0, r3
1000695c:	788b      	ldrb	r3, [r1, #2]
1000695e:	041b      	lsls	r3, r3, #16
10006960:	4318      	orrs	r0, r3
10006962:	78cb      	ldrb	r3, [r1, #3]
10006964:	061b      	lsls	r3, r3, #24
10006966:	4303      	orrs	r3, r0
10006968:	6023      	str	r3, [r4, #0]
1000696a:	3104      	adds	r1, #4
1000696c:	002b      	movs	r3, r5
1000696e:	e7ed      	b.n	1000694c <_ff_pull_const_addr+0x8>
10006970:	3303      	adds	r3, #3
10006972:	401a      	ands	r2, r3
10006974:	d101      	bne.n	1000697a <_ff_pull_const_addr+0x36>
10006976:	b003      	add	sp, #12
10006978:	bd30      	pop	{r4, r5, pc}
1000697a:	2300      	movs	r3, #0
1000697c:	9301      	str	r3, [sp, #4]
1000697e:	a801      	add	r0, sp, #4
10006980:	f7fd fbda 	bl	10004138 <__wrap___aeabi_memcpy>
10006984:	9b01      	ldr	r3, [sp, #4]
10006986:	6023      	str	r3, [r4, #0]
10006988:	e7f5      	b.n	10006976 <_ff_pull_const_addr+0x32>

1000698a <_ff_pull_n>:
1000698a:	b5f0      	push	{r4, r5, r6, r7, lr}
1000698c:	46ce      	mov	lr, r9
1000698e:	4647      	mov	r7, r8
10006990:	b580      	push	{r7, lr}
10006992:	b085      	sub	sp, #20
10006994:	0006      	movs	r6, r0
10006996:	9101      	str	r1, [sp, #4]
10006998:	a90c      	add	r1, sp, #48	; 0x30
1000699a:	7808      	ldrb	r0, [r1, #0]
1000699c:	88b4      	ldrh	r4, [r6, #4]
1000699e:	1ae7      	subs	r7, r4, r3
100069a0:	b2bf      	uxth	r7, r7
100069a2:	1b1c      	subs	r4, r3, r4
100069a4:	1914      	adds	r4, r2, r4
100069a6:	b2a4      	uxth	r4, r4
100069a8:	88f1      	ldrh	r1, [r6, #6]
100069aa:	003d      	movs	r5, r7
100069ac:	434d      	muls	r5, r1
100069ae:	b2ad      	uxth	r5, r5
100069b0:	46a8      	mov	r8, r5
100069b2:	434c      	muls	r4, r1
100069b4:	b2a4      	uxth	r4, r4
100069b6:	434b      	muls	r3, r1
100069b8:	6835      	ldr	r5, [r6, #0]
100069ba:	46a9      	mov	r9, r5
100069bc:	4499      	add	r9, r3
100069be:	2800      	cmp	r0, #0
100069c0:	d006      	beq.n	100069d0 <_ff_pull_n+0x46>
100069c2:	2801      	cmp	r0, #1
100069c4:	d019      	beq.n	100069fa <_ff_pull_n+0x70>
100069c6:	b005      	add	sp, #20
100069c8:	bc0c      	pop	{r2, r3}
100069ca:	4690      	mov	r8, r2
100069cc:	4699      	mov	r9, r3
100069ce:	bdf0      	pop	{r4, r5, r6, r7, pc}
100069d0:	4297      	cmp	r7, r2
100069d2:	d305      	bcc.n	100069e0 <_ff_pull_n+0x56>
100069d4:	434a      	muls	r2, r1
100069d6:	4649      	mov	r1, r9
100069d8:	9801      	ldr	r0, [sp, #4]
100069da:	f7fd fbad 	bl	10004138 <__wrap___aeabi_memcpy>
100069de:	e7f2      	b.n	100069c6 <_ff_pull_n+0x3c>
100069e0:	4642      	mov	r2, r8
100069e2:	4649      	mov	r1, r9
100069e4:	9d01      	ldr	r5, [sp, #4]
100069e6:	0028      	movs	r0, r5
100069e8:	f7fd fba6 	bl	10004138 <__wrap___aeabi_memcpy>
100069ec:	6831      	ldr	r1, [r6, #0]
100069ee:	0028      	movs	r0, r5
100069f0:	4440      	add	r0, r8
100069f2:	0022      	movs	r2, r4
100069f4:	f7fd fba0 	bl	10004138 <__wrap___aeabi_memcpy>
100069f8:	e7e5      	b.n	100069c6 <_ff_pull_n+0x3c>
100069fa:	4297      	cmp	r7, r2
100069fc:	d306      	bcc.n	10006a0c <_ff_pull_n+0x82>
100069fe:	434a      	muls	r2, r1
10006a00:	b292      	uxth	r2, r2
10006a02:	4649      	mov	r1, r9
10006a04:	9801      	ldr	r0, [sp, #4]
10006a06:	f7ff ff9d 	bl	10006944 <_ff_pull_const_addr>
10006a0a:	e7dc      	b.n	100069c6 <_ff_pull_n+0x3c>
10006a0c:	2303      	movs	r3, #3
10006a0e:	4647      	mov	r7, r8
10006a10:	439f      	bics	r7, r3
10006a12:	003a      	movs	r2, r7
10006a14:	4649      	mov	r1, r9
10006a16:	9801      	ldr	r0, [sp, #4]
10006a18:	f7ff ff94 	bl	10006944 <_ff_pull_const_addr>
10006a1c:	003b      	movs	r3, r7
10006a1e:	444b      	add	r3, r9
10006a20:	2003      	movs	r0, #3
10006a22:	4642      	mov	r2, r8
10006a24:	4010      	ands	r0, r2
10006a26:	d028      	beq.n	10006a7a <_ff_pull_n+0xf0>
10006a28:	2204      	movs	r2, #4
10006a2a:	1a12      	subs	r2, r2, r0
10006a2c:	b292      	uxth	r2, r2
10006a2e:	1c11      	adds	r1, r2, #0
10006a30:	42a2      	cmp	r2, r4
10006a32:	d900      	bls.n	10006a36 <_ff_pull_n+0xac>
10006a34:	1c21      	adds	r1, r4, #0
10006a36:	b28f      	uxth	r7, r1
10006a38:	b2fa      	uxtb	r2, r7
10006a3a:	21ff      	movs	r1, #255	; 0xff
10006a3c:	4039      	ands	r1, r7
10006a3e:	1a64      	subs	r4, r4, r1
10006a40:	b2a4      	uxth	r4, r4
10006a42:	2100      	movs	r1, #0
10006a44:	9103      	str	r1, [sp, #12]
10006a46:	af03      	add	r7, sp, #12
10006a48:	1e41      	subs	r1, r0, #1
10006a4a:	b2c9      	uxtb	r1, r1
10006a4c:	2800      	cmp	r0, #0
10006a4e:	d005      	beq.n	10006a5c <_ff_pull_n+0xd2>
10006a50:	7818      	ldrb	r0, [r3, #0]
10006a52:	7038      	strb	r0, [r7, #0]
10006a54:	3701      	adds	r7, #1
10006a56:	0008      	movs	r0, r1
10006a58:	3301      	adds	r3, #1
10006a5a:	e7f5      	b.n	10006a48 <_ff_pull_n+0xbe>
10006a5c:	6831      	ldr	r1, [r6, #0]
10006a5e:	1e53      	subs	r3, r2, #1
10006a60:	b2db      	uxtb	r3, r3
10006a62:	2a00      	cmp	r2, #0
10006a64:	d005      	beq.n	10006a72 <_ff_pull_n+0xe8>
10006a66:	780a      	ldrb	r2, [r1, #0]
10006a68:	703a      	strb	r2, [r7, #0]
10006a6a:	3701      	adds	r7, #1
10006a6c:	001a      	movs	r2, r3
10006a6e:	3101      	adds	r1, #1
10006a70:	e7f5      	b.n	10006a5e <_ff_pull_n+0xd4>
10006a72:	9b01      	ldr	r3, [sp, #4]
10006a74:	9a03      	ldr	r2, [sp, #12]
10006a76:	601a      	str	r2, [r3, #0]
10006a78:	e000      	b.n	10006a7c <_ff_pull_n+0xf2>
10006a7a:	6831      	ldr	r1, [r6, #0]
10006a7c:	2c00      	cmp	r4, #0
10006a7e:	d0a2      	beq.n	100069c6 <_ff_pull_n+0x3c>
10006a80:	0022      	movs	r2, r4
10006a82:	9801      	ldr	r0, [sp, #4]
10006a84:	f7ff ff5e 	bl	10006944 <_ff_pull_const_addr>
10006a88:	e79d      	b.n	100069c6 <_ff_pull_n+0x3c>

10006a8a <_tu_fifo_peek_n>:
10006a8a:	b5f0      	push	{r4, r5, r6, r7, lr}
10006a8c:	b085      	sub	sp, #20
10006a8e:	0005      	movs	r5, r0
10006a90:	9102      	str	r1, [sp, #8]
10006a92:	9203      	str	r2, [sp, #12]
10006a94:	aa0a      	add	r2, sp, #40	; 0x28
10006a96:	8811      	ldrh	r1, [r2, #0]
10006a98:	aa0b      	add	r2, sp, #44	; 0x2c
10006a9a:	7817      	ldrb	r7, [r2, #0]
10006a9c:	1a5c      	subs	r4, r3, r1
10006a9e:	b2a4      	uxth	r4, r4
10006aa0:	428b      	cmp	r3, r1
10006aa2:	d202      	bcs.n	10006aaa <_tu_fifo_peek_n+0x20>
10006aa4:	8942      	ldrh	r2, [r0, #10]
10006aa6:	1aa4      	subs	r4, r4, r2
10006aa8:	b2a4      	uxth	r4, r4
10006aaa:	88ae      	ldrh	r6, [r5, #4]
10006aac:	42a6      	cmp	r6, r4
10006aae:	d208      	bcs.n	10006ac2 <_tu_fifo_peek_n+0x38>
10006ab0:	0032      	movs	r2, r6
10006ab2:	0019      	movs	r1, r3
10006ab4:	0028      	movs	r0, r5
10006ab6:	f7ff ff08 	bl	100068ca <backward_pointer>
10006aba:	8228      	strh	r0, [r5, #16]
10006abc:	8a29      	ldrh	r1, [r5, #16]
10006abe:	b289      	uxth	r1, r1
10006ac0:	0034      	movs	r4, r6
10006ac2:	2c00      	cmp	r4, #0
10006ac4:	d00d      	beq.n	10006ae2 <_tu_fifo_peek_n+0x58>
10006ac6:	9b03      	ldr	r3, [sp, #12]
10006ac8:	429c      	cmp	r4, r3
10006aca:	d300      	bcc.n	10006ace <_tu_fifo_peek_n+0x44>
10006acc:	001c      	movs	r4, r3
10006ace:	0028      	movs	r0, r5
10006ad0:	f7ff ff0a 	bl	100068e8 <get_relative_pointer>
10006ad4:	0003      	movs	r3, r0
10006ad6:	9700      	str	r7, [sp, #0]
10006ad8:	0022      	movs	r2, r4
10006ada:	9902      	ldr	r1, [sp, #8]
10006adc:	0028      	movs	r0, r5
10006ade:	f7ff ff54 	bl	1000698a <_ff_pull_n>
10006ae2:	0020      	movs	r0, r4
10006ae4:	b005      	add	sp, #20
10006ae6:	bdf0      	pop	{r4, r5, r6, r7, pc}

10006ae8 <_tu_fifo_read_n>:
10006ae8:	b5f0      	push	{r4, r5, r6, r7, lr}
10006aea:	b083      	sub	sp, #12
10006aec:	0004      	movs	r4, r0
10006aee:	000d      	movs	r5, r1
10006af0:	0016      	movs	r6, r2
10006af2:	001f      	movs	r7, r3
10006af4:	6980      	ldr	r0, [r0, #24]
10006af6:	2800      	cmp	r0, #0
10006af8:	d003      	beq.n	10006b02 <_tu_fifo_read_n+0x1a>
10006afa:	2101      	movs	r1, #1
10006afc:	4249      	negs	r1, r1
10006afe:	f000 fac3 	bl	10007088 <__mutex_enter_timeout_ms_veneer>
10006b02:	89e3      	ldrh	r3, [r4, #14]
10006b04:	b29b      	uxth	r3, r3
10006b06:	8a22      	ldrh	r2, [r4, #16]
10006b08:	9701      	str	r7, [sp, #4]
10006b0a:	9200      	str	r2, [sp, #0]
10006b0c:	0032      	movs	r2, r6
10006b0e:	0029      	movs	r1, r5
10006b10:	0020      	movs	r0, r4
10006b12:	f7ff ffba 	bl	10006a8a <_tu_fifo_peek_n>
10006b16:	0005      	movs	r5, r0
10006b18:	8a21      	ldrh	r1, [r4, #16]
10006b1a:	b289      	uxth	r1, r1
10006b1c:	0002      	movs	r2, r0
10006b1e:	0020      	movs	r0, r4
10006b20:	f7ff fec7 	bl	100068b2 <advance_pointer>
10006b24:	8220      	strh	r0, [r4, #16]
10006b26:	69a0      	ldr	r0, [r4, #24]
10006b28:	2800      	cmp	r0, #0
10006b2a:	d001      	beq.n	10006b30 <_tu_fifo_read_n+0x48>
10006b2c:	f000 fa8c 	bl	10007048 <__mutex_exit_veneer>
10006b30:	0028      	movs	r0, r5
10006b32:	b003      	add	sp, #12
10006b34:	bdf0      	pop	{r4, r5, r6, r7, pc}

10006b36 <_ff_push_const_addr>:
10006b36:	b530      	push	{r4, r5, lr}
10006b38:	b083      	sub	sp, #12
10006b3a:	0895      	lsrs	r5, r2, #2
10006b3c:	1e6c      	subs	r4, r5, #1
10006b3e:	b2a4      	uxth	r4, r4
10006b40:	2d00      	cmp	r5, #0
10006b42:	d00a      	beq.n	10006b5a <_ff_push_const_addr+0x24>
10006b44:	680b      	ldr	r3, [r1, #0]
10006b46:	7003      	strb	r3, [r0, #0]
10006b48:	0a1d      	lsrs	r5, r3, #8
10006b4a:	7045      	strb	r5, [r0, #1]
10006b4c:	0c1d      	lsrs	r5, r3, #16
10006b4e:	7085      	strb	r5, [r0, #2]
10006b50:	0e1b      	lsrs	r3, r3, #24
10006b52:	70c3      	strb	r3, [r0, #3]
10006b54:	3004      	adds	r0, #4
10006b56:	0025      	movs	r5, r4
10006b58:	e7f0      	b.n	10006b3c <_ff_push_const_addr+0x6>
10006b5a:	2303      	movs	r3, #3
10006b5c:	401a      	ands	r2, r3
10006b5e:	d101      	bne.n	10006b64 <_ff_push_const_addr+0x2e>
10006b60:	b003      	add	sp, #12
10006b62:	bd30      	pop	{r4, r5, pc}
10006b64:	680b      	ldr	r3, [r1, #0]
10006b66:	9301      	str	r3, [sp, #4]
10006b68:	a901      	add	r1, sp, #4
10006b6a:	f7fd fae5 	bl	10004138 <__wrap___aeabi_memcpy>
10006b6e:	e7f7      	b.n	10006b60 <_ff_push_const_addr+0x2a>

10006b70 <_ff_push_n>:
10006b70:	b5f0      	push	{r4, r5, r6, r7, lr}
10006b72:	46ce      	mov	lr, r9
10006b74:	4647      	mov	r7, r8
10006b76:	b580      	push	{r7, lr}
10006b78:	b085      	sub	sp, #20
10006b7a:	0006      	movs	r6, r0
10006b7c:	9101      	str	r1, [sp, #4]
10006b7e:	a90c      	add	r1, sp, #48	; 0x30
10006b80:	7809      	ldrb	r1, [r1, #0]
10006b82:	8884      	ldrh	r4, [r0, #4]
10006b84:	1ae7      	subs	r7, r4, r3
10006b86:	b2bf      	uxth	r7, r7
10006b88:	1b1c      	subs	r4, r3, r4
10006b8a:	1914      	adds	r4, r2, r4
10006b8c:	b2a4      	uxth	r4, r4
10006b8e:	88c0      	ldrh	r0, [r0, #6]
10006b90:	003d      	movs	r5, r7
10006b92:	4345      	muls	r5, r0
10006b94:	b2ad      	uxth	r5, r5
10006b96:	46a8      	mov	r8, r5
10006b98:	4344      	muls	r4, r0
10006b9a:	b2a4      	uxth	r4, r4
10006b9c:	4343      	muls	r3, r0
10006b9e:	6835      	ldr	r5, [r6, #0]
10006ba0:	46a9      	mov	r9, r5
10006ba2:	4499      	add	r9, r3
10006ba4:	2900      	cmp	r1, #0
10006ba6:	d006      	beq.n	10006bb6 <_ff_push_n+0x46>
10006ba8:	2901      	cmp	r1, #1
10006baa:	d019      	beq.n	10006be0 <_ff_push_n+0x70>
10006bac:	b005      	add	sp, #20
10006bae:	bc0c      	pop	{r2, r3}
10006bb0:	4690      	mov	r8, r2
10006bb2:	4699      	mov	r9, r3
10006bb4:	bdf0      	pop	{r4, r5, r6, r7, pc}
10006bb6:	4297      	cmp	r7, r2
10006bb8:	d305      	bcc.n	10006bc6 <_ff_push_n+0x56>
10006bba:	4342      	muls	r2, r0
10006bbc:	9901      	ldr	r1, [sp, #4]
10006bbe:	4648      	mov	r0, r9
10006bc0:	f7fd faba 	bl	10004138 <__wrap___aeabi_memcpy>
10006bc4:	e7f2      	b.n	10006bac <_ff_push_n+0x3c>
10006bc6:	4642      	mov	r2, r8
10006bc8:	9d01      	ldr	r5, [sp, #4]
10006bca:	0029      	movs	r1, r5
10006bcc:	4648      	mov	r0, r9
10006bce:	f7fd fab3 	bl	10004138 <__wrap___aeabi_memcpy>
10006bd2:	6830      	ldr	r0, [r6, #0]
10006bd4:	0029      	movs	r1, r5
10006bd6:	4441      	add	r1, r8
10006bd8:	0022      	movs	r2, r4
10006bda:	f7fd faad 	bl	10004138 <__wrap___aeabi_memcpy>
10006bde:	e7e5      	b.n	10006bac <_ff_push_n+0x3c>
10006be0:	4297      	cmp	r7, r2
10006be2:	d306      	bcc.n	10006bf2 <_ff_push_n+0x82>
10006be4:	4342      	muls	r2, r0
10006be6:	b292      	uxth	r2, r2
10006be8:	9901      	ldr	r1, [sp, #4]
10006bea:	4648      	mov	r0, r9
10006bec:	f7ff ffa3 	bl	10006b36 <_ff_push_const_addr>
10006bf0:	e7dc      	b.n	10006bac <_ff_push_n+0x3c>
10006bf2:	2303      	movs	r3, #3
10006bf4:	4647      	mov	r7, r8
10006bf6:	439f      	bics	r7, r3
10006bf8:	003a      	movs	r2, r7
10006bfa:	9901      	ldr	r1, [sp, #4]
10006bfc:	4648      	mov	r0, r9
10006bfe:	f7ff ff9a 	bl	10006b36 <_ff_push_const_addr>
10006c02:	003b      	movs	r3, r7
10006c04:	444b      	add	r3, r9
10006c06:	2103      	movs	r1, #3
10006c08:	4642      	mov	r2, r8
10006c0a:	4011      	ands	r1, r2
10006c0c:	d025      	beq.n	10006c5a <_ff_push_n+0xea>
10006c0e:	2204      	movs	r2, #4
10006c10:	1a52      	subs	r2, r2, r1
10006c12:	b292      	uxth	r2, r2
10006c14:	1c10      	adds	r0, r2, #0
10006c16:	42a2      	cmp	r2, r4
10006c18:	d900      	bls.n	10006c1c <_ff_push_n+0xac>
10006c1a:	1c20      	adds	r0, r4, #0
10006c1c:	b287      	uxth	r7, r0
10006c1e:	b2fa      	uxtb	r2, r7
10006c20:	20ff      	movs	r0, #255	; 0xff
10006c22:	4038      	ands	r0, r7
10006c24:	1a24      	subs	r4, r4, r0
10006c26:	b2a4      	uxth	r4, r4
10006c28:	9801      	ldr	r0, [sp, #4]
10006c2a:	6800      	ldr	r0, [r0, #0]
10006c2c:	9003      	str	r0, [sp, #12]
10006c2e:	af03      	add	r7, sp, #12
10006c30:	1e48      	subs	r0, r1, #1
10006c32:	b2c0      	uxtb	r0, r0
10006c34:	2900      	cmp	r1, #0
10006c36:	d005      	beq.n	10006c44 <_ff_push_n+0xd4>
10006c38:	7839      	ldrb	r1, [r7, #0]
10006c3a:	7019      	strb	r1, [r3, #0]
10006c3c:	3701      	adds	r7, #1
10006c3e:	0001      	movs	r1, r0
10006c40:	3301      	adds	r3, #1
10006c42:	e7f5      	b.n	10006c30 <_ff_push_n+0xc0>
10006c44:	6830      	ldr	r0, [r6, #0]
10006c46:	1e53      	subs	r3, r2, #1
10006c48:	b2db      	uxtb	r3, r3
10006c4a:	2a00      	cmp	r2, #0
10006c4c:	d006      	beq.n	10006c5c <_ff_push_n+0xec>
10006c4e:	783a      	ldrb	r2, [r7, #0]
10006c50:	7002      	strb	r2, [r0, #0]
10006c52:	3701      	adds	r7, #1
10006c54:	001a      	movs	r2, r3
10006c56:	3001      	adds	r0, #1
10006c58:	e7f5      	b.n	10006c46 <_ff_push_n+0xd6>
10006c5a:	6830      	ldr	r0, [r6, #0]
10006c5c:	2c00      	cmp	r4, #0
10006c5e:	d0a5      	beq.n	10006bac <_ff_push_n+0x3c>
10006c60:	0022      	movs	r2, r4
10006c62:	9901      	ldr	r1, [sp, #4]
10006c64:	f7ff ff67 	bl	10006b36 <_ff_push_const_addr>
10006c68:	e7a0      	b.n	10006bac <_ff_push_n+0x3c>

10006c6a <_tu_fifo_write_n>:
10006c6a:	b5f0      	push	{r4, r5, r6, r7, lr}
10006c6c:	b085      	sub	sp, #20
10006c6e:	0004      	movs	r4, r0
10006c70:	9102      	str	r1, [sp, #8]
10006c72:	1e16      	subs	r6, r2, #0
10006c74:	9303      	str	r3, [sp, #12]
10006c76:	d045      	beq.n	10006d04 <_tu_fifo_write_n+0x9a>
10006c78:	6940      	ldr	r0, [r0, #20]
10006c7a:	2800      	cmp	r0, #0
10006c7c:	d003      	beq.n	10006c86 <_tu_fifo_write_n+0x1c>
10006c7e:	2101      	movs	r1, #1
10006c80:	4249      	negs	r1, r1
10006c82:	f000 fa01 	bl	10007088 <__mutex_enter_timeout_ms_veneer>
10006c86:	89e7      	ldrh	r7, [r4, #14]
10006c88:	b2bf      	uxth	r7, r7
10006c8a:	8a23      	ldrh	r3, [r4, #16]
10006c8c:	b29b      	uxth	r3, r3
10006c8e:	7a22      	ldrb	r2, [r4, #8]
10006c90:	2a00      	cmp	r2, #0
10006c92:	d128      	bne.n	10006ce6 <_tu_fifo_write_n+0x7c>
10006c94:	88a2      	ldrh	r2, [r4, #4]
10006c96:	1af9      	subs	r1, r7, r3
10006c98:	b289      	uxth	r1, r1
10006c9a:	429f      	cmp	r7, r3
10006c9c:	d202      	bcs.n	10006ca4 <_tu_fifo_write_n+0x3a>
10006c9e:	8963      	ldrh	r3, [r4, #10]
10006ca0:	1ac9      	subs	r1, r1, r3
10006ca2:	b289      	uxth	r1, r1
10006ca4:	1a53      	subs	r3, r2, r1
10006ca6:	b29b      	uxth	r3, r3
10006ca8:	1c35      	adds	r5, r6, #0
10006caa:	429e      	cmp	r6, r3
10006cac:	d900      	bls.n	10006cb0 <_tu_fifo_write_n+0x46>
10006cae:	1c1d      	adds	r5, r3, #0
10006cb0:	b2ad      	uxth	r5, r5
10006cb2:	0039      	movs	r1, r7
10006cb4:	0020      	movs	r0, r4
10006cb6:	f7ff fe17 	bl	100068e8 <get_relative_pointer>
10006cba:	0003      	movs	r3, r0
10006cbc:	9a03      	ldr	r2, [sp, #12]
10006cbe:	9200      	str	r2, [sp, #0]
10006cc0:	002a      	movs	r2, r5
10006cc2:	9902      	ldr	r1, [sp, #8]
10006cc4:	0020      	movs	r0, r4
10006cc6:	f7ff ff53 	bl	10006b70 <_ff_push_n>
10006cca:	002a      	movs	r2, r5
10006ccc:	0039      	movs	r1, r7
10006cce:	0020      	movs	r0, r4
10006cd0:	f7ff fdef 	bl	100068b2 <advance_pointer>
10006cd4:	81e0      	strh	r0, [r4, #14]
10006cd6:	6960      	ldr	r0, [r4, #20]
10006cd8:	2800      	cmp	r0, #0
10006cda:	d001      	beq.n	10006ce0 <_tu_fifo_write_n+0x76>
10006cdc:	f000 f9b4 	bl	10007048 <__mutex_exit_veneer>
10006ce0:	0028      	movs	r0, r5
10006ce2:	b005      	add	sp, #20
10006ce4:	bdf0      	pop	{r4, r5, r6, r7, pc}
10006ce6:	88a5      	ldrh	r5, [r4, #4]
10006ce8:	42b5      	cmp	r5, r6
10006cea:	d809      	bhi.n	10006d00 <_tu_fifo_write_n+0x96>
10006cec:	1b76      	subs	r6, r6, r5
10006cee:	88e2      	ldrh	r2, [r4, #6]
10006cf0:	4372      	muls	r2, r6
10006cf2:	9902      	ldr	r1, [sp, #8]
10006cf4:	468c      	mov	ip, r1
10006cf6:	4494      	add	ip, r2
10006cf8:	4662      	mov	r2, ip
10006cfa:	9202      	str	r2, [sp, #8]
10006cfc:	001f      	movs	r7, r3
10006cfe:	e7d8      	b.n	10006cb2 <_tu_fifo_write_n+0x48>
10006d00:	0035      	movs	r5, r6
10006d02:	e7d6      	b.n	10006cb2 <_tu_fifo_write_n+0x48>
10006d04:	0015      	movs	r5, r2
10006d06:	e7eb      	b.n	10006ce0 <_tu_fifo_write_n+0x76>

10006d08 <tu_fifo_config>:
10006d08:	b5f0      	push	{r4, r5, r6, r7, lr}
10006d0a:	b083      	sub	sp, #12
10006d0c:	0005      	movs	r5, r0
10006d0e:	000f      	movs	r7, r1
10006d10:	0014      	movs	r4, r2
10006d12:	9301      	str	r3, [sp, #4]
10006d14:	ab08      	add	r3, sp, #32
10006d16:	781e      	ldrb	r6, [r3, #0]
10006d18:	2380      	movs	r3, #128	; 0x80
10006d1a:	021b      	lsls	r3, r3, #8
10006d1c:	429a      	cmp	r2, r3
10006d1e:	d828      	bhi.n	10006d72 <tu_fifo_config+0x6a>
10006d20:	6940      	ldr	r0, [r0, #20]
10006d22:	2800      	cmp	r0, #0
10006d24:	d003      	beq.n	10006d2e <tu_fifo_config+0x26>
10006d26:	2101      	movs	r1, #1
10006d28:	4249      	negs	r1, r1
10006d2a:	f000 f9ad 	bl	10007088 <__mutex_enter_timeout_ms_veneer>
10006d2e:	69a8      	ldr	r0, [r5, #24]
10006d30:	2800      	cmp	r0, #0
10006d32:	d003      	beq.n	10006d3c <tu_fifo_config+0x34>
10006d34:	2101      	movs	r1, #1
10006d36:	4249      	negs	r1, r1
10006d38:	f000 f9a6 	bl	10007088 <__mutex_enter_timeout_ms_veneer>
10006d3c:	602f      	str	r7, [r5, #0]
10006d3e:	80ac      	strh	r4, [r5, #4]
10006d40:	9b01      	ldr	r3, [sp, #4]
10006d42:	80eb      	strh	r3, [r5, #6]
10006d44:	722e      	strb	r6, [r5, #8]
10006d46:	0064      	lsls	r4, r4, #1
10006d48:	3c01      	subs	r4, #1
10006d4a:	b2a4      	uxth	r4, r4
10006d4c:	81ac      	strh	r4, [r5, #12]
10006d4e:	43e4      	mvns	r4, r4
10006d50:	816c      	strh	r4, [r5, #10]
10006d52:	2300      	movs	r3, #0
10006d54:	81eb      	strh	r3, [r5, #14]
10006d56:	822b      	strh	r3, [r5, #16]
10006d58:	6968      	ldr	r0, [r5, #20]
10006d5a:	2800      	cmp	r0, #0
10006d5c:	d001      	beq.n	10006d62 <tu_fifo_config+0x5a>
10006d5e:	f000 f973 	bl	10007048 <__mutex_exit_veneer>
10006d62:	69a8      	ldr	r0, [r5, #24]
10006d64:	2800      	cmp	r0, #0
10006d66:	d006      	beq.n	10006d76 <tu_fifo_config+0x6e>
10006d68:	f000 f96e 	bl	10007048 <__mutex_exit_veneer>
10006d6c:	2001      	movs	r0, #1
10006d6e:	b003      	add	sp, #12
10006d70:	bdf0      	pop	{r4, r5, r6, r7, pc}
10006d72:	2000      	movs	r0, #0
10006d74:	e7fb      	b.n	10006d6e <tu_fifo_config+0x66>
10006d76:	2001      	movs	r0, #1
10006d78:	e7f9      	b.n	10006d6e <tu_fifo_config+0x66>

10006d7a <tu_fifo_count>:
10006d7a:	89c1      	ldrh	r1, [r0, #14]
10006d7c:	b289      	uxth	r1, r1
10006d7e:	8a02      	ldrh	r2, [r0, #16]
10006d80:	b292      	uxth	r2, r2
10006d82:	1a8b      	subs	r3, r1, r2
10006d84:	b29b      	uxth	r3, r3
10006d86:	4291      	cmp	r1, r2
10006d88:	d202      	bcs.n	10006d90 <tu_fifo_count+0x16>
10006d8a:	8942      	ldrh	r2, [r0, #10]
10006d8c:	1a9b      	subs	r3, r3, r2
10006d8e:	b29b      	uxth	r3, r3
10006d90:	8882      	ldrh	r2, [r0, #4]
10006d92:	1c10      	adds	r0, r2, #0
10006d94:	429a      	cmp	r2, r3
10006d96:	d900      	bls.n	10006d9a <tu_fifo_count+0x20>
10006d98:	1c18      	adds	r0, r3, #0
10006d9a:	b280      	uxth	r0, r0
10006d9c:	4770      	bx	lr

10006d9e <tu_fifo_empty>:
10006d9e:	89c3      	ldrh	r3, [r0, #14]
10006da0:	8a00      	ldrh	r0, [r0, #16]
10006da2:	1a18      	subs	r0, r3, r0
10006da4:	4243      	negs	r3, r0
10006da6:	4158      	adcs	r0, r3
10006da8:	b2c0      	uxtb	r0, r0
10006daa:	4770      	bx	lr

10006dac <tu_fifo_remaining>:
10006dac:	b510      	push	{r4, lr}
10006dae:	89c4      	ldrh	r4, [r0, #14]
10006db0:	b2a4      	uxth	r4, r4
10006db2:	8a01      	ldrh	r1, [r0, #16]
10006db4:	b289      	uxth	r1, r1
10006db6:	8883      	ldrh	r3, [r0, #4]
10006db8:	1a62      	subs	r2, r4, r1
10006dba:	b292      	uxth	r2, r2
10006dbc:	428c      	cmp	r4, r1
10006dbe:	d202      	bcs.n	10006dc6 <tu_fifo_remaining+0x1a>
10006dc0:	8940      	ldrh	r0, [r0, #10]
10006dc2:	1a12      	subs	r2, r2, r0
10006dc4:	b292      	uxth	r2, r2
10006dc6:	1a98      	subs	r0, r3, r2
10006dc8:	b280      	uxth	r0, r0
10006dca:	bd10      	pop	{r4, pc}

10006dcc <tu_fifo_read>:
10006dcc:	b570      	push	{r4, r5, r6, lr}
10006dce:	0004      	movs	r4, r0
10006dd0:	000d      	movs	r5, r1
10006dd2:	6980      	ldr	r0, [r0, #24]
10006dd4:	2800      	cmp	r0, #0
10006dd6:	d003      	beq.n	10006de0 <tu_fifo_read+0x14>
10006dd8:	2101      	movs	r1, #1
10006dda:	4249      	negs	r1, r1
10006ddc:	f000 f954 	bl	10007088 <__mutex_enter_timeout_ms_veneer>
10006de0:	89e2      	ldrh	r2, [r4, #14]
10006de2:	b292      	uxth	r2, r2
10006de4:	8a23      	ldrh	r3, [r4, #16]
10006de6:	b29b      	uxth	r3, r3
10006de8:	0029      	movs	r1, r5
10006dea:	0020      	movs	r0, r4
10006dec:	f7ff fd84 	bl	100068f8 <_tu_fifo_peek>
10006df0:	0005      	movs	r5, r0
10006df2:	8a21      	ldrh	r1, [r4, #16]
10006df4:	b289      	uxth	r1, r1
10006df6:	b282      	uxth	r2, r0
10006df8:	0020      	movs	r0, r4
10006dfa:	f7ff fd5a 	bl	100068b2 <advance_pointer>
10006dfe:	8220      	strh	r0, [r4, #16]
10006e00:	69a0      	ldr	r0, [r4, #24]
10006e02:	2800      	cmp	r0, #0
10006e04:	d001      	beq.n	10006e0a <tu_fifo_read+0x3e>
10006e06:	f000 f91f 	bl	10007048 <__mutex_exit_veneer>
10006e0a:	0028      	movs	r0, r5
10006e0c:	bd70      	pop	{r4, r5, r6, pc}

10006e0e <tu_fifo_read_n>:
10006e0e:	b510      	push	{r4, lr}
10006e10:	2300      	movs	r3, #0
10006e12:	f7ff fe69 	bl	10006ae8 <_tu_fifo_read_n>
10006e16:	bd10      	pop	{r4, pc}

10006e18 <tu_fifo_write>:
10006e18:	b570      	push	{r4, r5, r6, lr}
10006e1a:	0004      	movs	r4, r0
10006e1c:	000e      	movs	r6, r1
10006e1e:	6940      	ldr	r0, [r0, #20]
10006e20:	2800      	cmp	r0, #0
10006e22:	d003      	beq.n	10006e2c <tu_fifo_write+0x14>
10006e24:	2101      	movs	r1, #1
10006e26:	4249      	negs	r1, r1
10006e28:	f000 f92e 	bl	10007088 <__mutex_enter_timeout_ms_veneer>
10006e2c:	89e5      	ldrh	r5, [r4, #14]
10006e2e:	b2ad      	uxth	r5, r5
10006e30:	8a22      	ldrh	r2, [r4, #16]
10006e32:	b292      	uxth	r2, r2
10006e34:	1aab      	subs	r3, r5, r2
10006e36:	b29b      	uxth	r3, r3
10006e38:	42aa      	cmp	r2, r5
10006e3a:	d902      	bls.n	10006e42 <tu_fifo_write+0x2a>
10006e3c:	8962      	ldrh	r2, [r4, #10]
10006e3e:	1a9b      	subs	r3, r3, r2
10006e40:	b29b      	uxth	r3, r3
10006e42:	88a2      	ldrh	r2, [r4, #4]
10006e44:	429a      	cmp	r2, r3
10006e46:	d102      	bne.n	10006e4e <tu_fifo_write+0x36>
10006e48:	7a20      	ldrb	r0, [r4, #8]
10006e4a:	2800      	cmp	r0, #0
10006e4c:	d017      	beq.n	10006e7e <tu_fifo_write+0x66>
10006e4e:	0029      	movs	r1, r5
10006e50:	0020      	movs	r0, r4
10006e52:	f7ff fd49 	bl	100068e8 <get_relative_pointer>
10006e56:	88e2      	ldrh	r2, [r4, #6]
10006e58:	4350      	muls	r0, r2
10006e5a:	6823      	ldr	r3, [r4, #0]
10006e5c:	469c      	mov	ip, r3
10006e5e:	4460      	add	r0, ip
10006e60:	0031      	movs	r1, r6
10006e62:	f7fd f969 	bl	10004138 <__wrap___aeabi_memcpy>
10006e66:	2201      	movs	r2, #1
10006e68:	0029      	movs	r1, r5
10006e6a:	0020      	movs	r0, r4
10006e6c:	f7ff fd21 	bl	100068b2 <advance_pointer>
10006e70:	81e0      	strh	r0, [r4, #14]
10006e72:	6960      	ldr	r0, [r4, #20]
10006e74:	2800      	cmp	r0, #0
10006e76:	d003      	beq.n	10006e80 <tu_fifo_write+0x68>
10006e78:	f000 f8e6 	bl	10007048 <__mutex_exit_veneer>
10006e7c:	2001      	movs	r0, #1
10006e7e:	bd70      	pop	{r4, r5, r6, pc}
10006e80:	2001      	movs	r0, #1
10006e82:	e7fc      	b.n	10006e7e <tu_fifo_write+0x66>

10006e84 <tu_fifo_write_n>:
10006e84:	b510      	push	{r4, lr}
10006e86:	2300      	movs	r3, #0
10006e88:	f7ff feef 	bl	10006c6a <_tu_fifo_write_n>
10006e8c:	bd10      	pop	{r4, pc}

10006e8e <tu_fifo_clear>:
10006e8e:	b510      	push	{r4, lr}
10006e90:	0004      	movs	r4, r0
10006e92:	6940      	ldr	r0, [r0, #20]
10006e94:	2800      	cmp	r0, #0
10006e96:	d003      	beq.n	10006ea0 <tu_fifo_clear+0x12>
10006e98:	2101      	movs	r1, #1
10006e9a:	4249      	negs	r1, r1
10006e9c:	f000 f8f4 	bl	10007088 <__mutex_enter_timeout_ms_veneer>
10006ea0:	69a0      	ldr	r0, [r4, #24]
10006ea2:	2800      	cmp	r0, #0
10006ea4:	d003      	beq.n	10006eae <tu_fifo_clear+0x20>
10006ea6:	2101      	movs	r1, #1
10006ea8:	4249      	negs	r1, r1
10006eaa:	f000 f8ed 	bl	10007088 <__mutex_enter_timeout_ms_veneer>
10006eae:	2300      	movs	r3, #0
10006eb0:	81e3      	strh	r3, [r4, #14]
10006eb2:	8223      	strh	r3, [r4, #16]
10006eb4:	88a3      	ldrh	r3, [r4, #4]
10006eb6:	005b      	lsls	r3, r3, #1
10006eb8:	3b01      	subs	r3, #1
10006eba:	b29b      	uxth	r3, r3
10006ebc:	81a3      	strh	r3, [r4, #12]
10006ebe:	43db      	mvns	r3, r3
10006ec0:	8163      	strh	r3, [r4, #10]
10006ec2:	6960      	ldr	r0, [r4, #20]
10006ec4:	2800      	cmp	r0, #0
10006ec6:	d001      	beq.n	10006ecc <tu_fifo_clear+0x3e>
10006ec8:	f000 f8be 	bl	10007048 <__mutex_exit_veneer>
10006ecc:	69a0      	ldr	r0, [r4, #24]
10006ece:	2800      	cmp	r0, #0
10006ed0:	d001      	beq.n	10006ed6 <tu_fifo_clear+0x48>
10006ed2:	f000 f8b9 	bl	10007048 <__mutex_exit_veneer>
10006ed6:	2001      	movs	r0, #1
10006ed8:	bd10      	pop	{r4, pc}

10006eda <tu_fifo_set_overwritable>:
10006eda:	b570      	push	{r4, r5, r6, lr}
10006edc:	0004      	movs	r4, r0
10006ede:	000d      	movs	r5, r1
10006ee0:	6940      	ldr	r0, [r0, #20]
10006ee2:	2800      	cmp	r0, #0
10006ee4:	d003      	beq.n	10006eee <tu_fifo_set_overwritable+0x14>
10006ee6:	2101      	movs	r1, #1
10006ee8:	4249      	negs	r1, r1
10006eea:	f000 f8cd 	bl	10007088 <__mutex_enter_timeout_ms_veneer>
10006eee:	69a0      	ldr	r0, [r4, #24]
10006ef0:	2800      	cmp	r0, #0
10006ef2:	d003      	beq.n	10006efc <tu_fifo_set_overwritable+0x22>
10006ef4:	2101      	movs	r1, #1
10006ef6:	4249      	negs	r1, r1
10006ef8:	f000 f8c6 	bl	10007088 <__mutex_enter_timeout_ms_veneer>
10006efc:	7225      	strb	r5, [r4, #8]
10006efe:	6960      	ldr	r0, [r4, #20]
10006f00:	2800      	cmp	r0, #0
10006f02:	d001      	beq.n	10006f08 <tu_fifo_set_overwritable+0x2e>
10006f04:	f000 f8a0 	bl	10007048 <__mutex_exit_veneer>
10006f08:	69a0      	ldr	r0, [r4, #24]
10006f0a:	2800      	cmp	r0, #0
10006f0c:	d001      	beq.n	10006f12 <tu_fifo_set_overwritable+0x38>
10006f0e:	f000 f89b 	bl	10007048 <__mutex_exit_veneer>
10006f12:	2001      	movs	r0, #1
10006f14:	bd70      	pop	{r4, r5, r6, pc}
	...

10006f18 <_retrieve_unique_id_on_boot>:
10006f18:	b510      	push	{r4, lr}
10006f1a:	4802      	ldr	r0, [pc, #8]	; (10006f24 <_retrieve_unique_id_on_boot+0xc>)
10006f1c:	f000 f834 	bl	10006f88 <flash_get_unique_id>
10006f20:	bd10      	pop	{r4, pc}
10006f22:	46c0      	nop			; (mov r8, r8)
10006f24:	20000f9c 	.word	0x20000f9c

10006f28 <pico_get_unique_board_id_string>:
10006f28:	b510      	push	{r4, lr}
10006f2a:	2900      	cmp	r1, #0
10006f2c:	d001      	beq.n	10006f32 <pico_get_unique_board_id_string+0xa>
10006f2e:	2300      	movs	r3, #0
10006f30:	e00a      	b.n	10006f48 <pico_get_unique_board_id_string+0x20>
10006f32:	4b11      	ldr	r3, [pc, #68]	; (10006f78 <pico_get_unique_board_id_string+0x50>)
10006f34:	4a11      	ldr	r2, [pc, #68]	; (10006f7c <pico_get_unique_board_id_string+0x54>)
10006f36:	311f      	adds	r1, #31
10006f38:	4811      	ldr	r0, [pc, #68]	; (10006f80 <pico_get_unique_board_id_string+0x58>)
10006f3a:	f7fa fe53 	bl	10001be4 <__assert_func>
10006f3e:	2400      	movs	r4, #0
10006f40:	e00d      	b.n	10006f5e <pico_get_unique_board_id_string+0x36>
10006f42:	3237      	adds	r2, #55	; 0x37
10006f44:	54c2      	strb	r2, [r0, r3]
10006f46:	3301      	adds	r3, #1
10006f48:	1e4a      	subs	r2, r1, #1
10006f4a:	429a      	cmp	r2, r3
10006f4c:	d90f      	bls.n	10006f6e <pico_get_unique_board_id_string+0x46>
10006f4e:	2b0f      	cmp	r3, #15
10006f50:	d80d      	bhi.n	10006f6e <pico_get_unique_board_id_string+0x46>
10006f52:	085a      	lsrs	r2, r3, #1
10006f54:	4c0b      	ldr	r4, [pc, #44]	; (10006f84 <pico_get_unique_board_id_string+0x5c>)
10006f56:	5ca2      	ldrb	r2, [r4, r2]
10006f58:	07dc      	lsls	r4, r3, #31
10006f5a:	d4f0      	bmi.n	10006f3e <pico_get_unique_board_id_string+0x16>
10006f5c:	2404      	movs	r4, #4
10006f5e:	4122      	asrs	r2, r4
10006f60:	0014      	movs	r4, r2
10006f62:	220f      	movs	r2, #15
10006f64:	4022      	ands	r2, r4
10006f66:	2a09      	cmp	r2, #9
10006f68:	dceb      	bgt.n	10006f42 <pico_get_unique_board_id_string+0x1a>
10006f6a:	3230      	adds	r2, #48	; 0x30
10006f6c:	e7ea      	b.n	10006f44 <pico_get_unique_board_id_string+0x1c>
10006f6e:	18c0      	adds	r0, r0, r3
10006f70:	2300      	movs	r3, #0
10006f72:	7003      	strb	r3, [r0, #0]
10006f74:	bd10      	pop	{r4, pc}
10006f76:	46c0      	nop			; (mov r8, r8)
10006f78:	10008588 	.word	0x10008588
10006f7c:	10008568 	.word	0x10008568
10006f80:	10008590 	.word	0x10008590
10006f84:	20000f9c 	.word	0x20000f9c

10006f88 <flash_get_unique_id>:
10006f88:	b530      	push	{r4, r5, lr}
10006f8a:	b089      	sub	sp, #36	; 0x24
10006f8c:	0004      	movs	r4, r0
10006f8e:	ad04      	add	r5, sp, #16
10006f90:	220d      	movs	r2, #13
10006f92:	2100      	movs	r1, #0
10006f94:	0028      	movs	r0, r5
10006f96:	f7fd f8c9 	bl	1000412c <__wrap_memset>
10006f9a:	220d      	movs	r2, #13
10006f9c:	2100      	movs	r1, #0
10006f9e:	4668      	mov	r0, sp
10006fa0:	f7fd f8c4 	bl	1000412c <__wrap_memset>
10006fa4:	234b      	movs	r3, #75	; 0x4b
10006fa6:	702b      	strb	r3, [r5, #0]
10006fa8:	220d      	movs	r2, #13
10006faa:	4669      	mov	r1, sp
10006fac:	0028      	movs	r0, r5
10006fae:	f000 f843 	bl	10007038 <__flash_do_cmd_veneer>
10006fb2:	2300      	movs	r3, #0
10006fb4:	e004      	b.n	10006fc0 <flash_get_unique_id+0x38>
10006fb6:	1d5a      	adds	r2, r3, #5
10006fb8:	4669      	mov	r1, sp
10006fba:	5c8a      	ldrb	r2, [r1, r2]
10006fbc:	54e2      	strb	r2, [r4, r3]
10006fbe:	3301      	adds	r3, #1
10006fc0:	2b07      	cmp	r3, #7
10006fc2:	ddf8      	ble.n	10006fb6 <flash_get_unique_id+0x2e>
10006fc4:	b009      	add	sp, #36	; 0x24
10006fc6:	bd30      	pop	{r4, r5, pc}

10006fc8 <strlen>:
10006fc8:	b510      	push	{r4, lr}
10006fca:	0783      	lsls	r3, r0, #30
10006fcc:	d027      	beq.n	1000701e <strlen+0x56>
10006fce:	7803      	ldrb	r3, [r0, #0]
10006fd0:	2b00      	cmp	r3, #0
10006fd2:	d026      	beq.n	10007022 <strlen+0x5a>
10006fd4:	0003      	movs	r3, r0
10006fd6:	2103      	movs	r1, #3
10006fd8:	e002      	b.n	10006fe0 <strlen+0x18>
10006fda:	781a      	ldrb	r2, [r3, #0]
10006fdc:	2a00      	cmp	r2, #0
10006fde:	d01c      	beq.n	1000701a <strlen+0x52>
10006fe0:	3301      	adds	r3, #1
10006fe2:	420b      	tst	r3, r1
10006fe4:	d1f9      	bne.n	10006fda <strlen+0x12>
10006fe6:	6819      	ldr	r1, [r3, #0]
10006fe8:	4a0f      	ldr	r2, [pc, #60]	; (10007028 <strlen+0x60>)
10006fea:	4c10      	ldr	r4, [pc, #64]	; (1000702c <strlen+0x64>)
10006fec:	188a      	adds	r2, r1, r2
10006fee:	438a      	bics	r2, r1
10006ff0:	4222      	tst	r2, r4
10006ff2:	d10f      	bne.n	10007014 <strlen+0x4c>
10006ff4:	3304      	adds	r3, #4
10006ff6:	6819      	ldr	r1, [r3, #0]
10006ff8:	4a0b      	ldr	r2, [pc, #44]	; (10007028 <strlen+0x60>)
10006ffa:	188a      	adds	r2, r1, r2
10006ffc:	438a      	bics	r2, r1
10006ffe:	4222      	tst	r2, r4
10007000:	d108      	bne.n	10007014 <strlen+0x4c>
10007002:	3304      	adds	r3, #4
10007004:	6819      	ldr	r1, [r3, #0]
10007006:	4a08      	ldr	r2, [pc, #32]	; (10007028 <strlen+0x60>)
10007008:	188a      	adds	r2, r1, r2
1000700a:	438a      	bics	r2, r1
1000700c:	4222      	tst	r2, r4
1000700e:	d0f1      	beq.n	10006ff4 <strlen+0x2c>
10007010:	e000      	b.n	10007014 <strlen+0x4c>
10007012:	3301      	adds	r3, #1
10007014:	781a      	ldrb	r2, [r3, #0]
10007016:	2a00      	cmp	r2, #0
10007018:	d1fb      	bne.n	10007012 <strlen+0x4a>
1000701a:	1a18      	subs	r0, r3, r0
1000701c:	bd10      	pop	{r4, pc}
1000701e:	0003      	movs	r3, r0
10007020:	e7e1      	b.n	10006fe6 <strlen+0x1e>
10007022:	2000      	movs	r0, #0
10007024:	e7fa      	b.n	1000701c <strlen+0x54>
10007026:	46c0      	nop			; (mov r8, r8)
10007028:	fefefeff 	.word	0xfefefeff
1000702c:	80808080 	.word	0x80808080

10007030 <_fini>:
10007030:	b5f8      	push	{r3, r4, r5, r6, r7, lr}
10007032:	46c0      	nop			; (mov r8, r8)
10007034:	0000      	movs	r0, r0
	...

10007038 <__flash_do_cmd_veneer>:
10007038:	b401      	push	{r0}
1000703a:	4802      	ldr	r0, [pc, #8]	; (10007044 <__flash_do_cmd_veneer+0xc>)
1000703c:	4684      	mov	ip, r0
1000703e:	bc01      	pop	{r0}
10007040:	4760      	bx	ip
10007042:	bf00      	nop
10007044:	200002ed 	.word	0x200002ed

10007048 <__mutex_exit_veneer>:
10007048:	b401      	push	{r0}
1000704a:	4802      	ldr	r0, [pc, #8]	; (10007054 <__mutex_exit_veneer+0xc>)
1000704c:	4684      	mov	ip, r0
1000704e:	bc01      	pop	{r0}
10007050:	4760      	bx	ip
10007052:	bf00      	nop
10007054:	20000239 	.word	0x20000239

10007058 <____aeabi_ldiv0_veneer>:
10007058:	b401      	push	{r0}
1000705a:	4802      	ldr	r0, [pc, #8]	; (10007064 <____aeabi_ldiv0_veneer+0xc>)
1000705c:	4684      	mov	ip, r0
1000705e:	bc01      	pop	{r0}
10007060:	4760      	bx	ip
10007062:	bf00      	nop
10007064:	200003c1 	.word	0x200003c1

10007068 <____aeabi_idiv0_veneer>:
10007068:	b401      	push	{r0}
1000706a:	4802      	ldr	r0, [pc, #8]	; (10007074 <____aeabi_idiv0_veneer+0xc>)
1000706c:	4684      	mov	ip, r0
1000706e:	bc01      	pop	{r0}
10007070:	4760      	bx	ip
10007072:	bf00      	nop
10007074:	200003c1 	.word	0x200003c1

10007078 <__mutex_try_enter_veneer>:
10007078:	b401      	push	{r0}
1000707a:	4802      	ldr	r0, [pc, #8]	; (10007084 <__mutex_try_enter_veneer+0xc>)
1000707c:	4684      	mov	ip, r0
1000707e:	bc01      	pop	{r0}
10007080:	4760      	bx	ip
10007082:	bf00      	nop
10007084:	20000109 	.word	0x20000109

10007088 <__mutex_enter_timeout_ms_veneer>:
10007088:	b401      	push	{r0}
1000708a:	4802      	ldr	r0, [pc, #8]	; (10007094 <__mutex_enter_timeout_ms_veneer+0xc>)
1000708c:	4684      	mov	ip, r0
1000708e:	bc01      	pop	{r0}
10007090:	4760      	bx	ip
10007092:	bf00      	nop
10007094:	200001cd 	.word	0x200001cd

10007098 <__mutex_enter_blocking_veneer>:
10007098:	b401      	push	{r0}
1000709a:	4802      	ldr	r0, [pc, #8]	; (100070a4 <__mutex_enter_blocking_veneer+0xc>)
1000709c:	4684      	mov	ip, r0
1000709e:	bc01      	pop	{r0}
100070a0:	4760      	bx	ip
100070a2:	bf00      	nop
100070a4:	200000c1 	.word	0x200000c1

Disassembly of section .data:

200000c0 <mutex_enter_blocking>:
200000c0:	b510      	push	{r4, lr}
200000c2:	23d0      	movs	r3, #208	; 0xd0
200000c4:	061b      	lsls	r3, r3, #24
200000c6:	2400      	movs	r4, #0
200000c8:	571c      	ldrsb	r4, [r3, r4]
200000ca:	6802      	ldr	r2, [r0, #0]
200000cc:	f3ef 8110 	mrs	r1, PRIMASK
200000d0:	b672      	cpsid	i
200000d2:	6813      	ldr	r3, [r2, #0]
200000d4:	2b00      	cmp	r3, #0
200000d6:	d0fc      	beq.n	200000d2 <mutex_enter_blocking+0x12>
200000d8:	f3bf 8f5f 	dmb	sy
200000dc:	2304      	movs	r3, #4
200000de:	56c3      	ldrsb	r3, [r0, r3]
200000e0:	2b00      	cmp	r3, #0
200000e2:	db08      	blt.n	200000f6 <mutex_enter_blocking+0x36>
200000e4:	6803      	ldr	r3, [r0, #0]
200000e6:	f3bf 8f5f 	dmb	sy
200000ea:	2200      	movs	r2, #0
200000ec:	601a      	str	r2, [r3, #0]
200000ee:	f381 8810 	msr	PRIMASK, r1
200000f2:	bf20      	wfe
200000f4:	e7e9      	b.n	200000ca <mutex_enter_blocking+0xa>
200000f6:	7104      	strb	r4, [r0, #4]
200000f8:	6803      	ldr	r3, [r0, #0]
200000fa:	f3bf 8f5f 	dmb	sy
200000fe:	2200      	movs	r2, #0
20000100:	601a      	str	r2, [r3, #0]
20000102:	f381 8810 	msr	PRIMASK, r1
20000106:	bd10      	pop	{r4, pc}

20000108 <mutex_try_enter>:
20000108:	b510      	push	{r4, lr}
2000010a:	6802      	ldr	r2, [r0, #0]
2000010c:	f3ef 8410 	mrs	r4, PRIMASK
20000110:	b672      	cpsid	i
20000112:	6813      	ldr	r3, [r2, #0]
20000114:	2b00      	cmp	r3, #0
20000116:	d0fc      	beq.n	20000112 <mutex_try_enter+0xa>
20000118:	f3bf 8f5f 	dmb	sy
2000011c:	2304      	movs	r3, #4
2000011e:	56c3      	ldrsb	r3, [r0, r3]
20000120:	2b00      	cmp	r3, #0
20000122:	db0c      	blt.n	2000013e <mutex_try_enter+0x36>
20000124:	2900      	cmp	r1, #0
20000126:	d011      	beq.n	2000014c <mutex_try_enter+0x44>
20000128:	600b      	str	r3, [r1, #0]
2000012a:	2100      	movs	r1, #0
2000012c:	6803      	ldr	r3, [r0, #0]
2000012e:	f3bf 8f5f 	dmb	sy
20000132:	2200      	movs	r2, #0
20000134:	601a      	str	r2, [r3, #0]
20000136:	f384 8810 	msr	PRIMASK, r4
2000013a:	0008      	movs	r0, r1
2000013c:	bd10      	pop	{r4, pc}
2000013e:	23d0      	movs	r3, #208	; 0xd0
20000140:	061b      	lsls	r3, r3, #24
20000142:	781b      	ldrb	r3, [r3, #0]
20000144:	b25b      	sxtb	r3, r3
20000146:	7103      	strb	r3, [r0, #4]
20000148:	2101      	movs	r1, #1
2000014a:	e7ef      	b.n	2000012c <mutex_try_enter+0x24>
2000014c:	2100      	movs	r1, #0
2000014e:	e7ed      	b.n	2000012c <mutex_try_enter+0x24>

20000150 <mutex_enter_block_until>:
20000150:	b5f8      	push	{r3, r4, r5, r6, r7, lr}
20000152:	0004      	movs	r4, r0
20000154:	0016      	movs	r6, r2
20000156:	001f      	movs	r7, r3
20000158:	6803      	ldr	r3, [r0, #0]
2000015a:	2b00      	cmp	r3, #0
2000015c:	d01f      	beq.n	2000019e <mutex_enter_block_until+0x4e>
2000015e:	23d0      	movs	r3, #208	; 0xd0
20000160:	061b      	lsls	r3, r3, #24
20000162:	2500      	movs	r5, #0
20000164:	575d      	ldrsb	r5, [r3, r5]
20000166:	6822      	ldr	r2, [r4, #0]
20000168:	f3ef 8110 	mrs	r1, PRIMASK
2000016c:	b672      	cpsid	i
2000016e:	6813      	ldr	r3, [r2, #0]
20000170:	2b00      	cmp	r3, #0
20000172:	d0fc      	beq.n	2000016e <mutex_enter_block_until+0x1e>
20000174:	f3bf 8f5f 	dmb	sy
20000178:	2304      	movs	r3, #4
2000017a:	56e3      	ldrsb	r3, [r4, r3]
2000017c:	2b00      	cmp	r3, #0
2000017e:	db14      	blt.n	200001aa <mutex_enter_block_until+0x5a>
20000180:	6823      	ldr	r3, [r4, #0]
20000182:	f3bf 8f5f 	dmb	sy
20000186:	2200      	movs	r2, #0
20000188:	601a      	str	r2, [r3, #0]
2000018a:	f381 8810 	msr	PRIMASK, r1
2000018e:	0030      	movs	r0, r6
20000190:	0039      	movs	r1, r7
20000192:	f000 f929 	bl	200003e8 <__best_effort_wfe_or_timeout_veneer>
20000196:	2800      	cmp	r0, #0
20000198:	d0e5      	beq.n	20000166 <mutex_enter_block_until+0x16>
2000019a:	2000      	movs	r0, #0
2000019c:	e00e      	b.n	200001bc <mutex_enter_block_until+0x6c>
2000019e:	4b08      	ldr	r3, [pc, #32]	; (200001c0 <mutex_enter_block_until+0x70>)
200001a0:	4a08      	ldr	r2, [pc, #32]	; (200001c4 <mutex_enter_block_until+0x74>)
200001a2:	217a      	movs	r1, #122	; 0x7a
200001a4:	4808      	ldr	r0, [pc, #32]	; (200001c8 <mutex_enter_block_until+0x78>)
200001a6:	f000 f927 	bl	200003f8 <____assert_func_veneer>
200001aa:	7125      	strb	r5, [r4, #4]
200001ac:	6823      	ldr	r3, [r4, #0]
200001ae:	f3bf 8f5f 	dmb	sy
200001b2:	2200      	movs	r2, #0
200001b4:	601a      	str	r2, [r3, #0]
200001b6:	f381 8810 	msr	PRIMASK, r1
200001ba:	2001      	movs	r0, #1
200001bc:	bdf8      	pop	{r3, r4, r5, r6, r7, pc}
200001be:	46c0      	nop			; (mov r8, r8)
200001c0:	100078e8 	.word	0x100078e8
200001c4:	10007880 	.word	0x10007880
200001c8:	100078ac 	.word	0x100078ac

200001cc <mutex_enter_timeout_ms>:
200001cc:	b5f0      	push	{r4, r5, r6, r7, lr}
200001ce:	b083      	sub	sp, #12
200001d0:	9000      	str	r0, [sp, #0]
200001d2:	9101      	str	r1, [sp, #4]
200001d4:	f000 f900 	bl	200003d8 <__time_us_64_veneer>
200001d8:	0004      	movs	r4, r0
200001da:	1e0d      	subs	r5, r1, #0
200001dc:	db19      	blt.n	20000212 <mutex_enter_timeout_ms+0x46>
200001de:	22fa      	movs	r2, #250	; 0xfa
200001e0:	0092      	lsls	r2, r2, #2
200001e2:	2300      	movs	r3, #0
200001e4:	9801      	ldr	r0, [sp, #4]
200001e6:	2100      	movs	r1, #0
200001e8:	f000 f8ee 	bl	200003c8 <____wrap___aeabi_lmul_veneer>
200001ec:	0022      	movs	r2, r4
200001ee:	002b      	movs	r3, r5
200001f0:	1812      	adds	r2, r2, r0
200001f2:	414b      	adcs	r3, r1
200001f4:	429d      	cmp	r5, r3
200001f6:	d802      	bhi.n	200001fe <mutex_enter_timeout_ms+0x32>
200001f8:	d104      	bne.n	20000204 <mutex_enter_timeout_ms+0x38>
200001fa:	4294      	cmp	r4, r2
200001fc:	d902      	bls.n	20000204 <mutex_enter_timeout_ms+0x38>
200001fe:	2201      	movs	r2, #1
20000200:	4252      	negs	r2, r2
20000202:	17d3      	asrs	r3, r2, #31
20000204:	2b00      	cmp	r3, #0
20000206:	db0a      	blt.n	2000021e <mutex_enter_timeout_ms+0x52>
20000208:	9800      	ldr	r0, [sp, #0]
2000020a:	f7ff ffa1 	bl	20000150 <mutex_enter_block_until>
2000020e:	b003      	add	sp, #12
20000210:	bdf0      	pop	{r4, r5, r6, r7, pc}
20000212:	4b06      	ldr	r3, [pc, #24]	; (2000022c <mutex_enter_timeout_ms+0x60>)
20000214:	4a06      	ldr	r2, [pc, #24]	; (20000230 <mutex_enter_timeout_ms+0x64>)
20000216:	213f      	movs	r1, #63	; 0x3f
20000218:	4806      	ldr	r0, [pc, #24]	; (20000234 <mutex_enter_timeout_ms+0x68>)
2000021a:	f000 f8ed 	bl	200003f8 <____assert_func_veneer>
2000021e:	4b03      	ldr	r3, [pc, #12]	; (2000022c <mutex_enter_timeout_ms+0x60>)
20000220:	4a03      	ldr	r2, [pc, #12]	; (20000230 <mutex_enter_timeout_ms+0x64>)
20000222:	213f      	movs	r1, #63	; 0x3f
20000224:	4803      	ldr	r0, [pc, #12]	; (20000234 <mutex_enter_timeout_ms+0x68>)
20000226:	f000 f8e7 	bl	200003f8 <____assert_func_veneer>
2000022a:	46c0      	nop			; (mov r8, r8)
2000022c:	10007478 	.word	0x10007478
20000230:	10007868 	.word	0x10007868
20000234:	10007494 	.word	0x10007494

20000238 <mutex_exit>:
20000238:	b510      	push	{r4, lr}
2000023a:	6802      	ldr	r2, [r0, #0]
2000023c:	f3ef 8110 	mrs	r1, PRIMASK
20000240:	b672      	cpsid	i
20000242:	6813      	ldr	r3, [r2, #0]
20000244:	2b00      	cmp	r3, #0
20000246:	d0fc      	beq.n	20000242 <mutex_exit+0xa>
20000248:	f3bf 8f5f 	dmb	sy
2000024c:	2304      	movs	r3, #4
2000024e:	56c3      	ldrsb	r3, [r0, r3]
20000250:	2b00      	cmp	r3, #0
20000252:	db0a      	blt.n	2000026a <mutex_exit+0x32>
20000254:	23ff      	movs	r3, #255	; 0xff
20000256:	7103      	strb	r3, [r0, #4]
20000258:	6803      	ldr	r3, [r0, #0]
2000025a:	f3bf 8f5f 	dmb	sy
2000025e:	2200      	movs	r2, #0
20000260:	601a      	str	r2, [r3, #0]
20000262:	f381 8810 	msr	PRIMASK, r1
20000266:	bf40      	sev
20000268:	bd10      	pop	{r4, pc}
2000026a:	4b03      	ldr	r3, [pc, #12]	; (20000278 <mutex_exit+0x40>)
2000026c:	4a03      	ldr	r2, [pc, #12]	; (2000027c <mutex_exit+0x44>)
2000026e:	21a9      	movs	r1, #169	; 0xa9
20000270:	4803      	ldr	r0, [pc, #12]	; (20000280 <mutex_exit+0x48>)
20000272:	f000 f8c1 	bl	200003f8 <____assert_func_veneer>
20000276:	46c0      	nop			; (mov r8, r8)
20000278:	100078fc 	.word	0x100078fc
2000027c:	10007898 	.word	0x10007898
20000280:	100078ac 	.word	0x100078ac

20000284 <flash_init_boot2_copyout>:
20000284:	4b09      	ldr	r3, [pc, #36]	; (200002ac <flash_init_boot2_copyout+0x28>)
20000286:	781b      	ldrb	r3, [r3, #0]
20000288:	2b00      	cmp	r3, #0
2000028a:	d10d      	bne.n	200002a8 <flash_init_boot2_copyout+0x24>
2000028c:	2b3f      	cmp	r3, #63	; 0x3f
2000028e:	dc08      	bgt.n	200002a2 <flash_init_boot2_copyout+0x1e>
20000290:	009a      	lsls	r2, r3, #2
20000292:	2180      	movs	r1, #128	; 0x80
20000294:	0549      	lsls	r1, r1, #21
20000296:	1851      	adds	r1, r2, r1
20000298:	6808      	ldr	r0, [r1, #0]
2000029a:	4905      	ldr	r1, [pc, #20]	; (200002b0 <flash_init_boot2_copyout+0x2c>)
2000029c:	5050      	str	r0, [r2, r1]
2000029e:	3301      	adds	r3, #1
200002a0:	e7f4      	b.n	2000028c <flash_init_boot2_copyout+0x8>
200002a2:	4b02      	ldr	r3, [pc, #8]	; (200002ac <flash_init_boot2_copyout+0x28>)
200002a4:	2201      	movs	r2, #1
200002a6:	701a      	strb	r2, [r3, #0]
200002a8:	4770      	bx	lr
200002aa:	46c0      	nop			; (mov r8, r8)
200002ac:	20000fdc 	.word	0x20000fdc
200002b0:	200009e8 	.word	0x200009e8

200002b4 <flash_enable_xip_via_boot2>:
200002b4:	b510      	push	{r4, lr}
200002b6:	4b02      	ldr	r3, [pc, #8]	; (200002c0 <flash_enable_xip_via_boot2+0xc>)
200002b8:	3301      	adds	r3, #1
200002ba:	4798      	blx	r3
200002bc:	bd10      	pop	{r4, pc}
200002be:	46c0      	nop			; (mov r8, r8)
200002c0:	200009e8 	.word	0x200009e8

200002c4 <flash_cs_force>:
200002c4:	2800      	cmp	r0, #0
200002c6:	d00a      	beq.n	200002de <flash_cs_force+0x1a>
200002c8:	2303      	movs	r3, #3
200002ca:	021b      	lsls	r3, r3, #8
200002cc:	4a05      	ldr	r2, [pc, #20]	; (200002e4 <flash_cs_force+0x20>)
200002ce:	6812      	ldr	r2, [r2, #0]
200002d0:	4053      	eors	r3, r2
200002d2:	22c0      	movs	r2, #192	; 0xc0
200002d4:	0092      	lsls	r2, r2, #2
200002d6:	4013      	ands	r3, r2
200002d8:	4a03      	ldr	r2, [pc, #12]	; (200002e8 <flash_cs_force+0x24>)
200002da:	6013      	str	r3, [r2, #0]
200002dc:	4770      	bx	lr
200002de:	2302      	movs	r3, #2
200002e0:	e7f3      	b.n	200002ca <flash_cs_force+0x6>
200002e2:	46c0      	nop			; (mov r8, r8)
200002e4:	4001800c 	.word	0x4001800c
200002e8:	4001900c 	.word	0x4001900c

200002ec <flash_do_cmd>:
200002ec:	b5f0      	push	{r4, r5, r6, r7, lr}
200002ee:	46d6      	mov	lr, sl
200002f0:	464f      	mov	r7, r9
200002f2:	4646      	mov	r6, r8
200002f4:	b5c0      	push	{r6, r7, lr}
200002f6:	0006      	movs	r6, r0
200002f8:	000d      	movs	r5, r1
200002fa:	0014      	movs	r4, r2
200002fc:	2318      	movs	r3, #24
200002fe:	4698      	mov	r8, r3
20000300:	881b      	ldrh	r3, [r3, #0]
20000302:	2714      	movs	r7, #20
20000304:	8838      	ldrh	r0, [r7, #0]
20000306:	4928      	ldr	r1, [pc, #160]	; (200003a8 <flash_do_cmd+0xbc>)
20000308:	4798      	blx	r3
2000030a:	4682      	mov	sl, r0
2000030c:	4643      	mov	r3, r8
2000030e:	881b      	ldrh	r3, [r3, #0]
20000310:	8838      	ldrh	r0, [r7, #0]
20000312:	4926      	ldr	r1, [pc, #152]	; (200003ac <flash_do_cmd+0xc0>)
20000314:	4798      	blx	r3
20000316:	4681      	mov	r9, r0
20000318:	4643      	mov	r3, r8
2000031a:	881b      	ldrh	r3, [r3, #0]
2000031c:	8838      	ldrh	r0, [r7, #0]
2000031e:	4924      	ldr	r1, [pc, #144]	; (200003b0 <flash_do_cmd+0xc4>)
20000320:	4798      	blx	r3
20000322:	0007      	movs	r7, r0
20000324:	4653      	mov	r3, sl
20000326:	2b00      	cmp	r3, #0
20000328:	d00d      	beq.n	20000346 <flash_do_cmd+0x5a>
2000032a:	464b      	mov	r3, r9
2000032c:	2b00      	cmp	r3, #0
2000032e:	d00a      	beq.n	20000346 <flash_do_cmd+0x5a>
20000330:	2800      	cmp	r0, #0
20000332:	d008      	beq.n	20000346 <flash_do_cmd+0x5a>
20000334:	f7ff ffa6 	bl	20000284 <flash_init_boot2_copyout>
20000338:	47d0      	blx	sl
2000033a:	47c8      	blx	r9
2000033c:	2000      	movs	r0, #0
2000033e:	f7ff ffc1 	bl	200002c4 <flash_cs_force>
20000342:	0021      	movs	r1, r4
20000344:	e00f      	b.n	20000366 <flash_do_cmd+0x7a>
20000346:	4b1b      	ldr	r3, [pc, #108]	; (200003b4 <flash_do_cmd+0xc8>)
20000348:	4a1b      	ldr	r2, [pc, #108]	; (200003b8 <flash_do_cmd+0xcc>)
2000034a:	2180      	movs	r1, #128	; 0x80
2000034c:	481b      	ldr	r0, [pc, #108]	; (200003bc <flash_do_cmd+0xd0>)
2000034e:	f000 f853 	bl	200003f8 <____assert_func_veneer>
20000352:	2b00      	cmp	r3, #0
20000354:	d007      	beq.n	20000366 <flash_do_cmd+0x7a>
20000356:	2900      	cmp	r1, #0
20000358:	d005      	beq.n	20000366 <flash_do_cmd+0x7a>
2000035a:	23c0      	movs	r3, #192	; 0xc0
2000035c:	055b      	lsls	r3, r3, #21
2000035e:	6e1b      	ldr	r3, [r3, #96]	; 0x60
20000360:	702b      	strb	r3, [r5, #0]
20000362:	3901      	subs	r1, #1
20000364:	3501      	adds	r5, #1
20000366:	0023      	movs	r3, r4
20000368:	430b      	orrs	r3, r1
2000036a:	d012      	beq.n	20000392 <flash_do_cmd+0xa6>
2000036c:	23c0      	movs	r3, #192	; 0xc0
2000036e:	055b      	lsls	r3, r3, #21
20000370:	6a9a      	ldr	r2, [r3, #40]	; 0x28
20000372:	2308      	movs	r3, #8
20000374:	4013      	ands	r3, r2
20000376:	0792      	lsls	r2, r2, #30
20000378:	d5eb      	bpl.n	20000352 <flash_do_cmd+0x66>
2000037a:	2c00      	cmp	r4, #0
2000037c:	d0e9      	beq.n	20000352 <flash_do_cmd+0x66>
2000037e:	1b0a      	subs	r2, r1, r4
20000380:	2a0d      	cmp	r2, #13
20000382:	d8e6      	bhi.n	20000352 <flash_do_cmd+0x66>
20000384:	7830      	ldrb	r0, [r6, #0]
20000386:	22c0      	movs	r2, #192	; 0xc0
20000388:	0552      	lsls	r2, r2, #21
2000038a:	6610      	str	r0, [r2, #96]	; 0x60
2000038c:	3c01      	subs	r4, #1
2000038e:	3601      	adds	r6, #1
20000390:	e7df      	b.n	20000352 <flash_do_cmd+0x66>
20000392:	2001      	movs	r0, #1
20000394:	f7ff ff96 	bl	200002c4 <flash_cs_force>
20000398:	47b8      	blx	r7
2000039a:	f7ff ff8b 	bl	200002b4 <flash_enable_xip_via_boot2>
2000039e:	bc1c      	pop	{r2, r3, r4}
200003a0:	4690      	mov	r8, r2
200003a2:	4699      	mov	r9, r3
200003a4:	46a2      	mov	sl, r4
200003a6:	bdf0      	pop	{r4, r5, r6, r7, pc}
200003a8:	00004649 	.word	0x00004649
200003ac:	00005845 	.word	0x00005845
200003b0:	00004346 	.word	0x00004346
200003b4:	10008704 	.word	0x10008704
200003b8:	100085d8 	.word	0x100085d8
200003bc:	10008614 	.word	0x10008614

200003c0 <__aeabi_idiv0>:
200003c0:	4770      	bx	lr
200003c2:	46c0      	nop			; (mov r8, r8)
200003c4:	0000      	movs	r0, r0
	...

200003c8 <____wrap___aeabi_lmul_veneer>:
200003c8:	b401      	push	{r0}
200003ca:	4802      	ldr	r0, [pc, #8]	; (200003d4 <____wrap___aeabi_lmul_veneer+0xc>)
200003cc:	4684      	mov	ip, r0
200003ce:	bc01      	pop	{r0}
200003d0:	4760      	bx	ip
200003d2:	bf00      	nop
200003d4:	10003fb9 	.word	0x10003fb9

200003d8 <__time_us_64_veneer>:
200003d8:	b401      	push	{r0}
200003da:	4802      	ldr	r0, [pc, #8]	; (200003e4 <__time_us_64_veneer+0xc>)
200003dc:	4684      	mov	ip, r0
200003de:	bc01      	pop	{r0}
200003e0:	4760      	bx	ip
200003e2:	bf00      	nop
200003e4:	10001585 	.word	0x10001585

200003e8 <__best_effort_wfe_or_timeout_veneer>:
200003e8:	b401      	push	{r0}
200003ea:	4802      	ldr	r0, [pc, #8]	; (200003f4 <__best_effort_wfe_or_timeout_veneer+0xc>)
200003ec:	4684      	mov	ip, r0
200003ee:	bc01      	pop	{r0}
200003f0:	4760      	bx	ip
200003f2:	bf00      	nop
200003f4:	10001461 	.word	0x10001461

200003f8 <____assert_func_veneer>:
200003f8:	b401      	push	{r0}
200003fa:	4802      	ldr	r0, [pc, #8]	; (20000404 <____assert_func_veneer+0xc>)
200003fc:	4684      	mov	ip, r0
200003fe:	bc01      	pop	{r0}
20000400:	4760      	bx	ip
20000402:	bf00      	nop
20000404:	10001be5 	.word	0x10001be5
	...

20000410 <helloworld>:
20000410:	6c6c6548 	.word	0x6c6c6548
20000414:	6f57206f 	.word	0x6f57206f
20000418:	20646c72 	.word	0x20646c72
2000041c:	000a6425 	.word	0x000a6425

20000420 <striped_spin_lock_num>:
20000420:	00000010                                ....

20000424 <irq_handler_chain_slots>:
20000424:	00000000 	.word	0x00000000
20000428:	00010000 	.word	0x00010000
	...
20000434:	00020000 	.word	0x00020000
	...
20000440:	00030000 	.word	0x00030000
	...
2000044c:	00ff0000 	.word	0x00ff0000
20000450:	00000000 	.word	0x00000000

20000454 <irq_handler_chain_first_slot>:
20000454:	b500      	push	{lr}
20000456:	6848      	ldr	r0, [r1, #4]
20000458:	3101      	adds	r1, #1
2000045a:	468e      	mov	lr, r1
2000045c:	4700      	bx	r0

2000045e <irq_handler_chain_remove_tail>:
2000045e:	4670      	mov	r0, lr
20000460:	3809      	subs	r0, #9
20000462:	4901      	ldr	r1, [pc, #4]	; (20000468 <irq_handler_chain_remove_tail+0xa>)
20000464:	4788      	blx	r1
20000466:	bd00      	pop	{pc}
20000468:	100009f9 	.word	0x100009f9

2000046c <default_alarm_pool>:
2000046c:	20000484 00000000 20000520 20000b14     ... .... .. ... 
	...

20000484 <default_alarm_pool_heap>:
20000484:	20000b24 00000000 00000000 00000010     $.. ............
	...

200004a0 <aeabi_bits_funcs>:
200004a0:	00003350 	.word	0x00003350
200004a4:	0000334c 	.word	0x0000334c
200004a8:	00003354 	.word	0x00003354
200004ac:	00003352 	.word	0x00003352

200004b0 <aeabi_bits_funcs_end>:
200004b0:	0000534d 	.word	0x0000534d
200004b4:	0000434d 	.word	0x0000434d
200004b8:	00003453 	.word	0x00003453
200004bc:	00003443 	.word	0x00003443

200004c0 <stdio_usb>:
200004c0:	10004561 00000000 100044d1 00000000     aE.......D......
200004d0:	00000100                                ....

200004d4 <ep_dir_string>:
200004d4:	100082f8 100082fc                       ........

200004dc <_usbd_qdef>:
200004dc:	200011e4 000c0010 ffe00000 0000001f     ... ............
	...

20000500 <print_mutex>:
	...

20000508 <__mutex_array_end>:
20000508:	1000411d 	.word	0x1000411d
2000050c:	10003279 	.word	0x10003279
20000510:	10003989 	.word	0x10003989
20000514:	10003fed 	.word	0x10003fed

20000518 <__frame_dummy_init_array_entry>:
20000518:	10000339 10006f19                       9....o..
